<Modules>
  <Module PersistentId="6BC2533D-E194-4FEE-A911-0BA992587F43" ModuleId="SimpleConcurrency" />
  <Module PersistentId="158DA7D3-BEA9-415F-8C79-AE7A94A5E3A8" ModuleId="PreservingOrder" />
  <Module PersistentId="60183FA5-B589-4E8A-BF7C-356CA010D066" ModuleId="BackgroundForegroundThreads" />
  <Module PersistentId="14504E1E-32CF-4932-B55D-CEC662335DC9" ModuleId="LifeTime" />
  <Module PersistentId="65CBACD3-ED90-4FBA-86AB-723F5314FCF0" ModuleId="ScheduleObserve" />
  <Module PersistentId="80B9D6AC-1C30-45AB-A5C5-0C297F3255D1" ModuleId="Synchronization" />
  <Module PersistentId="8F5860E9-BAF7-4DAD-9815-E8F58B920396" ModuleId="UsingDefer" />
  <Module PersistentId="6DF99B3F-1D71-4C5F-BB3D-66A45B49B0F6" ModuleId="ImmediateVsCurrentThread" />
  <Module PersistentId="d:Miscellaneous Files" ModuleId="mscorlib" />
  <Module PersistentId="0C4BEB1E-03A9-46BD-93A9-B4FDE4F96DCB" ModuleId="UsingSynchronize" />
  <Module PersistentId="C3BC29BA-C884-4F75-840F-34E698033C03" ModuleId="SingleThread" />
  <Module PersistentId="020161AD-532A-4F1C-ABB1-E87B0C38CD65" ModuleId="DispatchScheduler_1" />
  <Module PersistentId="7B33F35A-918D-4996-9801-5A63FEC81239" ModuleId="UsingUsing" />
  <Module PersistentId="D9093B1D-396B-475A-A686-81B0F5832CF6" ModuleId="TerminatingSubscription" />
  <Module PersistentId="B5756C26-221B-4A56-A11C-51E3B25A52D1" ModuleId="DisposingFile" />
</Modules>