<?xml version="1.0" encoding="utf-8"?>
<BindingInfo xmlns:xsi="http://www.w3.org/2001/XMLSchema-instance" xmlns:xsd="http://www.w3.org/2001/XMLSchema" Assembly="Microsoft.BizTalk.Deployment, Version=3.0.1.0, Culture=neutral, PublicKeyToken=31bf3856ad364e35" Version="3.5.1.0" BindingStatus="FullyBound" BoundEndpoints="5" TotalEndpoints="5">
  <Timestamp>2008-01-30T08:01:03.4469623-06:00</Timestamp>
  <ModuleRefCollection>
    <ModuleRef Name="[Application:DynamicOrchestration]" Version="" Culture="" PublicKeyToken="" FullName="[Application:DynamicOrchestration], Version=, Culture=, PublicKeyToken=">
      <Services />
      <TrackedSchemas>
        <Schema FullName="Schemas.PurchasingProperties" AssemblyQualifiedName="Schemas.PurchasingProperties,Schemas, Version=1.0.0.0, Culture=neutral, PublicKeyToken=e631e61c0db740ff" AlwaysTrackAllProperties="false" Description="">
          <TrackedPropertyNames />
        </Schema>
        <Schema FullName="Schemas.ShippingAdvice" RootName="Shipping" AssemblyQualifiedName="Schemas.ShippingAdvice,Schemas, Version=1.0.0.0, Culture=neutral, PublicKeyToken=e631e61c0db740ff" AlwaysTrackAllProperties="false" Description="">
          <TrackedPropertyNames />
        </Schema>
        <Schema FullName="Schemas.Invoice" RootName="Invoice" AssemblyQualifiedName="Schemas.Invoice,Schemas, Version=1.0.0.0, Culture=neutral, PublicKeyToken=e631e61c0db740ff" AlwaysTrackAllProperties="false" Description="">
          <TrackedPropertyNames />
        </Schema>
        <Schema FullName="Schemas.PurchaseOrder" RootName="PO" AssemblyQualifiedName="Schemas.PurchaseOrder,Schemas, Version=1.0.0.0, Culture=neutral, PublicKeyToken=e631e61c0db740ff" AlwaysTrackAllProperties="false" Description="">
          <TrackedPropertyNames />
        </Schema>
      </TrackedSchemas>
    </ModuleRef>
    <ModuleRef Name="Schemas" Version="1.0.0.0" Culture="neutral" PublicKeyToken="e631e61c0db740ff" FullName="Schemas, Version=1.0.0.0, Culture=neutral, PublicKeyToken=e631e61c0db740ff">
      <Services />
      <TrackedSchemas />
    </ModuleRef>
    <ModuleRef Name="Maps" Version="1.0.0.0" Culture="neutral" PublicKeyToken="e631e61c0db740ff" FullName="Maps, Version=1.0.0.0, Culture=neutral, PublicKeyToken=e631e61c0db740ff">
      <Services />
      <TrackedSchemas />
    </ModuleRef>
    <ModuleRef Name="DynamicOrchestrationMessaging" Version="1.0.0.0" Culture="neutral" PublicKeyToken="e631e61c0db740ff" FullName="DynamicOrchestrationMessaging, Version=1.0.0.0, Culture=neutral, PublicKeyToken=e631e61c0db740ff">
      <Services>
        <Service Name="DynamicOrchestrationMessaging.Orchestration1" State="Started" TrackingOption="ServiceStartEnd MessageSendReceive OrchestrationEvents" Description="">
          <Ports>
            <Port Name="POReceivePort" Modifier="2" BindingOption="1">
              <SendPortRef xsi:nil="true" />
              <DistributionListRef xsi:nil="true" />
              <ReceivePortRef Name="DynamicOrchestrationMessagingReceivePort" />
            </Port>
            <Port Name="FirstDynamicPort" Modifier="1" BindingOption="4">
              <SendPortRef Name="DynamicOrchestrationMessaging_1.0.0.0_DynamicOrchestrationMessaging.Orchestration1_FirstDynamicPort_e631e61c0db740ff" />
              <DistributionListRef xsi:nil="true" />
              <ReceivePortRef xsi:nil="true" />
            </Port>
          </Ports>
          <Roles>
            <Role Name="Provider" RoleLinkTypeName="DynamicOrchestrationMessaging.ReceiverRoleLinkType" RoleType="Uses">
              <EnlistedParties>
                <EnlistedParty Name="Microsoft">
                  <Mappings>
                    <Mapping PortTypeName="DynamicOrchestrationMessaging.RoleLinkPortType" OperationName="Operation_1">
                      <SendPortRef Name="MicrosoftSendPort" />
                    </Mapping>
                  </Mappings>
                </EnlistedParty>
              </EnlistedParties>
            </Role>
          </Roles>
          <Host Name="BizTalkServerApplication" NTGroupName="BizTalk Application Users" Type="1" Trusted="false" />
        </Service>
      </Services>
      <TrackedSchemas />
    </ModuleRef>
    <ModuleRef Name="Orchestrations" Version="1.0.0.0" Culture="neutral" PublicKeyToken="e631e61c0db740ff" FullName="Orchestrations, Version=1.0.0.0, Culture=neutral, PublicKeyToken=e631e61c0db740ff">
      <Services>
        <Service Name="Orchestrations.FirstOrchestration" State="Started" TrackingOption="ServiceStartEnd MessageSendReceive OrchestrationEvents" Description="">
          <Ports>
            <Port Name="InitiatePort" Modifier="2" BindingOption="1">
              <SendPortRef xsi:nil="true" />
              <DistributionListRef xsi:nil="true" />
              <ReceivePortRef Name="OrchDirectReceive" />
            </Port>
            <Port Name="ReportPort" Modifier="1" BindingOption="1">
              <SendPortRef Name="OrchDirectSendPort" />
              <DistributionListRef xsi:nil="true" />
              <ReceivePortRef xsi:nil="true" />
            </Port>
          </Ports>
          <Roles />
          <Host Name="BizTalkServerApplication" NTGroupName="BizTalk Application Users" Type="1" Trusted="false" />
        </Service>
        <Service Name="Orchestrations.SecondOrchestration" State="Started" TrackingOption="ServiceStartEnd MessageSendReceive OrchestrationEvents" Description="">
          <Ports />
          <Roles />
          <Host Name="BizTalkServerApplication" NTGroupName="BizTalk Application Users" Type="1" Trusted="false" />
        </Service>
        <Service Name="Orchestrations.ThirdOrchestration" State="Started" TrackingOption="ServiceStartEnd MessageSendReceive OrchestrationEvents" Description="">
          <Ports>
            <Port Name="POReportPort" Modifier="1" BindingOption="1">
              <SendPortRef Name="OrchDirectSendPort" />
              <DistributionListRef xsi:nil="true" />
              <ReceivePortRef xsi:nil="true" />
            </Port>
          </Ports>
          <Roles />
          <Host Name="BizTalkServerApplication" NTGroupName="BizTalk Application Users" Type="1" Trusted="false" />
        </Service>
      </Services>
      <TrackedSchemas />
    </ModuleRef>
  </ModuleRefCollection>
  <SendPortCollection>
    <SendPort Name="DynamicOrchestrationMessaging_1.0.0.0_DynamicOrchestrationMessaging.Orchestration1_FirstDynamicPort_e631e61c0db740ff" IsStatic="false" IsTwoWay="false" BindingOption="4">
      <Description xsi:nil="true" />
      <TransmitPipeline Name="Microsoft.BizTalk.DefaultPipelines.XMLTransmit" FullyQualifiedName="Microsoft.BizTalk.DefaultPipelines.XMLTransmit, Microsoft.BizTalk.DefaultPipelines, Version=3.0.1.0, Culture=neutral, PublicKeyToken=31bf3856ad364e35" Type="2" TrackingOption="ServiceStartEnd MessageSendReceive PipelineEvents" Description="" />
      <ReceivePipelineData xsi:nil="true" />
      <Tracking>0</Tracking>
      <Filter />
      <Transforms />
      <OrderedDelivery>false</OrderedDelivery>
      <Priority>5</Priority>
      <StopSendingOnFailure>false</StopSendingOnFailure>
      <RouteFailedMessage>false</RouteFailedMessage>
      <ApplicationName>DynamicOrchestration</ApplicationName>
    </SendPort>
    <SendPort Name="OrchDirectSendPort" IsStatic="true" IsTwoWay="false" BindingOption="1">
      <Description xsi:nil="true" />
      <TransmitPipeline Name="Microsoft.BizTalk.DefaultPipelines.PassThruTransmit" FullyQualifiedName="Microsoft.BizTalk.DefaultPipelines.PassThruTransmit, Microsoft.BizTalk.DefaultPipelines, Version=3.0.1.0, Culture=neutral, PublicKeyToken=31bf3856ad364e35" Type="2" TrackingOption="ServiceStartEnd MessageSendReceive PipelineEvents" Description="" />
      <PrimaryTransport>
        <Address>c:\demos\output\OrchBinding\%MessageID%.txt</Address>
        <TransportType Name="FILE" Capabilities="11" ConfigurationClsid="5e49e3a6-b4fc-4077-b44c-22f34a242fdb" />
        <TransportTypeData>&lt;CustomProps&gt;&lt;UseTempFileOnWrite vt="11"&gt;0&lt;/UseTempFileOnWrite&gt;&lt;CopyMode vt="19"&gt;1&lt;/CopyMode&gt;&lt;FileName vt="8"&gt;%MessageID%.txt&lt;/FileName&gt;&lt;AllowCacheOnWrite vt="11"&gt;0&lt;/AllowCacheOnWrite&gt;&lt;/CustomProps&gt;</TransportTypeData>
        <RetryCount>3</RetryCount>
        <RetryInterval>5</RetryInterval>
        <ServiceWindowEnabled>false</ServiceWindowEnabled>
        <FromTime>2000-01-01T21:00:00</FromTime>
        <ToTime>2000-01-01T20:59:59</ToTime>
        <Primary>true</Primary>
        <OrderedDelivery>false</OrderedDelivery>
        <DeliveryNotification>1</DeliveryNotification>
        <SendHandler Name="BizTalkServerApplication" HostTrusted="false">
          <TransportType Name="FILE" Capabilities="11" ConfigurationClsid="5e49e3a6-b4fc-4077-b44c-22f34a242fdb" />
        </SendHandler>
      </PrimaryTransport>
      <SecondaryTransport>
        <Address />
        <RetryCount>3</RetryCount>
        <RetryInterval>5</RetryInterval>
        <ServiceWindowEnabled>false</ServiceWindowEnabled>
        <FromTime>2000-01-01T21:00:00</FromTime>
        <ToTime>2000-01-01T20:59:59</ToTime>
        <Primary>false</Primary>
        <OrderedDelivery>false</OrderedDelivery>
        <DeliveryNotification>1</DeliveryNotification>
        <SendHandler xsi:nil="true" />
      </SecondaryTransport>
      <ReceivePipelineData xsi:nil="true" />
      <Tracking>0</Tracking>
      <Filter />
      <Transforms />
      <OrderedDelivery>false</OrderedDelivery>
      <Priority>5</Priority>
      <StopSendingOnFailure>false</StopSendingOnFailure>
      <RouteFailedMessage>false</RouteFailedMessage>
      <ApplicationName>DynamicOrchestration</ApplicationName>
    </SendPort>
    <SendPort Name="MicrosoftSendPort" IsStatic="true" IsTwoWay="false" BindingOption="0">
      <Description xsi:nil="true" />
      <TransmitPipeline Name="Microsoft.BizTalk.DefaultPipelines.PassThruTransmit" FullyQualifiedName="Microsoft.BizTalk.DefaultPipelines.PassThruTransmit, Microsoft.BizTalk.DefaultPipelines, Version=3.0.1.0, Culture=neutral, PublicKeyToken=31bf3856ad364e35" Type="2" TrackingOption="ServiceStartEnd MessageSendReceive PipelineEvents" Description="" />
      <PrimaryTransport>
        <Address>c:\demos\output\orchbinding_dynamic\microsoft\%MessageID%.xml</Address>
        <TransportType Name="FILE" Capabilities="11" ConfigurationClsid="5e49e3a6-b4fc-4077-b44c-22f34a242fdb" />
        <TransportTypeData>&lt;CustomProps&gt;&lt;UseTempFileOnWrite vt="11"&gt;0&lt;/UseTempFileOnWrite&gt;&lt;CopyMode vt="19"&gt;1&lt;/CopyMode&gt;&lt;FileName vt="8"&gt;%MessageID%.xml&lt;/FileName&gt;&lt;AllowCacheOnWrite vt="11"&gt;0&lt;/AllowCacheOnWrite&gt;&lt;/CustomProps&gt;</TransportTypeData>
        <RetryCount>3</RetryCount>
        <RetryInterval>5</RetryInterval>
        <ServiceWindowEnabled>false</ServiceWindowEnabled>
        <FromTime>2000-01-01T22:00:00</FromTime>
        <ToTime>2000-01-01T21:59:59</ToTime>
        <Primary>true</Primary>
        <OrderedDelivery>false</OrderedDelivery>
        <DeliveryNotification>1</DeliveryNotification>
        <SendHandler Name="BizTalkServerApplication" HostTrusted="false">
          <TransportType Name="FILE" Capabilities="11" ConfigurationClsid="5e49e3a6-b4fc-4077-b44c-22f34a242fdb" />
        </SendHandler>
      </PrimaryTransport>
      <SecondaryTransport>
        <Address />
        <RetryCount>3</RetryCount>
        <RetryInterval>5</RetryInterval>
        <ServiceWindowEnabled>false</ServiceWindowEnabled>
        <FromTime>2000-01-01T22:00:00</FromTime>
        <ToTime>2000-01-01T21:59:59</ToTime>
        <Primary>false</Primary>
        <OrderedDelivery>false</OrderedDelivery>
        <DeliveryNotification>1</DeliveryNotification>
        <SendHandler xsi:nil="true" />
      </SecondaryTransport>
      <ReceivePipelineData xsi:nil="true" />
      <Tracking>0</Tracking>
      <Filter />
      <Transforms />
      <OrderedDelivery>false</OrderedDelivery>
      <Priority>5</Priority>
      <StopSendingOnFailure>false</StopSendingOnFailure>
      <RouteFailedMessage>false</RouteFailedMessage>
      <ApplicationName>DynamicOrchestration</ApplicationName>
    </SendPort>
  </SendPortCollection>
  <DistributionListCollection />
  <ReceivePortCollection>
    <ReceivePort Name="DynamicOrchestrationMessagingReceivePort" IsTwoWay="false" BindingOption="1">
      <Description xsi:nil="true" />
      <ReceiveLocations>
        <ReceiveLocation Name="DynamicOrchestrationMessagingReceiveLocation">
          <Description xsi:nil="true" />
          <Address>c:\demos\input\orchbinding_dynamic\*.xml</Address>
          <PublicAddress />
          <Primary>true</Primary>
          <ReceiveLocationServiceWindowEnabled>false</ReceiveLocationServiceWindowEnabled>
          <ReceiveLocationFromTime>2000-01-01T00:00:00</ReceiveLocationFromTime>
          <ReceiveLocationToTime>2000-01-01T23:59:59</ReceiveLocationToTime>
          <ReceiveLocationStartDateEnabled>false</ReceiveLocationStartDateEnabled>
          <ReceiveLocationStartDate>2000-01-01T00:00:00</ReceiveLocationStartDate>
          <ReceiveLocationEndDateEnabled>false</ReceiveLocationEndDateEnabled>
          <ReceiveLocationEndDate>2000-01-01T23:59:59</ReceiveLocationEndDate>
          <ReceiveLocationTransportType Name="FILE" Capabilities="11" ConfigurationClsid="5e49e3a6-b4fc-4077-b44c-22f34a242fdb" />
          <ReceiveLocationTransportTypeData>&lt;CustomProps&gt;&lt;RemoveReceivedFileRetryCount vt="19"&gt;5&lt;/RemoveReceivedFileRetryCount&gt;&lt;RemoveReceivedFileMaxInterval vt="19"&gt;300000&lt;/RemoveReceivedFileMaxInterval&gt;&lt;FileMask vt="8"&gt;*.xml&lt;/FileMask&gt;&lt;BatchSizeInBytes vt="19"&gt;102400&lt;/BatchSizeInBytes&gt;&lt;PollingInterval vt="19"&gt;60000&lt;/PollingInterval&gt;&lt;BatchSize vt="19"&gt;20&lt;/BatchSize&gt;&lt;FileNetFailRetryInt vt="19"&gt;5&lt;/FileNetFailRetryInt&gt;&lt;RemoveReceivedFileDelay vt="19"&gt;10&lt;/RemoveReceivedFileDelay&gt;&lt;RenameReceivedFiles vt="11"&gt;0&lt;/RenameReceivedFiles&gt;&lt;FileNetFailRetryCount vt="19"&gt;5&lt;/FileNetFailRetryCount&gt;&lt;/CustomProps&gt;</ReceiveLocationTransportTypeData>
          <ReceivePipeline Name="Microsoft.BizTalk.DefaultPipelines.XMLReceive" FullyQualifiedName="Microsoft.BizTalk.DefaultPipelines.XMLReceive, Microsoft.BizTalk.DefaultPipelines, Version=3.0.1.0, Culture=neutral, PublicKeyToken=31bf3856ad364e35" Type="1" TrackingOption="ServiceStartEnd MessageSendReceive PipelineEvents" Description="" />
          <ReceivePipelineData xsi:nil="true" />
          <SendPipeline xsi:nil="true" />
          <SendPipelineData xsi:nil="true" />
          <Enable>true</Enable>
          <ReceiveHandler Name="BizTalkServerApplication" HostTrusted="false">
            <TransportType Name="FILE" Capabilities="11" ConfigurationClsid="5e49e3a6-b4fc-4077-b44c-22f34a242fdb" />
          </ReceiveHandler>
        </ReceiveLocation>
      </ReceiveLocations>
      <SendPipelineData xsi:nil="true" />
      <Authentication>0</Authentication>
      <Tracking>0</Tracking>
      <Transforms />
      <RouteFailedMessage>false</RouteFailedMessage>
      <ApplicationName>DynamicOrchestration</ApplicationName>
    </ReceivePort>
    <ReceivePort Name="OrchDirectReceive" IsTwoWay="false" BindingOption="1">
      <Description xsi:nil="true" />
      <ReceiveLocations>
        <ReceiveLocation Name="OrchDirectFileReceive">
          <Description xsi:nil="true" />
          <Address>c:\demos\input\Orchbinding\*.xml</Address>
          <PublicAddress>c:\demos\input\Orchbinding\*.xml</PublicAddress>
          <Primary>true</Primary>
          <ReceiveLocationServiceWindowEnabled>false</ReceiveLocationServiceWindowEnabled>
          <ReceiveLocationFromTime>2000-01-01T00:00:00</ReceiveLocationFromTime>
          <ReceiveLocationToTime>2000-01-01T23:59:59</ReceiveLocationToTime>
          <ReceiveLocationStartDateEnabled>false</ReceiveLocationStartDateEnabled>
          <ReceiveLocationStartDate>2000-01-01T00:00:00</ReceiveLocationStartDate>
          <ReceiveLocationEndDateEnabled>false</ReceiveLocationEndDateEnabled>
          <ReceiveLocationEndDate>2000-01-01T23:59:59</ReceiveLocationEndDate>
          <ReceiveLocationTransportType Name="FILE" Capabilities="11" ConfigurationClsid="5e49e3a6-b4fc-4077-b44c-22f34a242fdb" />
          <ReceiveLocationTransportTypeData>&lt;CustomProps&gt;&lt;RemoveReceivedFileRetryCount vt="19"&gt;5&lt;/RemoveReceivedFileRetryCount&gt;&lt;RemoveReceivedFileMaxInterval vt="19"&gt;300000&lt;/RemoveReceivedFileMaxInterval&gt;&lt;FileMask vt="8"&gt;*.xml&lt;/FileMask&gt;&lt;BatchSizeInBytes vt="19"&gt;102400&lt;/BatchSizeInBytes&gt;&lt;PollingInterval vt="19"&gt;60000&lt;/PollingInterval&gt;&lt;BatchSize vt="19"&gt;20&lt;/BatchSize&gt;&lt;FileNetFailRetryInt vt="19"&gt;5&lt;/FileNetFailRetryInt&gt;&lt;RemoveReceivedFileDelay vt="19"&gt;10&lt;/RemoveReceivedFileDelay&gt;&lt;RenameReceivedFiles vt="11"&gt;0&lt;/RenameReceivedFiles&gt;&lt;FileNetFailRetryCount vt="19"&gt;5&lt;/FileNetFailRetryCount&gt;&lt;/CustomProps&gt;</ReceiveLocationTransportTypeData>
          <ReceivePipeline Name="Microsoft.BizTalk.DefaultPipelines.XMLReceive" FullyQualifiedName="Microsoft.BizTalk.DefaultPipelines.XMLReceive, Microsoft.BizTalk.DefaultPipelines, Version=3.0.1.0, Culture=neutral, PublicKeyToken=31bf3856ad364e35" Type="1" TrackingOption="ServiceStartEnd MessageSendReceive PipelineEvents" Description="" />
          <ReceivePipelineData xsi:nil="true" />
          <SendPipeline xsi:nil="true" />
          <SendPipelineData xsi:nil="true" />
          <Enable>true</Enable>
          <ReceiveHandler Name="BizTalkServerApplication" HostTrusted="false">
            <TransportType Name="FILE" Capabilities="11" ConfigurationClsid="5e49e3a6-b4fc-4077-b44c-22f34a242fdb" />
          </ReceiveHandler>
        </ReceiveLocation>
      </ReceiveLocations>
      <SendPipelineData xsi:nil="true" />
      <Authentication>0</Authentication>
      <Tracking>0</Tracking>
      <Transforms />
      <RouteFailedMessage>false</RouteFailedMessage>
      <ApplicationName>DynamicOrchestration</ApplicationName>
    </ReceivePort>
  </ReceivePortCollection>
  <PartyCollection>
    <Party Name="Microsoft">
      <Aliases>
        <PartyAlias Name="Organization" Qualifier="OrganizationName" Value="Microsoft" IsAutoCreated="true" />
        <PartyAlias Name="Conference" Qualifier="ConferenceName" Value="TechEd" IsAutoCreated="false" />
      </Aliases>
      <SendPorts>
        <SendPortRef Name="MicrosoftSendPort" />
      </SendPorts>
      <SignatureCert xsi:nil="true" />
      <EdiData>
        <PartyEDIProperties PartyName="Microsoft">
          <PartnerAgreement xmlns:xsi="http://www.w3.org/2001/XMLSchema-instance" xmlns:xsd="http://www.w3.org/2001/XMLSchema">
            <IsSender>false</IsSender>
            <PartyName>Microsoft</PartyName>
            <Contacts />
            <AgreementStartDate xsi:nil="true" />
            <AgreementEndDate xsi:nil="true" />
            <ActivateStatusReporting>false</ActivateStatusReporting>
            <StoreTransactionSet>false</StoreTransactionSet>
          </PartnerAgreement>
          <PartnerEdifact xmlns:xsi="http://www.w3.org/2001/XMLSchema-instance" xmlns:xsd="http://www.w3.org/2001/XMLSchema">
            <IsSender>true</IsSender>
            <PartyName>Microsoft</PartyName>
            <PartnerEdifactReceiverGroups />
            <PartnerEdifactSenderGroups>
              <anyType xsi:type="PartnerEdifactSenderGroupUpdatable">
                <IsSender>true</IsSender>
                <PartyName>Microsoft</PartyName>
                <TargetNamespace>http://schemas.microsoft.com/BizTalk/EDI/EDIFACT/2006</TargetNamespace>
                <UngDefaultSetting>true</UngDefaultSetting>
              </anyType>
            </PartnerEdifactSenderGroups>
            <UnaGenerateSegment>true</UnaGenerateSegment>
            <Una1>:</Una1>
            <Una2>+</Una2>
            <Una3>,</Una3>
            <Una4>?</Una4>
            <Una5>*</Una5>
            <Una6>'</Una6>
            <Una6Suffix>None</Una6Suffix>
            <Unb1Id>UNOB</Unb1Id>
            <Unb1Version>1</Unb1Version>
            <Unb5CheckDup>true</Unb5CheckDup>
            <Unb5DupValidity>30</Unb5DupValidity>
            <Unb5>1</Unb5>
            <Unb9>0</Unb9>
            <Unb11>false</Unb11>
            <UngCreateSegments>false</UngCreateSegments>
            <Ung5>1</Ung5>
            <Ung5CheckDup>false</Ung5CheckDup>
            <UnhApplyNewId>true</UnhApplyNewId>
            <UnhCheckDup>false</UnhCheckDup>
            <UnhRefNumber>1</UnhRefNumber>
            <SetSequenceNumberFlag>None</SetSequenceNumberFlag>
          </PartnerEdifact>
          <PartnerAckValidation xmlns:xsi="http://www.w3.org/2001/XMLSchema-instance" xmlns:xsd="http://www.w3.org/2001/XMLSchema">
            <IsSender>true</IsSender>
            <PartyName>Microsoft</PartyName>
            <RouteAcktoSendPipeline>true</RouteAcktoSendPipeline>
            <SendTechnicalAck>false</SendTechnicalAck>
            <DontBatchTechnicalAck>false</DontBatchTechnicalAck>
            <SendFunctionalAck>false</SendFunctionalAck>
            <ExpectFunctionalAck>false</ExpectFunctionalAck>
            <DontBatchFunctionalAck>false</DontBatchFunctionalAck>
            <GenerateLoopForValidMessagesInAck>false</GenerateLoopForValidMessagesInAck>
            <ValidateEdiType>true</ValidateEdiType>
            <IgnoreInvalidChars>false</IgnoreInvalidChars>
            <ValidateExtended>false</ValidateExtended>
            <AllowTrailingDelimiters>false</AllowTrailingDelimiters>
            <GenerateTrailingDelimiters>false</GenerateTrailingDelimiters>
            <CreateEmptyXmlTagsForTrailingSeparators>true</CreateEmptyXmlTagsForTrailingSeparators>
            <MaskSecurityInfo>true</MaskSecurityInfo>
            <ConvertImpliedDecimal>false</ConvertImpliedDecimal>
            <PreserveBatch>TransactionSetXML</PreserveBatch>
            <EdiEncoding>Edifact</EdiEncoding>
          </PartnerAckValidation>
          <PartnerEdifact xmlns:xsi="http://www.w3.org/2001/XMLSchema-instance" xmlns:xsd="http://www.w3.org/2001/XMLSchema">
            <IsSender>false</IsSender>
            <PartyName>Microsoft</PartyName>
            <PartnerEdifactReceiverGroups />
            <PartnerEdifactSenderGroups />
            <UnaGenerateSegment>true</UnaGenerateSegment>
            <Una1>:</Una1>
            <Una2>+</Una2>
            <Una3>,</Una3>
            <Una4>?</Una4>
            <Una5>*</Una5>
            <Una6>'</Una6>
            <Una6Suffix>None</Una6Suffix>
            <Unb1Id>UNOB</Unb1Id>
            <Unb1Version>1</Unb1Version>
            <Unb5CheckDup>true</Unb5CheckDup>
            <Unb5DupValidity>30</Unb5DupValidity>
            <Unb5>1</Unb5>
            <Unb9>0</Unb9>
            <Unb11>false</Unb11>
            <UngCreateSegments>false</UngCreateSegments>
            <Ung5>1</Ung5>
            <Ung5CheckDup>false</Ung5CheckDup>
            <UnhApplyNewId>true</UnhApplyNewId>
            <UnhCheckDup>false</UnhCheckDup>
            <UnhRefNumber>1</UnhRefNumber>
            <SetSequenceNumberFlag>None</SetSequenceNumberFlag>
          </PartnerEdifact>
          <PartnerAckValidation xmlns:xsi="http://www.w3.org/2001/XMLSchema-instance" xmlns:xsd="http://www.w3.org/2001/XMLSchema">
            <IsSender>false</IsSender>
            <PartyName>Microsoft</PartyName>
            <RouteAcktoSendPipeline>true</RouteAcktoSendPipeline>
            <SendTechnicalAck>false</SendTechnicalAck>
            <DontBatchTechnicalAck>false</DontBatchTechnicalAck>
            <SendFunctionalAck>false</SendFunctionalAck>
            <ExpectFunctionalAck>false</ExpectFunctionalAck>
            <DontBatchFunctionalAck>false</DontBatchFunctionalAck>
            <GenerateLoopForValidMessagesInAck>false</GenerateLoopForValidMessagesInAck>
            <ValidateEdiType>true</ValidateEdiType>
            <IgnoreInvalidChars>false</IgnoreInvalidChars>
            <ValidateExtended>false</ValidateExtended>
            <AllowTrailingDelimiters>false</AllowTrailingDelimiters>
            <GenerateTrailingDelimiters>false</GenerateTrailingDelimiters>
            <CreateEmptyXmlTagsForTrailingSeparators>true</CreateEmptyXmlTagsForTrailingSeparators>
            <MaskSecurityInfo>true</MaskSecurityInfo>
            <ConvertImpliedDecimal>false</ConvertImpliedDecimal>
            <PreserveBatch>TransactionSetXML</PreserveBatch>
            <EdiEncoding>Edifact</EdiEncoding>
          </PartnerAckValidation>
          <PartnerX12 xmlns:xsi="http://www.w3.org/2001/XMLSchema-instance" xmlns:xsd="http://www.w3.org/2001/XMLSchema">
            <IsSender>true</IsSender>
            <PartyName>Microsoft</PartyName>
            <PartnerX12ReceiverGroups />
            <PartnerX12SenderGroups>
              <anyType xsi:type="PartnerX12SenderGroupUpdatable">
                <IsSender>true</IsSender>
                <PartyName>Microsoft</PartyName>
                <GSTargetNamespace>http://schemas.microsoft.com/BizTalk/EDI/X12/2006</GSTargetNamespace>
                <GSDefaultSetting>true</GSDefaultSetting>
              </anyType>
            </PartnerX12SenderGroups>
            <Isa11UseAsRepSep>false</Isa11UseAsRepSep>
            <Isa11>U</Isa11>
            <Isa12>00401</Isa12>
            <Isa13>1</Isa13>
            <Isa13CheckDup>true</Isa13CheckDup>
            <Isa13DupValidity>30</Isa13DupValidity>
            <Isa14>false</Isa14>
            <Isa15>T</Isa15>
            <DESeparator>*</DESeparator>
            <CESeparator>:</CESeparator>
            <SegmentTerminator>~</SegmentTerminator>
            <SegmentTerminatorSuffix>None</SegmentTerminatorSuffix>
            <GS6CheckDup>false</GS6CheckDup>
            <GS6>1</GS6>
            <TSCheckDup>false</TSCheckDup>
            <TSApplyNewId>true</TSApplyNewId>
            <TSControlNumber>1</TSControlNumber>
            <X12CharSet>UTF8</X12CharSet>
            <SetSequenceNumberFlag>None</SetSequenceNumberFlag>
          </PartnerX12>
          <PartnerAckValidation xmlns:xsi="http://www.w3.org/2001/XMLSchema-instance" xmlns:xsd="http://www.w3.org/2001/XMLSchema">
            <IsSender>true</IsSender>
            <PartyName>Microsoft</PartyName>
            <RouteAcktoSendPipeline>true</RouteAcktoSendPipeline>
            <SendTechnicalAck>false</SendTechnicalAck>
            <DontBatchTechnicalAck>false</DontBatchTechnicalAck>
            <SendFunctionalAck>false</SendFunctionalAck>
            <ExpectFunctionalAck>false</ExpectFunctionalAck>
            <DontBatchFunctionalAck>false</DontBatchFunctionalAck>
            <GenerateLoopForValidMessagesInAck>false</GenerateLoopForValidMessagesInAck>
            <ValidateEdiType>true</ValidateEdiType>
            <IgnoreInvalidChars>false</IgnoreInvalidChars>
            <ValidateExtended>false</ValidateExtended>
            <AllowTrailingDelimiters>false</AllowTrailingDelimiters>
            <GenerateTrailingDelimiters>false</GenerateTrailingDelimiters>
            <CreateEmptyXmlTagsForTrailingSeparators>true</CreateEmptyXmlTagsForTrailingSeparators>
            <MaskSecurityInfo>true</MaskSecurityInfo>
            <ConvertImpliedDecimal>false</ConvertImpliedDecimal>
            <PreserveBatch>TransactionSetXML</PreserveBatch>
            <EdiEncoding>X12</EdiEncoding>
          </PartnerAckValidation>
          <PartnerX12 xmlns:xsi="http://www.w3.org/2001/XMLSchema-instance" xmlns:xsd="http://www.w3.org/2001/XMLSchema">
            <IsSender>false</IsSender>
            <PartyName>Microsoft</PartyName>
            <PartnerX12ReceiverGroups />
            <PartnerX12SenderGroups />
            <Isa11UseAsRepSep>false</Isa11UseAsRepSep>
            <Isa11>U</Isa11>
            <Isa12>00401</Isa12>
            <Isa13>1</Isa13>
            <Isa13CheckDup>true</Isa13CheckDup>
            <Isa13DupValidity>30</Isa13DupValidity>
            <Isa14>false</Isa14>
            <Isa15>T</Isa15>
            <DESeparator>*</DESeparator>
            <CESeparator>:</CESeparator>
            <SegmentTerminator>~</SegmentTerminator>
            <SegmentTerminatorSuffix>None</SegmentTerminatorSuffix>
            <GS6CheckDup>false</GS6CheckDup>
            <GS6>1</GS6>
            <TSCheckDup>false</TSCheckDup>
            <TSApplyNewId>true</TSApplyNewId>
            <TSControlNumber>1</TSControlNumber>
            <X12CharSet>UTF8</X12CharSet>
            <SetSequenceNumberFlag>None</SetSequenceNumberFlag>
          </PartnerX12>
          <PartnerAckValidation xmlns:xsi="http://www.w3.org/2001/XMLSchema-instance" xmlns:xsd="http://www.w3.org/2001/XMLSchema">
            <IsSender>false</IsSender>
            <PartyName>Microsoft</PartyName>
            <RouteAcktoSendPipeline>true</RouteAcktoSendPipeline>
            <SendTechnicalAck>false</SendTechnicalAck>
            <DontBatchTechnicalAck>false</DontBatchTechnicalAck>
            <SendFunctionalAck>false</SendFunctionalAck>
            <ExpectFunctionalAck>false</ExpectFunctionalAck>
            <DontBatchFunctionalAck>false</DontBatchFunctionalAck>
            <GenerateLoopForValidMessagesInAck>false</GenerateLoopForValidMessagesInAck>
            <ValidateEdiType>true</ValidateEdiType>
            <IgnoreInvalidChars>false</IgnoreInvalidChars>
            <ValidateExtended>false</ValidateExtended>
            <AllowTrailingDelimiters>false</AllowTrailingDelimiters>
            <GenerateTrailingDelimiters>false</GenerateTrailingDelimiters>
            <CreateEmptyXmlTagsForTrailingSeparators>true</CreateEmptyXmlTagsForTrailingSeparators>
            <MaskSecurityInfo>true</MaskSecurityInfo>
            <ConvertImpliedDecimal>false</ConvertImpliedDecimal>
            <PreserveBatch>TransactionSetXML</PreserveBatch>
            <EdiEncoding>X12</EdiEncoding>
          </PartnerAckValidation>
          <PartnerBatchUpdatable xmlns:xsi="http://www.w3.org/2001/XMLSchema-instance" xmlns:xsd="http://www.w3.org/2001/XMLSchema">
            <IsSender>false</IsSender>
            <PartyName>Microsoft</PartyName>
            <FilterGroups />
            <BatchingBase>Schedule</BatchingBase>
            <StartDateTime xsi:nil="true" />
            <EndDateTime xsi:nil="true" />
            <OccurrenceCount xsi:nil="true" />
            <SendEmptyBatchSignal xsi:nil="true" />
            <OccurrencePattern>Day</OccurrencePattern>
            <Frequency xsi:nil="true" />
            <OccursAt xsi:nil="true" />
            <WeeklyDays>None</WeeklyDays>
            <MaxCountInGroup xsi:nil="true" />
            <MaxCountInInterchange xsi:nil="true" />
            <MessageType>X12</MessageType>
          </PartnerBatchUpdatable>
          <PartnerBatchUpdatable xmlns:xsi="http://www.w3.org/2001/XMLSchema-instance" xmlns:xsd="http://www.w3.org/2001/XMLSchema">
            <IsSender>false</IsSender>
            <PartyName>Microsoft</PartyName>
            <FilterGroups />
            <BatchingBase>Schedule</BatchingBase>
            <StartDateTime xsi:nil="true" />
            <EndDateTime xsi:nil="true" />
            <OccurrenceCount xsi:nil="true" />
            <SendEmptyBatchSignal xsi:nil="true" />
            <OccurrencePattern>Day</OccurrencePattern>
            <Frequency xsi:nil="true" />
            <OccursAt xsi:nil="true" />
            <WeeklyDays>None</WeeklyDays>
            <MaxCountInGroup xsi:nil="true" />
            <MaxCountInInterchange xsi:nil="true" />
            <MessageType>Edifact</MessageType>
          </PartnerBatchUpdatable>
          <PartnerAS2CommonUpdatable xmlns:xsi="http://www.w3.org/2001/XMLSchema-instance" xmlns:xsd="http://www.w3.org/2001/XMLSchema">
            <IsSender>false</IsSender>
            <PartyName>Microsoft</PartyName>
            <ActivateStatusReporting>false</ActivateStatusReporting>
            <CrlVerification>false</CrlVerification>
            <IgnoreSSLCertificateNameMismatch>false</IgnoreSSLCertificateNameMismatch>
            <Expect100Continue>true</Expect100Continue>
            <KeepHttpConnectionAlive>true</KeepHttpConnectionAlive>
            <UnfoldHttpHeaders>true</UnfoldHttpHeaders>
          </PartnerAS2CommonUpdatable>
          <PartnerAS2 xmlns:xsi="http://www.w3.org/2001/XMLSchema-instance" xmlns:xsd="http://www.w3.org/2001/XMLSchema">
            <IsSender>true</IsSender>
            <PartyName>Microsoft</PartyName>
            <MessageEncryption>false</MessageEncryption>
            <MessageSigning>false</MessageSigning>
            <MessageCompression>false</MessageCompression>
            <ApplyMimePropertiesFromMessage>true</ApplyMimePropertiesFromMessage>
            <SignMdnifOptional>false</SignMdnifOptional>
            <MdnRequired>false</MdnRequired>
            <SynchronousMdn>true</SynchronousMdn>
            <AS2From>BizTalk</AS2From>
            <AS2To>Microsoft</AS2To>
            <SignedMdn>true</SignedMdn>
            <SignedReceiptMicAlgorithm>MD5</SignedReceiptMicAlgorithm>
            <StoreInNativeFormat>false</StoreInNativeFormat>
            <StoreInWireFormat>false</StoreInWireFormat>
            <StoreMdn>false</StoreMdn>
            <ProcessMdnToMsgBox>false</ProcessMdnToMsgBox>
            <MessageContentType>text/plain</MessageContentType>
          </PartnerAS2>
          <PartnerAS2 xmlns:xsi="http://www.w3.org/2001/XMLSchema-instance" xmlns:xsd="http://www.w3.org/2001/XMLSchema">
            <IsSender>false</IsSender>
            <PartyName>Microsoft</PartyName>
            <MessageEncryption>false</MessageEncryption>
            <MessageSigning>false</MessageSigning>
            <MessageCompression>false</MessageCompression>
            <ApplyMimePropertiesFromMessage>true</ApplyMimePropertiesFromMessage>
            <SignMdnifOptional>false</SignMdnifOptional>
            <MdnRequired>false</MdnRequired>
            <SynchronousMdn>true</SynchronousMdn>
            <AS2From>BizTalk</AS2From>
            <AS2To>Microsoft</AS2To>
            <SignedMdn>true</SignedMdn>
            <SignedReceiptMicAlgorithm>MD5</SignedReceiptMicAlgorithm>
            <StoreInNativeFormat>false</StoreInNativeFormat>
            <StoreInWireFormat>false</StoreInWireFormat>
            <StoreMdn>false</StoreMdn>
            <ProcessMdnToMsgBox>false</ProcessMdnToMsgBox>
            <MessageContentType>text/plain</MessageContentType>
          </PartnerAS2>
        </PartyEDIProperties>
      </EdiData>
      <CustomData xsi:nil="true" />
    </Party>
  </PartyCollection>
</BindingInfo>