<?xml version="1.0" ?> 
<SampleConfigs>
<SampleConfig ParentNodeID = "DataSeries" Priority="100">
  <Title>Adding and Removing Series</Title>
  <Thumbnail>thumbnail.jpg</Thumbnail>
  <ShortBlurb>Adding and Removing Series</ShortBlurb>
  <Content>AddingSeries.aspx</Content>
  <InfoPages>
    <InfoPage Title="C# Source">cscode.txt</InfoPage>
    <InfoPage Title="Visual Basic Source">vbcode.txt</InfoPage>
  </InfoPages>

  <Keywords>
    <Keyword>Series, Adding</Keyword>
    <Keyword>Series, Removing</Keyword>
  </Keywords>
</SampleConfig>

<SampleConfig ParentNodeID = "StateManagement">
	<Title>State Management and Series Manipulation</Title> 
	<Thumbnail>thumbnail.jpg</Thumbnail>
	<ShortBlurb>State Management and Series Manipulation</ShortBlurb> 
	<Content>AddingSeries.aspx</Content>
	
	<InfoPages>
		<InfoPage Title="Overview">..\..\Serialization\Templates\overview.htm</InfoPage>
		<InfoPage Title="C# Source">cscode.txt</InfoPage>
		<InfoPage Title="Visual Basic Source">vbcode.txt</InfoPage>
	</InfoPages>

	</SampleConfig>

</SampleConfigs>