<?xml version="1.0" ?> 
<SampleConfigs>

	<SampleConfig ParentNodeID = "ChartFeatures" Priority="8500">
	<Title>Palettes</Title> 
	<Thumbnail>thumbnail.jpg</Thumbnail>
	<ShortBlurb>Palettes</ShortBlurb> 
	<Content>Palettes.aspx</Content> 
	<InfoPages>
		<InfoPage Title="Overview">Overview.htm</InfoPage>
		<InfoPage Title="C# Source">cscode.txt</InfoPage>
		<InfoPage Title="Visual Basic Source">vbcode.txt</InfoPage>
	</InfoPages>
	<Keywords>
	<Keyword>Palettes, Custom</Keyword>
  </Keywords>   
	</SampleConfig>

</SampleConfigs>