<?xml version="1.0" ?> 
<SampleConfigs>

<SampleConfig ParentNodeID = "DataSeries" Priority="500">
  <Title>Point Width and 3D Depth</Title> 
  <Thumbnail>thumbnail.jpg</Thumbnail>
  <ShortBlurb>Point Width and 3D Depth</ShortBlurb> 
  <Content>PointWidthAndDepth.aspx</Content> 
  <InfoPages>
    <InfoPage Title="Overview">Overview.htm</InfoPage>
    <InfoPage Title="C# Source">cscode.txt</InfoPage>
    <InfoPage Title="Visual Basic Source">vbcode.txt</InfoPage>
  </InfoPages>

  <Keywords>
    <Keyword>Series, Point Width</Keyword>
    <Keyword>Series, Point Depth</Keyword>
    <Keyword>3D, Point Width</Keyword>
    <Keyword>3D, Point Depth</Keyword>
  </Keywords>  

</SampleConfig>

<SampleConfig ParentNodeID = "ChartArea">
  <Title>Point Width and 3D Depth</Title> 
  <Thumbnail>thumbnail.jpg</Thumbnail>
  <ShortBlurb>Point Width and 3D Depth</ShortBlurb> 
  <Content>PointWidthAndDepth.aspx</Content> 
  <InfoPages>
    <InfoPage Title="Overview">Overview.htm</InfoPage>
    <InfoPage Title="C# Source">cscode.txt</InfoPage>
    <InfoPage Title="Visual Basic Source">vbcode.txt</InfoPage>
  </InfoPages>

  <Keywords>
    <Keyword>Series, Point Width</Keyword>
    <Keyword>Series, Point Depth</Keyword>
    <Keyword>3D, Point Width</Keyword>
    <Keyword>3D, Point Depth</Keyword>
  </Keywords>  

</SampleConfig>

</SampleConfigs>