<?xml version="1.0" ?> 
<SampleConfigs>
<SampleConfig ParentNodeID = "CombinationalCharts">
  <Title>Pareto Chart</Title> 
  <Thumbnail>thumbnail.jpg</Thumbnail>
  <ShortBlurb>Pareto Chart</ShortBlurb> 
  <Content>ParetoChart.aspx</Content> 
  <InfoPages>
    <InfoPage Title="C# Source">cscode.txt</InfoPage>
    <InfoPage Title="Visual Basic Source">vbcode.txt</InfoPage>
  </InfoPages>

<Keywords>
      <Keyword>Chart type, Pareto</Keyword>
      <Keyword>Pareto chart</Keyword>
    </Keywords>
</SampleConfig>

</SampleConfigs>