<?xml version="1.0" encoding="utf-8"?>
<BindingInfo xmlns:xsi="http://www.w3.org/2001/XMLSchema-instance" xmlns:xsd="http://www.w3.org/2001/XMLSchema" Assembly="Microsoft.BizTalk.Deployment, Version=3.0.1.0, Culture=neutral, PublicKeyToken=31bf3856ad364e35" Version="3.5.1.0" BindingStatus="FullyBound" BoundEndpoints="4" TotalEndpoints="4">
  <Timestamp>2006-04-15T11:49:37.107835-07:00</Timestamp>
  <ModuleRefCollection>
    <ModuleRef Name="[Application:DBAccessUsingDTCApplication]" Version="" Culture="" PublicKeyToken="" FullName="[Application:DBAccessUsingDTCApplication], Version=, Culture=, PublicKeyToken=">
      <Services />
      <TrackedSchemas>
        <Schema FullName="Microsoft.Samples.BizTalk.Orchestrations.DBAccessUsingDTC.BizTalkApp.OrderDetail" AssemblyQualifiedName="Microsoft.Samples.BizTalk.Orchestrations.DBAccessUsingDTC.BizTalkApp.OrderDetail,Microsoft.Samples.BizTalk.Orchestrations.DBAccessUsingDTC.BizTalkApp, Version=1.0.0.0, Culture=neutral, PublicKeyToken=8b9a0bdea9153188" AlwaysTrackAllProperties="false">
          <TrackedPropertyNames />
        </Schema>
      </TrackedSchemas>
    </ModuleRef>
    <ModuleRef Name="Microsoft.Samples.BizTalk.Orchestrations.DBAccessUsingDTC.BizTalkApp" Version="1.0.0.0" Culture="neutral" PublicKeyToken="8b9a0bdea9153188" FullName="Microsoft.Samples.BizTalk.Orchestrations.DBAccessUsingDTC.BizTalkApp, Version=1.0.0.0, Culture=neutral, PublicKeyToken=8b9a0bdea9153188">
      <Services>
        <Service Name="Microsoft.Samples.BizTalk.Orchestrations.DBAccessUsingDTC.BizTalkApp.OneAtomicTx" State="Started" TrackingOption="ServiceStartEnd MessageSendReceive OrchestrationEvents">
          <Ports>
            <Port Name="ReceiveOrderPort" Modifier="2" BindingOption="1">
              <SendPortRef xsi:nil="true" />
              <DistributionListRef xsi:nil="true" />
              <ReceivePortRef Name="OrderDetail_OneAtomicTx_XML" />
            </Port>
            <Port Name="SendOrderPort" Modifier="1" BindingOption="1">
              <SendPortRef Name="OrderDetail_OneAtomicTx_FILE" />
              <DistributionListRef xsi:nil="true" />
              <ReceivePortRef xsi:nil="true" />
            </Port>
          </Ports>
          <Roles />
        </Service>
        <Service Name="Microsoft.Samples.BizTalk.Orchestrations.DBAccessUsingDTC.BizTalkApp.TwoAtomicTx" State="Started" TrackingOption="ServiceStartEnd MessageSendReceive OrchestrationEvents">
          <Ports>
            <Port Name="ReceiveOrderPort" Modifier="2" BindingOption="1">
              <SendPortRef xsi:nil="true" />
              <DistributionListRef xsi:nil="true" />
              <ReceivePortRef Name="OrderDetail_TwoAtomicTx_XML" />
            </Port>
            <Port Name="SendOrderPort" Modifier="1" BindingOption="1">
              <SendPortRef Name="OrderDetail_TwoAtomicTx_FILE" />
              <DistributionListRef xsi:nil="true" />
              <ReceivePortRef xsi:nil="true" />
            </Port>
          </Ports>
          <Roles />
        </Service>
      </Services>
      <TrackedSchemas />
    </ModuleRef>
  </ModuleRefCollection>
  <SendPortCollection>
    <SendPort Name="OrderDetail_OneAtomicTx_FILE" IsStatic="true" IsTwoWay="false" BindingOption="1">
      <Description xsi:nil="true" />
      <TransmitPipeline Name="Microsoft.BizTalk.DefaultPipelines.PassThruTransmit" FullyQualifiedName="Microsoft.BizTalk.DefaultPipelines.PassThruTransmit, Microsoft.BizTalk.DefaultPipelines, Version=3.0.1.0, Culture=neutral, PublicKeyToken=31bf3856ad364e35" Type="2" TrackingOption="ServiceStartEnd MessageSendReceive PipelineEvents" Description="" />
      <PrimaryTransport>
        <Address>C:\Samples\DBAccessUsingDTC\Send_OneAtomicTx\%MessageID%.xml</Address>
        <TransportType Name="FILE" Capabilities="11" ConfigurationClsid="5e49e3a6-b4fc-4077-b44c-22f34a242fdb" />
        <TransportTypeData>&lt;CustomProps&gt;&lt;UseTempFileOnWrite vt="11"&gt;0&lt;/UseTempFileOnWrite&gt;&lt;CopyMode vt="19"&gt;1&lt;/CopyMode&gt;&lt;FileName vt="8"&gt;%MessageID%.xml&lt;/FileName&gt;&lt;AllowCacheOnWrite vt="11"&gt;0&lt;/AllowCacheOnWrite&gt;&lt;/CustomProps&gt;</TransportTypeData>
        <RetryCount>3</RetryCount>
        <RetryInterval>5</RetryInterval>
        <ServiceWindowEnabled>false</ServiceWindowEnabled>
        <FromTime>2006-04-11T07:00:00</FromTime>
        <ToTime>2006-04-12T06:59:59</ToTime>
        <Primary>true</Primary>
        <OrderedDelivery>false</OrderedDelivery>
        <DeliveryNotification>1</DeliveryNotification>
      </PrimaryTransport>
      <SecondaryTransport>
        <Address />
        <RetryCount>3</RetryCount>
        <RetryInterval>5</RetryInterval>
        <ServiceWindowEnabled>false</ServiceWindowEnabled>
        <FromTime>2006-04-11T07:00:00</FromTime>
        <ToTime>2006-04-12T06:59:59</ToTime>
        <Primary>false</Primary>
        <OrderedDelivery>false</OrderedDelivery>
        <DeliveryNotification>1</DeliveryNotification>
        <SendHandler xsi:nil="true" />
      </SecondaryTransport>
      <ReceivePipelineData xsi:nil="true" />
      <Tracking>0</Tracking>
      <Filter />
      <Transforms />
      <OrderedDelivery>false</OrderedDelivery>
      <Priority>5</Priority>
      <StopSendingOnFailure>false</StopSendingOnFailure>
      <RouteFailedMessage>false</RouteFailedMessage>
      <ApplicationName>DBAccessUsingDTCApplication</ApplicationName>
    </SendPort>
    <SendPort Name="OrderDetail_TwoAtomicTx_FILE" IsStatic="true" IsTwoWay="false" BindingOption="1">
      <Description xsi:nil="true" />
      <TransmitPipeline Name="Microsoft.BizTalk.DefaultPipelines.PassThruTransmit" FullyQualifiedName="Microsoft.BizTalk.DefaultPipelines.PassThruTransmit, Microsoft.BizTalk.DefaultPipelines, Version=3.0.1.0, Culture=neutral, PublicKeyToken=31bf3856ad364e35" Type="2" TrackingOption="ServiceStartEnd MessageSendReceive PipelineEvents" Description="" />
      <PrimaryTransport>
        <Address>C:\Samples\DBAccessUsingDTC\Send_TwoAtomicTx\%MessageID%.xml</Address>
        <TransportType Name="FILE" Capabilities="11" ConfigurationClsid="5e49e3a6-b4fc-4077-b44c-22f34a242fdb" />
        <TransportTypeData>&lt;CustomProps&gt;&lt;UseTempFileOnWrite vt="11"&gt;0&lt;/UseTempFileOnWrite&gt;&lt;CopyMode vt="19"&gt;1&lt;/CopyMode&gt;&lt;FileName vt="8"&gt;%MessageID%.xml&lt;/FileName&gt;&lt;AllowCacheOnWrite vt="11"&gt;0&lt;/AllowCacheOnWrite&gt;&lt;/CustomProps&gt;</TransportTypeData>
        <RetryCount>3</RetryCount>
        <RetryInterval>5</RetryInterval>
        <ServiceWindowEnabled>false</ServiceWindowEnabled>
        <FromTime>2006-04-11T07:00:00</FromTime>
        <ToTime>2006-04-12T06:59:59</ToTime>
        <Primary>true</Primary>
        <OrderedDelivery>false</OrderedDelivery>
        <DeliveryNotification>1</DeliveryNotification>
      </PrimaryTransport>
      <SecondaryTransport>
        <Address />
        <RetryCount>3</RetryCount>
        <RetryInterval>5</RetryInterval>
        <ServiceWindowEnabled>false</ServiceWindowEnabled>
        <FromTime>2006-04-11T07:00:00</FromTime>
        <ToTime>2006-04-12T06:59:59</ToTime>
        <Primary>false</Primary>
        <OrderedDelivery>false</OrderedDelivery>
        <DeliveryNotification>1</DeliveryNotification>
        <SendHandler xsi:nil="true" />
      </SecondaryTransport>
      <ReceivePipelineData xsi:nil="true" />
      <Tracking>0</Tracking>
      <Filter />
      <Transforms />
      <OrderedDelivery>false</OrderedDelivery>
      <Priority>5</Priority>
      <StopSendingOnFailure>false</StopSendingOnFailure>
      <RouteFailedMessage>false</RouteFailedMessage>
      <ApplicationName>DBAccessUsingDTCApplication</ApplicationName>
    </SendPort>
  </SendPortCollection>
  <DistributionListCollection />
  <ReceivePortCollection>
    <ReceivePort Name="OrderDetail_OneAtomicTx_XML" IsTwoWay="false" BindingOption="1">
      <Description xsi:nil="true" />
      <ReceiveLocations>
        <ReceiveLocation Name="OrderDetail_OneAtomicTx_XML_FILE">
          <Description xsi:nil="true" />
          <Address>C:\Samples\DBAccessUsingDTC\Receive_OneAtomicTx\*.xml</Address>
          <PublicAddress />
          <Primary>true</Primary>
          <ReceiveLocationServiceWindowEnabled>false</ReceiveLocationServiceWindowEnabled>
          <ReceiveLocationFromTime>2006-04-11T07:00:00</ReceiveLocationFromTime>
          <ReceiveLocationToTime>2006-04-12T06:59:59</ReceiveLocationToTime>
          <ReceiveLocationStartDateEnabled>false</ReceiveLocationStartDateEnabled>
          <ReceiveLocationStartDate>2006-04-10T17:00:00</ReceiveLocationStartDate>
          <ReceiveLocationEndDateEnabled>false</ReceiveLocationEndDateEnabled>
          <ReceiveLocationEndDate>2006-04-11T17:00:00</ReceiveLocationEndDate>
          <ReceiveLocationTransportType Name="FILE" Capabilities="11" ConfigurationClsid="5e49e3a6-b4fc-4077-b44c-22f34a242fdb" />
          <ReceiveLocationTransportTypeData>&lt;CustomProps&gt;&lt;RemoveReceivedFileRetryCount vt="19"&gt;5&lt;/RemoveReceivedFileRetryCount&gt;&lt;RemoveReceivedFileMaxInterval vt="19"&gt;300000&lt;/RemoveReceivedFileMaxInterval&gt;&lt;FileMask vt="8"&gt;*.xml&lt;/FileMask&gt;&lt;BatchSizeInBytes vt="19"&gt;102400&lt;/BatchSizeInBytes&gt;&lt;PollingInterval vt="19"&gt;60000&lt;/PollingInterval&gt;&lt;BatchSize vt="19"&gt;20&lt;/BatchSize&gt;&lt;FileNetFailRetryInt vt="19"&gt;5&lt;/FileNetFailRetryInt&gt;&lt;RemoveReceivedFileDelay vt="19"&gt;10&lt;/RemoveReceivedFileDelay&gt;&lt;RenameReceivedFiles vt="11"&gt;0&lt;/RenameReceivedFiles&gt;&lt;FileNetFailRetryCount vt="19"&gt;5&lt;/FileNetFailRetryCount&gt;&lt;/CustomProps&gt;</ReceiveLocationTransportTypeData>
          <ReceivePipeline Name="Microsoft.BizTalk.DefaultPipelines.XMLReceive" FullyQualifiedName="Microsoft.BizTalk.DefaultPipelines.XMLReceive, Microsoft.BizTalk.DefaultPipelines, Version=3.0.1.0, Culture=neutral, PublicKeyToken=31bf3856ad364e35" Type="1" TrackingOption="ServiceStartEnd MessageSendReceive PipelineEvents" />
          <ReceivePipelineData xsi:nil="true" />
          <SendPipeline xsi:nil="true" />
          <SendPipelineData xsi:nil="true" />
          <Enable>true</Enable>
        </ReceiveLocation>
      </ReceiveLocations>
      <SendPipelineData xsi:nil="true" />
      <Authentication>0</Authentication>
      <Tracking>0</Tracking>
      <Transforms />
      <RouteFailedMessage>false</RouteFailedMessage>
      <ApplicationName>DBAccessUsingDTCApplication</ApplicationName>
    </ReceivePort>
    <ReceivePort Name="OrderDetail_TwoAtomicTx_XML" IsTwoWay="false" BindingOption="1">
      <Description xsi:nil="true" />
      <ReceiveLocations>
        <ReceiveLocation Name="OrderDetail_TwoAtomicTx_XML_FILE">
          <Description xsi:nil="true" />
          <Address>C:\Samples\DBAccessUsingDTC\Receive_TwoAtomicTx\*.xml</Address>
          <PublicAddress />
          <Primary>true</Primary>
          <ReceiveLocationServiceWindowEnabled>false</ReceiveLocationServiceWindowEnabled>
          <ReceiveLocationFromTime>2006-04-11T07:00:00</ReceiveLocationFromTime>
          <ReceiveLocationToTime>2006-04-12T06:59:59</ReceiveLocationToTime>
          <ReceiveLocationStartDateEnabled>false</ReceiveLocationStartDateEnabled>
          <ReceiveLocationStartDate>2006-04-10T17:00:00</ReceiveLocationStartDate>
          <ReceiveLocationEndDateEnabled>false</ReceiveLocationEndDateEnabled>
          <ReceiveLocationEndDate>2006-04-11T17:00:00</ReceiveLocationEndDate>
          <ReceiveLocationTransportType Name="FILE" Capabilities="11" ConfigurationClsid="5e49e3a6-b4fc-4077-b44c-22f34a242fdb" />
          <ReceiveLocationTransportTypeData>&lt;CustomProps&gt;&lt;RemoveReceivedFileRetryCount vt="19"&gt;5&lt;/RemoveReceivedFileRetryCount&gt;&lt;RemoveReceivedFileMaxInterval vt="19"&gt;300000&lt;/RemoveReceivedFileMaxInterval&gt;&lt;FileMask vt="8"&gt;*.xml&lt;/FileMask&gt;&lt;BatchSizeInBytes vt="19"&gt;102400&lt;/BatchSizeInBytes&gt;&lt;PollingInterval vt="19"&gt;60000&lt;/PollingInterval&gt;&lt;BatchSize vt="19"&gt;20&lt;/BatchSize&gt;&lt;FileNetFailRetryInt vt="19"&gt;5&lt;/FileNetFailRetryInt&gt;&lt;RemoveReceivedFileDelay vt="19"&gt;10&lt;/RemoveReceivedFileDelay&gt;&lt;RenameReceivedFiles vt="11"&gt;0&lt;/RenameReceivedFiles&gt;&lt;FileNetFailRetryCount vt="19"&gt;5&lt;/FileNetFailRetryCount&gt;&lt;/CustomProps&gt;</ReceiveLocationTransportTypeData>
          <ReceivePipeline Name="Microsoft.BizTalk.DefaultPipelines.XMLReceive" FullyQualifiedName="Microsoft.BizTalk.DefaultPipelines.XMLReceive, Microsoft.BizTalk.DefaultPipelines, Version=3.0.1.0, Culture=neutral, PublicKeyToken=31bf3856ad364e35" Type="1" TrackingOption="ServiceStartEnd MessageSendReceive PipelineEvents" />
          <ReceivePipelineData xsi:nil="true" />
          <SendPipeline xsi:nil="true" />
          <SendPipelineData xsi:nil="true" />
          <Enable>true</Enable>
        </ReceiveLocation>
      </ReceiveLocations>
      <SendPipelineData xsi:nil="true" />
      <Authentication>0</Authentication>
      <Tracking>0</Tracking>
      <Transforms />
      <RouteFailedMessage>false</RouteFailedMessage>
      <ApplicationName>DBAccessUsingDTCApplication</ApplicationName>
    </ReceivePort>
  </ReceivePortCollection>
  <PartyCollection />
</BindingInfo>