<?xml version="1.0"?>
<sso>
	<application name="DBAccessUsingDTCApp.CustomerDB">
		<description>DBAccessUsingDTCApp.CustomerDB</description>
		<appUserAccount>BizTalk Application Users</appUserAccount>
		<appAdminAccount>BizTalk Server Administrators</appAdminAccount>
		<field ordinal="0" label="reserved" masked="no" />
		<field ordinal="1" label="connectionString" masked="yes" />
		<field ordinal="2" label="providerName" masked="no" />
		<flags configStoreApp="yes" allowLocalAccounts="yes" enableApp="yes" />
	</application>
	<application name="DBAccessUsingDTCApp.OrderDB">
		<description>DBAccessUsingDTCApp.OrderDB</description>
		<appUserAccount>BizTalk Application Users</appUserAccount>
		<appAdminAccount>BizTalk Server Administrators</appAdminAccount>
		<field ordinal="0" label="reserved" masked="no" />
		<field ordinal="1" label="connectionString" masked="yes" />
		<field ordinal="2" label="providerName" masked="no" />
		<flags configStoreApp="yes" allowLocalAccounts="yes" enableApp="yes" />
	</application>	
</sso>

