<?xml version="1.0" ?> 
<SampleConfigs>
	<SampleConfig ParentNodeID = "Customizations">
	<Title>PrePaint and PostPaint Events</Title>
	<Thumbnail>thumbnail.jpg</Thumbnail>
	<ShortBlurb>PrePaint and PostPaint Events</ShortBlurb> 
	<Content>PreAndPostPaintEvent.aspx</Content> 
	<InfoPages>
		<InfoPage Title="C# Source">cscode.txt</InfoPage>
		<InfoPage Title="Visual Basic Source">vbcode.txt</InfoPage>
	</InfoPages>
        <Keywords>
    		<Keyword>Custom Painting</Keyword>
	</Keywords>
	</SampleConfig>
</SampleConfigs>
