<?xml version="1.0" encoding="utf-8"?>
<BindingInfo xmlns:xsi="http://www.w3.org/2001/XMLSchema-instance" xmlns:xsd="http://www.w3.org/2001/XMLSchema" Assembly="Microsoft.BizTalk.Deployment, Version=3.0.1.0, Culture=neutral, PublicKeyToken=31bf3856ad364e35" Version="3.5.1.0" BindingStatus="FullyBound" BoundEndpoints="2" TotalEndpoints="2">
  <Timestamp>2010-01-07T22:26:47.3840085-06:00</Timestamp>
  <ModuleRefCollection>
    <ModuleRef Name="[Application:OrchestrationBasics]" Version="" Culture="" PublicKeyToken="" FullName="[Application:OrchestrationBasics], Version=, Culture=, PublicKeyToken=">
      <Services />
      <TrackedSchemas>
        <Schema FullName="Schemas.OrderProperties" AssemblyQualifiedName="Schemas.OrderProperties,Schemas, Version=1.0.0.0, Culture=neutral, PublicKeyToken=1eb99402589c4521" AlwaysTrackAllProperties="false">
          <TrackedPropertyNames />
        </Schema>
        <Schema FullName="Schemas.OrderShipping" RootName="OrderShipping" AssemblyQualifiedName="Schemas.OrderShipping,Schemas, Version=1.0.0.0, Culture=neutral, PublicKeyToken=1eb99402589c4521" AlwaysTrackAllProperties="false">
          <TrackedPropertyNames />
        </Schema>
        <Schema FullName="Schemas.Common" RootName="Address" AssemblyQualifiedName="Schemas.Common,Schemas, Version=1.0.0.0, Culture=neutral, PublicKeyToken=1eb99402589c4521" AlwaysTrackAllProperties="false">
          <TrackedPropertyNames />
        </Schema>
        <Schema FullName="Schemas.Common" RootName="ZipCode" AssemblyQualifiedName="Schemas.Common,Schemas, Version=1.0.0.0, Culture=neutral, PublicKeyToken=1eb99402589c4521" AlwaysTrackAllProperties="false">
          <TrackedPropertyNames />
        </Schema>
        <Schema FullName="Schemas.InternalOrder" RootName="InternalOrder" AssemblyQualifiedName="Schemas.InternalOrder,Schemas, Version=1.0.0.0, Culture=neutral, PublicKeyToken=1eb99402589c4521" AlwaysTrackAllProperties="false">
          <TrackedPropertyNames />
        </Schema>
        <Schema FullName="Schemas.Order" RootName="ExternalOrder" AssemblyQualifiedName="Schemas.Order,Schemas, Version=1.0.0.0, Culture=neutral, PublicKeyToken=1eb99402589c4521" AlwaysTrackAllProperties="false">
          <TrackedPropertyNames />
        </Schema>
        <Schema FullName="Schemas.Billing" RootName="BillingRequest" AssemblyQualifiedName="Schemas.Billing,Schemas, Version=1.0.0.0, Culture=neutral, PublicKeyToken=1eb99402589c4521" AlwaysTrackAllProperties="false">
          <TrackedPropertyNames />
        </Schema>
      </TrackedSchemas>
    </ModuleRef>
    <ModuleRef Name="Schemas" Version="1.0.0.0" Culture="neutral" PublicKeyToken="1eb99402589c4521" FullName="Schemas, Version=1.0.0.0, Culture=neutral, PublicKeyToken=1eb99402589c4521">
      <Services />
      <TrackedSchemas />
    </ModuleRef>
    <ModuleRef Name="Maps" Version="1.0.0.0" Culture="neutral" PublicKeyToken="1eb99402589c4521" FullName="Maps, Version=1.0.0.0, Culture=neutral, PublicKeyToken=1eb99402589c4521">
      <Services />
      <TrackedSchemas />
    </ModuleRef>
    <ModuleRef Name="Orchestrations" Version="1.0.0.0" Culture="neutral" PublicKeyToken="1eb99402589c4521" FullName="Orchestrations, Version=1.0.0.0, Culture=neutral, PublicKeyToken=1eb99402589c4521">
      <Services>
        <Service Name="Orchestrations.OrderProcessing" State="Started" TrackingOption="ServiceStartEnd MessageSendReceive OrchestrationEvents" Description="">
          <Ports>
            <Port Name="OrderReceivePort" Modifier="2" BindingOption="1">
              <SendPortRef xsi:nil="true" />
              <DistributionListRef xsi:nil="true" />
              <ReceivePortRef Name="OrderReceivePort" />
            </Port>
            <Port Name="BillingPort" Modifier="1" BindingOption="4">
              <SendPortRef Name="Orchestrations_1.0.0.0_Orchestrations.OrderProcessing_BillingPort_1eb99402589c4521" />
              <DistributionListRef xsi:nil="true" />
              <ReceivePortRef xsi:nil="true" />
            </Port>
          </Ports>
          <Roles>
            <Role Name="Provider" RoleLinkTypeName="Orchestrations.ShipperRoleType" RoleType="Uses">
              <EnlistedParties>
                <EnlistedParty Name="FedEx">
                  <Mappings>
                    <Mapping PortTypeName="Orchestrations.ShippingPortType" OperationName="SendShipping">
                      <SendPortRef Name="Shipper_FedEx" />
                    </Mapping>
                  </Mappings>
                </EnlistedParty>
                <EnlistedParty Name="UPS">
                  <Mappings>
                    <Mapping PortTypeName="Orchestrations.ShippingPortType" OperationName="SendShipping">
                      <SendPortRef Name="Shipper_UPS" />
                    </Mapping>
                  </Mappings>
                </EnlistedParty>
              </EnlistedParties>
            </Role>
          </Roles>
          <Host Name="BizTalkServerApplication" NTGroupName="BizTalk Application Users" Type="1" Trusted="false" />
        </Service>
      </Services>
      <TrackedSchemas />
    </ModuleRef>
    <ModuleRef Name="#" Version="0.0" Culture="neutral" PublicKeyToken="" FullName="#, Version=0.0, Culture=neutral, PublicKeyToken=">
      <Services />
      <TrackedSchemas />
    </ModuleRef>
  </ModuleRefCollection>
  <SendPortCollection>
    <SendPort Name="Orchestrations_1.0.0.0_Orchestrations.OrderProcessing_BillingPort_1eb99402589c4521" IsStatic="false" IsTwoWay="false" BindingOption="4">
      <Description xsi:nil="true" />
      <TransmitPipeline Name="Microsoft.BizTalk.DefaultPipelines.PassThruTransmit" FullyQualifiedName="Microsoft.BizTalk.DefaultPipelines.PassThruTransmit, Microsoft.BizTalk.DefaultPipelines, Version=3.0.1.0, Culture=neutral, PublicKeyToken=31bf3856ad364e35" Type="2" TrackingOption="ServiceStartEnd MessageSendReceive PipelineEvents" Description="" />
      <ReceivePipelineData xsi:nil="true" />
      <Tracking>0</Tracking>
      <Filter />
      <Transforms>
        <Transform FullName="Maps.MapOrderToBilling" AssemblyQualifiedName="Maps.MapOrderToBilling,Maps, Version=1.0.0.0, Culture=neutral, PublicKeyToken=1eb99402589c4521" />
      </Transforms>
      <OrderedDelivery>false</OrderedDelivery>
      <Priority>5</Priority>
      <StopSendingOnFailure>false</StopSendingOnFailure>
      <RouteFailedMessage>false</RouteFailedMessage>
      <ApplicationName>OrchestrationBasics</ApplicationName>
    </SendPort>
    <SendPort Name="Shipper_UPS" IsStatic="true" IsTwoWay="false" BindingOption="0">
      <Description xsi:nil="true" />
      <TransmitPipeline Name="Microsoft.BizTalk.DefaultPipelines.PassThruTransmit" FullyQualifiedName="Microsoft.BizTalk.DefaultPipelines.PassThruTransmit, Microsoft.BizTalk.DefaultPipelines, Version=3.0.1.0, Culture=neutral, PublicKeyToken=31bf3856ad364e35" Type="2" TrackingOption="ServiceStartEnd MessageSendReceive PipelineEvents" Description="" />
      <PrimaryTransport>
        <Address>c:\ports\shippers\ups\%MessageID%.xml</Address>
        <TransportType Name="FILE" Capabilities="11" ConfigurationClsid="5e49e3a6-b4fc-4077-b44c-22f34a242fdb" />
        <TransportTypeData>&lt;CustomProps&gt;&lt;UseTempFileOnWrite vt="11"&gt;0&lt;/UseTempFileOnWrite&gt;&lt;CopyMode vt="19"&gt;1&lt;/CopyMode&gt;&lt;FileName vt="8"&gt;%MessageID%.xml&lt;/FileName&gt;&lt;AllowCacheOnWrite vt="11"&gt;0&lt;/AllowCacheOnWrite&gt;&lt;/CustomProps&gt;</TransportTypeData>
        <RetryCount>3</RetryCount>
        <RetryInterval>5</RetryInterval>
        <ServiceWindowEnabled>false</ServiceWindowEnabled>
        <FromTime>2000-01-01T06:00:00</FromTime>
        <ToTime>2000-01-01T05:59:59</ToTime>
        <Primary>true</Primary>
        <OrderedDelivery>false</OrderedDelivery>
        <DeliveryNotification>1</DeliveryNotification>
        <SendHandler Name="BizTalkServerApplication" HostTrusted="false">
          <TransportType Name="FILE" Capabilities="11" ConfigurationClsid="5e49e3a6-b4fc-4077-b44c-22f34a242fdb" />
        </SendHandler>
      </PrimaryTransport>
      <SecondaryTransport>
        <Address />
        <RetryCount>3</RetryCount>
        <RetryInterval>5</RetryInterval>
        <ServiceWindowEnabled>false</ServiceWindowEnabled>
        <FromTime>2000-01-01T06:00:00</FromTime>
        <ToTime>2000-01-01T05:59:59</ToTime>
        <Primary>false</Primary>
        <OrderedDelivery>false</OrderedDelivery>
        <DeliveryNotification>1</DeliveryNotification>
        <SendHandler xsi:nil="true" />
      </SecondaryTransport>
      <ReceivePipelineData xsi:nil="true" />
      <Tracking>0</Tracking>
      <Filter />
      <Transforms />
      <OrderedDelivery>false</OrderedDelivery>
      <Priority>5</Priority>
      <StopSendingOnFailure>false</StopSendingOnFailure>
      <RouteFailedMessage>false</RouteFailedMessage>
      <ApplicationName>OrchestrationBasics</ApplicationName>
    </SendPort>
    <SendPort Name="Shipper_FedEx" IsStatic="true" IsTwoWay="false" BindingOption="0">
      <Description xsi:nil="true" />
      <TransmitPipeline Name="Microsoft.BizTalk.DefaultPipelines.PassThruTransmit" FullyQualifiedName="Microsoft.BizTalk.DefaultPipelines.PassThruTransmit, Microsoft.BizTalk.DefaultPipelines, Version=3.0.1.0, Culture=neutral, PublicKeyToken=31bf3856ad364e35" Type="2" TrackingOption="ServiceStartEnd MessageSendReceive PipelineEvents" Description="" />
      <PrimaryTransport>
        <Address>c:\ports\shippers\FedEx\%MessageID%.xml</Address>
        <TransportType Name="FILE" Capabilities="11" ConfigurationClsid="5e49e3a6-b4fc-4077-b44c-22f34a242fdb" />
        <TransportTypeData>&lt;CustomProps&gt;&lt;UseTempFileOnWrite vt="11"&gt;0&lt;/UseTempFileOnWrite&gt;&lt;CopyMode vt="19"&gt;1&lt;/CopyMode&gt;&lt;FileName vt="8"&gt;%MessageID%.xml&lt;/FileName&gt;&lt;AllowCacheOnWrite vt="11"&gt;0&lt;/AllowCacheOnWrite&gt;&lt;/CustomProps&gt;</TransportTypeData>
        <RetryCount>3</RetryCount>
        <RetryInterval>5</RetryInterval>
        <ServiceWindowEnabled>false</ServiceWindowEnabled>
        <FromTime>2000-01-01T06:00:00</FromTime>
        <ToTime>2000-01-01T05:59:59</ToTime>
        <Primary>true</Primary>
        <OrderedDelivery>false</OrderedDelivery>
        <DeliveryNotification>1</DeliveryNotification>
        <SendHandler Name="BizTalkServerApplication" HostTrusted="false">
          <TransportType Name="FILE" Capabilities="11" ConfigurationClsid="5e49e3a6-b4fc-4077-b44c-22f34a242fdb" />
        </SendHandler>
      </PrimaryTransport>
      <SecondaryTransport>
        <Address />
        <RetryCount>3</RetryCount>
        <RetryInterval>5</RetryInterval>
        <ServiceWindowEnabled>false</ServiceWindowEnabled>
        <FromTime>2000-01-01T06:00:00</FromTime>
        <ToTime>2000-01-01T05:59:59</ToTime>
        <Primary>false</Primary>
        <OrderedDelivery>false</OrderedDelivery>
        <DeliveryNotification>1</DeliveryNotification>
        <SendHandler xsi:nil="true" />
      </SecondaryTransport>
      <ReceivePipelineData xsi:nil="true" />
      <Tracking>0</Tracking>
      <Filter />
      <Transforms />
      <OrderedDelivery>false</OrderedDelivery>
      <Priority>5</Priority>
      <StopSendingOnFailure>false</StopSendingOnFailure>
      <RouteFailedMessage>false</RouteFailedMessage>
      <ApplicationName>OrchestrationBasics</ApplicationName>
    </SendPort>
  </SendPortCollection>
  <DistributionListCollection />
  <ReceivePortCollection>
    <ReceivePort Name="OrderReceivePort" IsTwoWay="false" BindingOption="1">
      <Description xsi:nil="true" />
      <ReceiveLocations>
        <ReceiveLocation Name="OrderFileReceive">
          <Description xsi:nil="true" />
          <Address>c:\ports\filedrop\*.xml</Address>
          <PublicAddress />
          <Primary>true</Primary>
          <ReceiveLocationServiceWindowEnabled>false</ReceiveLocationServiceWindowEnabled>
          <ReceiveLocationFromTime>2000-01-01T00:00:00</ReceiveLocationFromTime>
          <ReceiveLocationToTime>2000-01-01T23:59:59</ReceiveLocationToTime>
          <ReceiveLocationStartDateEnabled>false</ReceiveLocationStartDateEnabled>
          <ReceiveLocationStartDate>2009-12-16T00:00:00</ReceiveLocationStartDate>
          <ReceiveLocationEndDateEnabled>false</ReceiveLocationEndDateEnabled>
          <ReceiveLocationEndDate>2009-12-17T23:59:59</ReceiveLocationEndDate>
          <ReceiveLocationTransportType Name="FILE" Capabilities="11" ConfigurationClsid="5e49e3a6-b4fc-4077-b44c-22f34a242fdb" />
          <ReceiveLocationTransportTypeData>&lt;CustomProps&gt;&lt;RemoveReceivedFileRetryCount vt="19"&gt;5&lt;/RemoveReceivedFileRetryCount&gt;&lt;RemoveReceivedFileMaxInterval vt="19"&gt;300000&lt;/RemoveReceivedFileMaxInterval&gt;&lt;FileMask vt="8"&gt;*.xml&lt;/FileMask&gt;&lt;BatchSizeInBytes vt="19"&gt;102400&lt;/BatchSizeInBytes&gt;&lt;PollingInterval vt="19"&gt;5000&lt;/PollingInterval&gt;&lt;BatchSize vt="19"&gt;20&lt;/BatchSize&gt;&lt;FileNetFailRetryInt vt="19"&gt;5&lt;/FileNetFailRetryInt&gt;&lt;RemoveReceivedFileDelay vt="19"&gt;10&lt;/RemoveReceivedFileDelay&gt;&lt;RenameReceivedFiles vt="11"&gt;-1&lt;/RenameReceivedFiles&gt;&lt;FileNetFailRetryCount vt="19"&gt;5&lt;/FileNetFailRetryCount&gt;&lt;/CustomProps&gt;</ReceiveLocationTransportTypeData>
          <ReceivePipeline Name="Microsoft.BizTalk.DefaultPipelines.XMLReceive" FullyQualifiedName="Microsoft.BizTalk.DefaultPipelines.XMLReceive, Microsoft.BizTalk.DefaultPipelines, Version=3.0.1.0, Culture=neutral, PublicKeyToken=31bf3856ad364e35" Type="1" TrackingOption="ServiceStartEnd MessageSendReceive PipelineEvents" Description="" />
          <ReceivePipelineData xsi:nil="true" />
          <SendPipeline xsi:nil="true" />
          <SendPipelineData xsi:nil="true" />
          <Enable>true</Enable>
          <ReceiveHandler Name="BizTalkServerApplication" HostTrusted="false">
            <TransportType Name="FILE" Capabilities="11" ConfigurationClsid="5e49e3a6-b4fc-4077-b44c-22f34a242fdb" />
          </ReceiveHandler>
        </ReceiveLocation>
      </ReceiveLocations>
      <SendPipelineData xsi:nil="true" />
      <Authentication>0</Authentication>
      <Tracking>0</Tracking>
      <Transforms>
        <Transform FullName="Maps.MapExternalToInternal" AssemblyQualifiedName="Maps.MapExternalToInternal,Maps, Version=1.0.0.0, Culture=neutral, PublicKeyToken=1eb99402589c4521" />
      </Transforms>
      <RouteFailedMessage>false</RouteFailedMessage>
      <ApplicationName>OrchestrationBasics</ApplicationName>
    </ReceivePort>
  </ReceivePortCollection>
  <PartyCollection>
    <Party Name="UPS">
      <Aliases>
        <PartyAlias Name="Organization" Qualifier="OrganizationName" Value="UPS" IsAutoCreated="true" />
        <PartyAlias Name="OrganizationId" Qualifier="OrganizationId" Value="UPS" IsAutoCreated="false" />
      </Aliases>
      <SendPorts>
        <SendPortRef Name="Shipper_UPS" />
      </SendPorts>
      <SignatureCert xsi:nil="true" />
      <EdiData>
        <PartyEDIProperties PartyName="UPS">
          <PartnerAgreement xmlns:xsi="http://www.w3.org/2001/XMLSchema-instance" xmlns:xsd="http://www.w3.org/2001/XMLSchema">
            <IsSender>false</IsSender>
            <PartyName>UPS</PartyName>
            <Contacts />
            <AgreementStartDate xsi:nil="true" />
            <AgreementEndDate xsi:nil="true" />
            <ActivateStatusReporting>false</ActivateStatusReporting>
            <StoreTransactionSet>false</StoreTransactionSet>
          </PartnerAgreement>
          <PartnerEdifact xmlns:xsi="http://www.w3.org/2001/XMLSchema-instance" xmlns:xsd="http://www.w3.org/2001/XMLSchema">
            <IsSender>true</IsSender>
            <PartyName>UPS</PartyName>
            <PartnerEdifactReceiverGroups />
            <PartnerEdifactSenderGroups>
              <anyType xsi:type="PartnerEdifactSenderGroupUpdatable">
                <IsSender>true</IsSender>
                <PartyName>UPS</PartyName>
                <TargetNamespace>http://schemas.microsoft.com/BizTalk/EDI/EDIFACT/2006</TargetNamespace>
                <UngDefaultSetting>true</UngDefaultSetting>
              </anyType>
            </PartnerEdifactSenderGroups>
            <UnaGenerateSegment>true</UnaGenerateSegment>
            <Una1>:</Una1>
            <Una2>+</Una2>
            <Una3>,</Una3>
            <Una4>?</Una4>
            <Una5>*</Una5>
            <Una6>'</Una6>
            <Una6Suffix>None</Una6Suffix>
            <Unb1Id>UNOB</Unb1Id>
            <Unb1Version>1</Unb1Version>
            <Unb5CheckDup>true</Unb5CheckDup>
            <Unb5DupValidity>30</Unb5DupValidity>
            <Unb5MinVal>1</Unb5MinVal>
            <Unb5MaxVal>99999999999999</Unb5MaxVal>
            <Unb5Rollover>true</Unb5Rollover>
            <Unb9>0</Unb9>
            <Unb11>false</Unb11>
            <UngCreateSegments>false</UngCreateSegments>
            <Ung5MinVal>1</Ung5MinVal>
            <Ung5MaxVal>99999999999999</Ung5MaxVal>
            <Ung5Rollover>true</Ung5Rollover>
            <Ung5CheckDup>false</Ung5CheckDup>
            <UnhApplyNewId>true</UnhApplyNewId>
            <UnhCheckDup>false</UnhCheckDup>
            <Unh1MinVal>1</Unh1MinVal>
            <Unh1MaxVal>99999999999999</Unh1MaxVal>
            <Unh1Rollover>true</Unh1Rollover>
          </PartnerEdifact>
          <PartnerAckValidation xmlns:xsi="http://www.w3.org/2001/XMLSchema-instance" xmlns:xsd="http://www.w3.org/2001/XMLSchema">
            <IsSender>true</IsSender>
            <PartyName>UPS</PartyName>
            <RouteAcktoSendPipeline>true</RouteAcktoSendPipeline>
            <SendTechnicalAck>false</SendTechnicalAck>
            <DontBatchTechnicalAck>false</DontBatchTechnicalAck>
            <SendFunctionalAck>false</SendFunctionalAck>
            <ExpectFunctionalAck>false</ExpectFunctionalAck>
            <DontBatchFunctionalAck>false</DontBatchFunctionalAck>
            <GenerateLoopForValidMessagesInAck>false</GenerateLoopForValidMessagesInAck>
            <ValidateEdiType>true</ValidateEdiType>
            <IgnoreInvalidChars>true</IgnoreInvalidChars>
            <ValidateExtended>false</ValidateExtended>
            <AllowTrailingDelimiters>false</AllowTrailingDelimiters>
            <GenerateTrailingDelimiters>false</GenerateTrailingDelimiters>
            <CreateEmptyXmlTagsForTrailingSeparators>true</CreateEmptyXmlTagsForTrailingSeparators>
            <MaskSecurityInfo>true</MaskSecurityInfo>
            <ConvertImpliedDecimal>false</ConvertImpliedDecimal>
            <PreserveBatch>TransactionSetXML</PreserveBatch>
            <EdiEncoding>Edifact</EdiEncoding>
          </PartnerAckValidation>
          <PartnerEdifact xmlns:xsi="http://www.w3.org/2001/XMLSchema-instance" xmlns:xsd="http://www.w3.org/2001/XMLSchema">
            <IsSender>false</IsSender>
            <PartyName>UPS</PartyName>
            <PartnerEdifactReceiverGroups />
            <PartnerEdifactSenderGroups />
            <UnaGenerateSegment>true</UnaGenerateSegment>
            <Una1>:</Una1>
            <Una2>+</Una2>
            <Una3>,</Una3>
            <Una4>?</Una4>
            <Una5>*</Una5>
            <Una6>'</Una6>
            <Una6Suffix>None</Una6Suffix>
            <Unb1Id>UNOB</Unb1Id>
            <Unb1Version>1</Unb1Version>
            <Unb5CheckDup>true</Unb5CheckDup>
            <Unb5DupValidity>30</Unb5DupValidity>
            <Unb5MinVal>1</Unb5MinVal>
            <Unb5MaxVal>99999999999999</Unb5MaxVal>
            <Unb5Rollover>true</Unb5Rollover>
            <Unb9>0</Unb9>
            <Unb11>false</Unb11>
            <UngCreateSegments>false</UngCreateSegments>
            <Ung5MinVal>1</Ung5MinVal>
            <Ung5MaxVal>99999999999999</Ung5MaxVal>
            <Ung5Rollover>true</Ung5Rollover>
            <Ung5CheckDup>false</Ung5CheckDup>
            <UnhApplyNewId>true</UnhApplyNewId>
            <UnhCheckDup>false</UnhCheckDup>
            <Unh1MinVal>1</Unh1MinVal>
            <Unh1MaxVal>99999999999999</Unh1MaxVal>
            <Unh1Rollover>true</Unh1Rollover>
          </PartnerEdifact>
          <PartnerAckValidation xmlns:xsi="http://www.w3.org/2001/XMLSchema-instance" xmlns:xsd="http://www.w3.org/2001/XMLSchema">
            <IsSender>false</IsSender>
            <PartyName>UPS</PartyName>
            <RouteAcktoSendPipeline>true</RouteAcktoSendPipeline>
            <SendTechnicalAck>false</SendTechnicalAck>
            <DontBatchTechnicalAck>false</DontBatchTechnicalAck>
            <SendFunctionalAck>false</SendFunctionalAck>
            <ExpectFunctionalAck>false</ExpectFunctionalAck>
            <DontBatchFunctionalAck>false</DontBatchFunctionalAck>
            <GenerateLoopForValidMessagesInAck>false</GenerateLoopForValidMessagesInAck>
            <ValidateEdiType>true</ValidateEdiType>
            <IgnoreInvalidChars>true</IgnoreInvalidChars>
            <ValidateExtended>false</ValidateExtended>
            <AllowTrailingDelimiters>false</AllowTrailingDelimiters>
            <GenerateTrailingDelimiters>false</GenerateTrailingDelimiters>
            <CreateEmptyXmlTagsForTrailingSeparators>true</CreateEmptyXmlTagsForTrailingSeparators>
            <MaskSecurityInfo>true</MaskSecurityInfo>
            <ConvertImpliedDecimal>false</ConvertImpliedDecimal>
            <PreserveBatch>TransactionSetXML</PreserveBatch>
            <EdiEncoding>Edifact</EdiEncoding>
          </PartnerAckValidation>
          <PartnerX12 xmlns:xsi="http://www.w3.org/2001/XMLSchema-instance" xmlns:xsd="http://www.w3.org/2001/XMLSchema">
            <IsSender>true</IsSender>
            <PartyName>UPS</PartyName>
            <PartnerX12ReceiverGroups />
            <PartnerX12SenderGroups>
              <anyType xsi:type="PartnerX12SenderGroupUpdatable">
                <IsSender>true</IsSender>
                <PartyName>UPS</PartyName>
                <GSTargetNamespace>http://schemas.microsoft.com/BizTalk/EDI/X12/2006</GSTargetNamespace>
                <GSDefaultSetting>true</GSDefaultSetting>
              </anyType>
            </PartnerX12SenderGroups>
            <Isa11UseAsRepSep>false</Isa11UseAsRepSep>
            <Isa11>U</Isa11>
            <Isa12>00401</Isa12>
            <Isa13MinVal>1</Isa13MinVal>
            <Isa13MaxVal>999999999</Isa13MaxVal>
            <Isa13Rollover>true</Isa13Rollover>
            <Isa13CheckDup>true</Isa13CheckDup>
            <Isa13DupValidity>30</Isa13DupValidity>
            <Isa14>false</Isa14>
            <Isa15>T</Isa15>
            <DESeparator>*</DESeparator>
            <CESeparator>:</CESeparator>
            <SegmentTerminator>~</SegmentTerminator>
            <SegmentTerminatorSuffix>None</SegmentTerminatorSuffix>
            <CheckDelimiterInPayload>false</CheckDelimiterInPayload>
            <GS6CheckDup>false</GS6CheckDup>
            <GS6MinVal>1</GS6MinVal>
            <GS6MaxVal>999999999</GS6MaxVal>
            <GS6Rollover>true</GS6Rollover>
            <TSCheckDup>false</TSCheckDup>
            <TSApplyNewId>true</TSApplyNewId>
            <TSControlNumberMinVal>1</TSControlNumberMinVal>
            <TSControlNumberMaxVal>999999999</TSControlNumberMaxVal>
            <TSControlNumberRollover>true</TSControlNumberRollover>
            <X12CharSet>UTF8</X12CharSet>
          </PartnerX12>
          <PartnerAckValidation xmlns:xsi="http://www.w3.org/2001/XMLSchema-instance" xmlns:xsd="http://www.w3.org/2001/XMLSchema">
            <IsSender>true</IsSender>
            <PartyName>UPS</PartyName>
            <RouteAcktoSendPipeline>true</RouteAcktoSendPipeline>
            <SendTechnicalAck>false</SendTechnicalAck>
            <DontBatchTechnicalAck>false</DontBatchTechnicalAck>
            <SendFunctionalAck>false</SendFunctionalAck>
            <ExpectFunctionalAck>false</ExpectFunctionalAck>
            <DontBatchFunctionalAck>false</DontBatchFunctionalAck>
            <GenerateLoopForValidMessagesInAck>false</GenerateLoopForValidMessagesInAck>
            <ValidateEdiType>true</ValidateEdiType>
            <IgnoreInvalidChars>false</IgnoreInvalidChars>
            <ValidateExtended>false</ValidateExtended>
            <AllowTrailingDelimiters>false</AllowTrailingDelimiters>
            <GenerateTrailingDelimiters>false</GenerateTrailingDelimiters>
            <CreateEmptyXmlTagsForTrailingSeparators>true</CreateEmptyXmlTagsForTrailingSeparators>
            <MaskSecurityInfo>true</MaskSecurityInfo>
            <ConvertImpliedDecimal>false</ConvertImpliedDecimal>
            <PreserveBatch>TransactionSetXML</PreserveBatch>
            <EdiEncoding>X12</EdiEncoding>
          </PartnerAckValidation>
          <PartnerX12 xmlns:xsi="http://www.w3.org/2001/XMLSchema-instance" xmlns:xsd="http://www.w3.org/2001/XMLSchema">
            <IsSender>false</IsSender>
            <PartyName>UPS</PartyName>
            <PartnerX12ReceiverGroups />
            <PartnerX12SenderGroups />
            <Isa11UseAsRepSep>false</Isa11UseAsRepSep>
            <Isa11>U</Isa11>
            <Isa12>00401</Isa12>
            <Isa13MinVal>1</Isa13MinVal>
            <Isa13MaxVal>999999999</Isa13MaxVal>
            <Isa13Rollover>true</Isa13Rollover>
            <Isa13CheckDup>true</Isa13CheckDup>
            <Isa13DupValidity>30</Isa13DupValidity>
            <Isa14>false</Isa14>
            <Isa15>T</Isa15>
            <DESeparator>*</DESeparator>
            <CESeparator>:</CESeparator>
            <SegmentTerminator>~</SegmentTerminator>
            <SegmentTerminatorSuffix>None</SegmentTerminatorSuffix>
            <CheckDelimiterInPayload>false</CheckDelimiterInPayload>
            <GS6CheckDup>false</GS6CheckDup>
            <GS6MinVal>1</GS6MinVal>
            <GS6MaxVal>999999999</GS6MaxVal>
            <GS6Rollover>true</GS6Rollover>
            <TSCheckDup>false</TSCheckDup>
            <TSApplyNewId>true</TSApplyNewId>
            <TSControlNumberMinVal>1</TSControlNumberMinVal>
            <TSControlNumberMaxVal>999999999</TSControlNumberMaxVal>
            <TSControlNumberRollover>true</TSControlNumberRollover>
            <X12CharSet>UTF8</X12CharSet>
          </PartnerX12>
          <PartnerAckValidation xmlns:xsi="http://www.w3.org/2001/XMLSchema-instance" xmlns:xsd="http://www.w3.org/2001/XMLSchema">
            <IsSender>false</IsSender>
            <PartyName>UPS</PartyName>
            <RouteAcktoSendPipeline>true</RouteAcktoSendPipeline>
            <SendTechnicalAck>false</SendTechnicalAck>
            <DontBatchTechnicalAck>false</DontBatchTechnicalAck>
            <SendFunctionalAck>false</SendFunctionalAck>
            <ExpectFunctionalAck>false</ExpectFunctionalAck>
            <DontBatchFunctionalAck>false</DontBatchFunctionalAck>
            <GenerateLoopForValidMessagesInAck>false</GenerateLoopForValidMessagesInAck>
            <ValidateEdiType>true</ValidateEdiType>
            <IgnoreInvalidChars>false</IgnoreInvalidChars>
            <ValidateExtended>false</ValidateExtended>
            <AllowTrailingDelimiters>false</AllowTrailingDelimiters>
            <GenerateTrailingDelimiters>false</GenerateTrailingDelimiters>
            <CreateEmptyXmlTagsForTrailingSeparators>true</CreateEmptyXmlTagsForTrailingSeparators>
            <MaskSecurityInfo>true</MaskSecurityInfo>
            <ConvertImpliedDecimal>false</ConvertImpliedDecimal>
            <PreserveBatch>TransactionSetXML</PreserveBatch>
            <EdiEncoding>X12</EdiEncoding>
          </PartnerAckValidation>
          <PartnerBatches xmlns:xsi="http://www.w3.org/2001/XMLSchema-instance" xmlns:xsd="http://www.w3.org/2001/XMLSchema">
            <IsSender>false</IsSender>
            <PartyName>UPS</PartyName>
            <Batches />
            <ActivateStatusReporting>false</ActivateStatusReporting>
          </PartnerBatches>
          <PartnerAS2CommonUpdatable xmlns:xsi="http://www.w3.org/2001/XMLSchema-instance" xmlns:xsd="http://www.w3.org/2001/XMLSchema">
            <IsSender>false</IsSender>
            <PartyName>UPS</PartyName>
            <ActivateStatusReporting>false</ActivateStatusReporting>
            <CrlVerification>false</CrlVerification>
            <IgnoreSSLCertificateNameMismatch>false</IgnoreSSLCertificateNameMismatch>
            <Expect100Continue>true</Expect100Continue>
            <KeepHttpConnectionAlive>true</KeepHttpConnectionAlive>
            <UnfoldHttpHeaders>true</UnfoldHttpHeaders>
          </PartnerAS2CommonUpdatable>
          <PartnerAS2 xmlns:xsi="http://www.w3.org/2001/XMLSchema-instance" xmlns:xsd="http://www.w3.org/2001/XMLSchema">
            <IsSender>false</IsSender>
            <PartyName>UPS</PartyName>
            <MessageEncryption>false</MessageEncryption>
            <MessageSigning>false</MessageSigning>
            <MessageCompression>false</MessageCompression>
            <ApplyMimePropertiesFromMessage>true</ApplyMimePropertiesFromMessage>
            <SignMdnifOptional>false</SignMdnifOptional>
            <MdnRequired>false</MdnRequired>
            <SynchronousMdn>true</SynchronousMdn>
            <SignedMdn>true</SignedMdn>
            <StoreInNativeFormat>false</StoreInNativeFormat>
            <StoreInWireFormat>false</StoreInWireFormat>
            <StoreMdn>false</StoreMdn>
            <DuplicateMessageCheckRange>5</DuplicateMessageCheckRange>
            <DuplicateMessageSuspended>false</DuplicateMessageSuspended>
            <DuplicateMessageChecked>false</DuplicateMessageChecked>
          </PartnerAS2>
          <PartnerAS2 xmlns:xsi="http://www.w3.org/2001/XMLSchema-instance" xmlns:xsd="http://www.w3.org/2001/XMLSchema">
            <IsSender>false</IsSender>
            <PartyName>UPS</PartyName>
            <MessageEncryption>false</MessageEncryption>
            <MessageSigning>false</MessageSigning>
            <MessageCompression>false</MessageCompression>
            <MdnRequired>false</MdnRequired>
            <SynchronousMdn>true</SynchronousMdn>
            <AS2From>BizTalk</AS2From>
            <AS2To>UPS</AS2To>
            <SignedMdn>true</SignedMdn>
            <SignedReceiptMicAlgorithm>MD5</SignedReceiptMicAlgorithm>
            <StoreInNativeFormat>false</StoreInNativeFormat>
            <StoreInWireFormat>false</StoreInWireFormat>
            <StoreMdn>false</StoreMdn>
            <ProcessMdnToMsgBox>false</ProcessMdnToMsgBox>
            <MessageContentType>text/plain</MessageContentType>
            <IsReliableMessagingEnabled>false</IsReliableMessagingEnabled>
            <MaximumResendDuration>1</MaximumResendDuration>
            <MaximumRetryDuration>30</MaximumRetryDuration>
            <MinimumResendInterval>15</MinimumResendInterval>
            <MinimumRetryInterval>5</MinimumRetryInterval>
            <NumberOfResendAttempts>3</NumberOfResendAttempts>
            <NumberOfRetryAttempts>3</NumberOfRetryAttempts>
            <OverridePortRetrySettings>false</OverridePortRetrySettings>
            <MinimumResendIntervalUnits>Minutes</MinimumResendIntervalUnits>
            <ResendTimeoutUnits>Hours</ResendTimeoutUnits>
            <MinimumRetryIntervalUnits>Minutes</MinimumRetryIntervalUnits>
            <RetryTimeoutUnits>Minutes</RetryTimeoutUnits>
            <IsFileNamePreserved>false</IsFileNamePreserved>
            <FileNameUserString>%FILE.ReceivedFileName%</FileNameUserString>
            <IsMessageSuspendedIfFileNameNotFound>false</IsMessageSuspendedIfFileNameNotFound>
            <IsFileNameAutogenerated>false</IsFileNameAutogenerated>
          </PartnerAS2>
        </PartyEDIProperties>
      </EdiData>
      <CustomData xsi:nil="true" />
    </Party>
    <Party Name="FedEx">
      <Aliases>
        <PartyAlias Name="Organization" Qualifier="OrganizationName" Value="FedEx" IsAutoCreated="true" />
        <PartyAlias Name="OrganizationId" Qualifier="OrganizationId" Value="FedEx" IsAutoCreated="false" />
      </Aliases>
      <SendPorts>
        <SendPortRef Name="Shipper_FedEx" />
      </SendPorts>
      <SignatureCert xsi:nil="true" />
      <EdiData>
        <PartyEDIProperties PartyName="FedEx">
          <PartnerAgreement xmlns:xsi="http://www.w3.org/2001/XMLSchema-instance" xmlns:xsd="http://www.w3.org/2001/XMLSchema">
            <IsSender>false</IsSender>
            <PartyName>FedEx</PartyName>
            <Contacts />
            <AgreementStartDate xsi:nil="true" />
            <AgreementEndDate xsi:nil="true" />
            <ActivateStatusReporting>false</ActivateStatusReporting>
            <StoreTransactionSet>false</StoreTransactionSet>
          </PartnerAgreement>
          <PartnerEdifact xmlns:xsi="http://www.w3.org/2001/XMLSchema-instance" xmlns:xsd="http://www.w3.org/2001/XMLSchema">
            <IsSender>true</IsSender>
            <PartyName>FedEx</PartyName>
            <PartnerEdifactReceiverGroups />
            <PartnerEdifactSenderGroups>
              <anyType xsi:type="PartnerEdifactSenderGroupUpdatable">
                <IsSender>true</IsSender>
                <PartyName>FedEx</PartyName>
                <TargetNamespace>http://schemas.microsoft.com/BizTalk/EDI/EDIFACT/2006</TargetNamespace>
                <UngDefaultSetting>true</UngDefaultSetting>
              </anyType>
            </PartnerEdifactSenderGroups>
            <UnaGenerateSegment>true</UnaGenerateSegment>
            <Una1>:</Una1>
            <Una2>+</Una2>
            <Una3>,</Una3>
            <Una4>?</Una4>
            <Una5>*</Una5>
            <Una6>'</Una6>
            <Una6Suffix>None</Una6Suffix>
            <Unb1Id>UNOB</Unb1Id>
            <Unb1Version>1</Unb1Version>
            <Unb5CheckDup>true</Unb5CheckDup>
            <Unb5DupValidity>30</Unb5DupValidity>
            <Unb5MinVal>1</Unb5MinVal>
            <Unb5MaxVal>99999999999999</Unb5MaxVal>
            <Unb5Rollover>true</Unb5Rollover>
            <Unb9>0</Unb9>
            <Unb11>false</Unb11>
            <UngCreateSegments>false</UngCreateSegments>
            <Ung5MinVal>1</Ung5MinVal>
            <Ung5MaxVal>99999999999999</Ung5MaxVal>
            <Ung5Rollover>true</Ung5Rollover>
            <Ung5CheckDup>false</Ung5CheckDup>
            <UnhApplyNewId>true</UnhApplyNewId>
            <UnhCheckDup>false</UnhCheckDup>
            <Unh1MinVal>1</Unh1MinVal>
            <Unh1MaxVal>99999999999999</Unh1MaxVal>
            <Unh1Rollover>true</Unh1Rollover>
          </PartnerEdifact>
          <PartnerAckValidation xmlns:xsi="http://www.w3.org/2001/XMLSchema-instance" xmlns:xsd="http://www.w3.org/2001/XMLSchema">
            <IsSender>true</IsSender>
            <PartyName>FedEx</PartyName>
            <RouteAcktoSendPipeline>true</RouteAcktoSendPipeline>
            <SendTechnicalAck>false</SendTechnicalAck>
            <DontBatchTechnicalAck>false</DontBatchTechnicalAck>
            <SendFunctionalAck>false</SendFunctionalAck>
            <ExpectFunctionalAck>false</ExpectFunctionalAck>
            <DontBatchFunctionalAck>false</DontBatchFunctionalAck>
            <GenerateLoopForValidMessagesInAck>false</GenerateLoopForValidMessagesInAck>
            <ValidateEdiType>true</ValidateEdiType>
            <IgnoreInvalidChars>true</IgnoreInvalidChars>
            <ValidateExtended>false</ValidateExtended>
            <AllowTrailingDelimiters>false</AllowTrailingDelimiters>
            <GenerateTrailingDelimiters>false</GenerateTrailingDelimiters>
            <CreateEmptyXmlTagsForTrailingSeparators>true</CreateEmptyXmlTagsForTrailingSeparators>
            <MaskSecurityInfo>true</MaskSecurityInfo>
            <ConvertImpliedDecimal>false</ConvertImpliedDecimal>
            <PreserveBatch>TransactionSetXML</PreserveBatch>
            <EdiEncoding>Edifact</EdiEncoding>
          </PartnerAckValidation>
          <PartnerEdifact xmlns:xsi="http://www.w3.org/2001/XMLSchema-instance" xmlns:xsd="http://www.w3.org/2001/XMLSchema">
            <IsSender>false</IsSender>
            <PartyName>FedEx</PartyName>
            <PartnerEdifactReceiverGroups />
            <PartnerEdifactSenderGroups />
            <UnaGenerateSegment>true</UnaGenerateSegment>
            <Una1>:</Una1>
            <Una2>+</Una2>
            <Una3>,</Una3>
            <Una4>?</Una4>
            <Una5>*</Una5>
            <Una6>'</Una6>
            <Una6Suffix>None</Una6Suffix>
            <Unb1Id>UNOB</Unb1Id>
            <Unb1Version>1</Unb1Version>
            <Unb5CheckDup>true</Unb5CheckDup>
            <Unb5DupValidity>30</Unb5DupValidity>
            <Unb5MinVal>1</Unb5MinVal>
            <Unb5MaxVal>99999999999999</Unb5MaxVal>
            <Unb5Rollover>true</Unb5Rollover>
            <Unb9>0</Unb9>
            <Unb11>false</Unb11>
            <UngCreateSegments>false</UngCreateSegments>
            <Ung5MinVal>1</Ung5MinVal>
            <Ung5MaxVal>99999999999999</Ung5MaxVal>
            <Ung5Rollover>true</Ung5Rollover>
            <Ung5CheckDup>false</Ung5CheckDup>
            <UnhApplyNewId>true</UnhApplyNewId>
            <UnhCheckDup>false</UnhCheckDup>
            <Unh1MinVal>1</Unh1MinVal>
            <Unh1MaxVal>99999999999999</Unh1MaxVal>
            <Unh1Rollover>true</Unh1Rollover>
          </PartnerEdifact>
          <PartnerAckValidation xmlns:xsi="http://www.w3.org/2001/XMLSchema-instance" xmlns:xsd="http://www.w3.org/2001/XMLSchema">
            <IsSender>false</IsSender>
            <PartyName>FedEx</PartyName>
            <RouteAcktoSendPipeline>true</RouteAcktoSendPipeline>
            <SendTechnicalAck>false</SendTechnicalAck>
            <DontBatchTechnicalAck>false</DontBatchTechnicalAck>
            <SendFunctionalAck>false</SendFunctionalAck>
            <ExpectFunctionalAck>false</ExpectFunctionalAck>
            <DontBatchFunctionalAck>false</DontBatchFunctionalAck>
            <GenerateLoopForValidMessagesInAck>false</GenerateLoopForValidMessagesInAck>
            <ValidateEdiType>true</ValidateEdiType>
            <IgnoreInvalidChars>true</IgnoreInvalidChars>
            <ValidateExtended>false</ValidateExtended>
            <AllowTrailingDelimiters>false</AllowTrailingDelimiters>
            <GenerateTrailingDelimiters>false</GenerateTrailingDelimiters>
            <CreateEmptyXmlTagsForTrailingSeparators>true</CreateEmptyXmlTagsForTrailingSeparators>
            <MaskSecurityInfo>true</MaskSecurityInfo>
            <ConvertImpliedDecimal>false</ConvertImpliedDecimal>
            <PreserveBatch>TransactionSetXML</PreserveBatch>
            <EdiEncoding>Edifact</EdiEncoding>
          </PartnerAckValidation>
          <PartnerX12 xmlns:xsi="http://www.w3.org/2001/XMLSchema-instance" xmlns:xsd="http://www.w3.org/2001/XMLSchema">
            <IsSender>true</IsSender>
            <PartyName>FedEx</PartyName>
            <PartnerX12ReceiverGroups />
            <PartnerX12SenderGroups>
              <anyType xsi:type="PartnerX12SenderGroupUpdatable">
                <IsSender>true</IsSender>
                <PartyName>FedEx</PartyName>
                <GSTargetNamespace>http://schemas.microsoft.com/BizTalk/EDI/X12/2006</GSTargetNamespace>
                <GSDefaultSetting>true</GSDefaultSetting>
              </anyType>
            </PartnerX12SenderGroups>
            <Isa11UseAsRepSep>false</Isa11UseAsRepSep>
            <Isa11>U</Isa11>
            <Isa12>00401</Isa12>
            <Isa13MinVal>1</Isa13MinVal>
            <Isa13MaxVal>999999999</Isa13MaxVal>
            <Isa13Rollover>true</Isa13Rollover>
            <Isa13CheckDup>true</Isa13CheckDup>
            <Isa13DupValidity>30</Isa13DupValidity>
            <Isa14>false</Isa14>
            <Isa15>T</Isa15>
            <DESeparator>*</DESeparator>
            <CESeparator>:</CESeparator>
            <SegmentTerminator>~</SegmentTerminator>
            <SegmentTerminatorSuffix>None</SegmentTerminatorSuffix>
            <CheckDelimiterInPayload>false</CheckDelimiterInPayload>
            <GS6CheckDup>false</GS6CheckDup>
            <GS6MinVal>1</GS6MinVal>
            <GS6MaxVal>999999999</GS6MaxVal>
            <GS6Rollover>true</GS6Rollover>
            <TSCheckDup>false</TSCheckDup>
            <TSApplyNewId>true</TSApplyNewId>
            <TSControlNumberMinVal>1</TSControlNumberMinVal>
            <TSControlNumberMaxVal>999999999</TSControlNumberMaxVal>
            <TSControlNumberRollover>true</TSControlNumberRollover>
            <X12CharSet>UTF8</X12CharSet>
          </PartnerX12>
          <PartnerAckValidation xmlns:xsi="http://www.w3.org/2001/XMLSchema-instance" xmlns:xsd="http://www.w3.org/2001/XMLSchema">
            <IsSender>true</IsSender>
            <PartyName>FedEx</PartyName>
            <RouteAcktoSendPipeline>true</RouteAcktoSendPipeline>
            <SendTechnicalAck>false</SendTechnicalAck>
            <DontBatchTechnicalAck>false</DontBatchTechnicalAck>
            <SendFunctionalAck>false</SendFunctionalAck>
            <ExpectFunctionalAck>false</ExpectFunctionalAck>
            <DontBatchFunctionalAck>false</DontBatchFunctionalAck>
            <GenerateLoopForValidMessagesInAck>false</GenerateLoopForValidMessagesInAck>
            <ValidateEdiType>true</ValidateEdiType>
            <IgnoreInvalidChars>false</IgnoreInvalidChars>
            <ValidateExtended>false</ValidateExtended>
            <AllowTrailingDelimiters>false</AllowTrailingDelimiters>
            <GenerateTrailingDelimiters>false</GenerateTrailingDelimiters>
            <CreateEmptyXmlTagsForTrailingSeparators>true</CreateEmptyXmlTagsForTrailingSeparators>
            <MaskSecurityInfo>true</MaskSecurityInfo>
            <ConvertImpliedDecimal>false</ConvertImpliedDecimal>
            <PreserveBatch>TransactionSetXML</PreserveBatch>
            <EdiEncoding>X12</EdiEncoding>
          </PartnerAckValidation>
          <PartnerX12 xmlns:xsi="http://www.w3.org/2001/XMLSchema-instance" xmlns:xsd="http://www.w3.org/2001/XMLSchema">
            <IsSender>false</IsSender>
            <PartyName>FedEx</PartyName>
            <PartnerX12ReceiverGroups />
            <PartnerX12SenderGroups />
            <Isa11UseAsRepSep>false</Isa11UseAsRepSep>
            <Isa11>U</Isa11>
            <Isa12>00401</Isa12>
            <Isa13MinVal>1</Isa13MinVal>
            <Isa13MaxVal>999999999</Isa13MaxVal>
            <Isa13Rollover>true</Isa13Rollover>
            <Isa13CheckDup>true</Isa13CheckDup>
            <Isa13DupValidity>30</Isa13DupValidity>
            <Isa14>false</Isa14>
            <Isa15>T</Isa15>
            <DESeparator>*</DESeparator>
            <CESeparator>:</CESeparator>
            <SegmentTerminator>~</SegmentTerminator>
            <SegmentTerminatorSuffix>None</SegmentTerminatorSuffix>
            <CheckDelimiterInPayload>false</CheckDelimiterInPayload>
            <GS6CheckDup>false</GS6CheckDup>
            <GS6MinVal>1</GS6MinVal>
            <GS6MaxVal>999999999</GS6MaxVal>
            <GS6Rollover>true</GS6Rollover>
            <TSCheckDup>false</TSCheckDup>
            <TSApplyNewId>true</TSApplyNewId>
            <TSControlNumberMinVal>1</TSControlNumberMinVal>
            <TSControlNumberMaxVal>999999999</TSControlNumberMaxVal>
            <TSControlNumberRollover>true</TSControlNumberRollover>
            <X12CharSet>UTF8</X12CharSet>
          </PartnerX12>
          <PartnerAckValidation xmlns:xsi="http://www.w3.org/2001/XMLSchema-instance" xmlns:xsd="http://www.w3.org/2001/XMLSchema">
            <IsSender>false</IsSender>
            <PartyName>FedEx</PartyName>
            <RouteAcktoSendPipeline>true</RouteAcktoSendPipeline>
            <SendTechnicalAck>false</SendTechnicalAck>
            <DontBatchTechnicalAck>false</DontBatchTechnicalAck>
            <SendFunctionalAck>false</SendFunctionalAck>
            <ExpectFunctionalAck>false</ExpectFunctionalAck>
            <DontBatchFunctionalAck>false</DontBatchFunctionalAck>
            <GenerateLoopForValidMessagesInAck>false</GenerateLoopForValidMessagesInAck>
            <ValidateEdiType>true</ValidateEdiType>
            <IgnoreInvalidChars>false</IgnoreInvalidChars>
            <ValidateExtended>false</ValidateExtended>
            <AllowTrailingDelimiters>false</AllowTrailingDelimiters>
            <GenerateTrailingDelimiters>false</GenerateTrailingDelimiters>
            <CreateEmptyXmlTagsForTrailingSeparators>true</CreateEmptyXmlTagsForTrailingSeparators>
            <MaskSecurityInfo>true</MaskSecurityInfo>
            <ConvertImpliedDecimal>false</ConvertImpliedDecimal>
            <PreserveBatch>TransactionSetXML</PreserveBatch>
            <EdiEncoding>X12</EdiEncoding>
          </PartnerAckValidation>
          <PartnerBatches xmlns:xsi="http://www.w3.org/2001/XMLSchema-instance" xmlns:xsd="http://www.w3.org/2001/XMLSchema">
            <IsSender>false</IsSender>
            <PartyName>FedEx</PartyName>
            <Batches />
            <ActivateStatusReporting>false</ActivateStatusReporting>
          </PartnerBatches>
          <PartnerAS2CommonUpdatable xmlns:xsi="http://www.w3.org/2001/XMLSchema-instance" xmlns:xsd="http://www.w3.org/2001/XMLSchema">
            <IsSender>false</IsSender>
            <PartyName>FedEx</PartyName>
            <ActivateStatusReporting>false</ActivateStatusReporting>
            <CrlVerification>false</CrlVerification>
            <IgnoreSSLCertificateNameMismatch>false</IgnoreSSLCertificateNameMismatch>
            <Expect100Continue>true</Expect100Continue>
            <KeepHttpConnectionAlive>true</KeepHttpConnectionAlive>
            <UnfoldHttpHeaders>true</UnfoldHttpHeaders>
          </PartnerAS2CommonUpdatable>
          <PartnerAS2 xmlns:xsi="http://www.w3.org/2001/XMLSchema-instance" xmlns:xsd="http://www.w3.org/2001/XMLSchema">
            <IsSender>false</IsSender>
            <PartyName>FedEx</PartyName>
            <MessageEncryption>false</MessageEncryption>
            <MessageSigning>false</MessageSigning>
            <MessageCompression>false</MessageCompression>
            <ApplyMimePropertiesFromMessage>true</ApplyMimePropertiesFromMessage>
            <SignMdnifOptional>false</SignMdnifOptional>
            <MdnRequired>false</MdnRequired>
            <SynchronousMdn>true</SynchronousMdn>
            <SignedMdn>true</SignedMdn>
            <StoreInNativeFormat>false</StoreInNativeFormat>
            <StoreInWireFormat>false</StoreInWireFormat>
            <StoreMdn>false</StoreMdn>
            <DuplicateMessageCheckRange>5</DuplicateMessageCheckRange>
            <DuplicateMessageSuspended>false</DuplicateMessageSuspended>
            <DuplicateMessageChecked>false</DuplicateMessageChecked>
          </PartnerAS2>
          <PartnerAS2 xmlns:xsi="http://www.w3.org/2001/XMLSchema-instance" xmlns:xsd="http://www.w3.org/2001/XMLSchema">
            <IsSender>false</IsSender>
            <PartyName>FedEx</PartyName>
            <MessageEncryption>false</MessageEncryption>
            <MessageSigning>false</MessageSigning>
            <MessageCompression>false</MessageCompression>
            <MdnRequired>false</MdnRequired>
            <SynchronousMdn>true</SynchronousMdn>
            <AS2From>BizTalk</AS2From>
            <AS2To>FedEx</AS2To>
            <SignedMdn>true</SignedMdn>
            <SignedReceiptMicAlgorithm>MD5</SignedReceiptMicAlgorithm>
            <StoreInNativeFormat>false</StoreInNativeFormat>
            <StoreInWireFormat>false</StoreInWireFormat>
            <StoreMdn>false</StoreMdn>
            <ProcessMdnToMsgBox>false</ProcessMdnToMsgBox>
            <MessageContentType>text/plain</MessageContentType>
            <IsReliableMessagingEnabled>false</IsReliableMessagingEnabled>
            <MaximumResendDuration>1</MaximumResendDuration>
            <MaximumRetryDuration>30</MaximumRetryDuration>
            <MinimumResendInterval>15</MinimumResendInterval>
            <MinimumRetryInterval>5</MinimumRetryInterval>
            <NumberOfResendAttempts>3</NumberOfResendAttempts>
            <NumberOfRetryAttempts>3</NumberOfRetryAttempts>
            <OverridePortRetrySettings>false</OverridePortRetrySettings>
            <MinimumResendIntervalUnits>Minutes</MinimumResendIntervalUnits>
            <ResendTimeoutUnits>Hours</ResendTimeoutUnits>
            <MinimumRetryIntervalUnits>Minutes</MinimumRetryIntervalUnits>
            <RetryTimeoutUnits>Minutes</RetryTimeoutUnits>
            <IsFileNamePreserved>false</IsFileNamePreserved>
            <FileNameUserString>%FILE.ReceivedFileName%</FileNameUserString>
            <IsMessageSuspendedIfFileNameNotFound>false</IsMessageSuspendedIfFileNameNotFound>
            <IsFileNameAutogenerated>false</IsFileNameAutogenerated>
          </PartnerAS2>
        </PartyEDIProperties>
      </EdiData>
      <CustomData xsi:nil="true" />
    </Party>
  </PartyCollection>
  <EdiGlobalProperties>
    <EDIGlobalProperties>
      <GlobalCommon xmlns:xsi="http://www.w3.org/2001/XMLSchema-instance" xmlns:xsd="http://www.w3.org/2001/XMLSchema">
        <IsSender>false</IsSender>
        <ActivateStatusReporting>false</ActivateStatusReporting>
        <StoreTransactionSet>false</StoreTransactionSet>
        <LogEngineErrors>true</LogEngineErrors>
      </GlobalCommon>
      <GlobalEdiFact xmlns:xsi="http://www.w3.org/2001/XMLSchema-instance" xmlns:xsd="http://www.w3.org/2001/XMLSchema">
        <IsSender>true</IsSender>
        <UnaGenerateSegment>true</UnaGenerateSegment>
        <Una1>:</Una1>
        <Una2>+</Una2>
        <Una3>,</Una3>
        <Una4>?</Una4>
        <Una5>*</Una5>
        <Una6>'</Una6>
        <Una6Suffix>None</Una6Suffix>
        <Unb1Id>UNOB</Unb1Id>
        <Unb1Version>1</Unb1Version>
        <Unb2Id>BTS-SENDER</Unb2Id>
        <Unb2CodeQualifier>ZZZ</Unb2CodeQualifier>
        <Unb3Id>RECEIVE-PARTNER</Unb3Id>
        <Unb5MinVal>1</Unb5MinVal>
        <Unb5MaxVal>99999999999999</Unb5MaxVal>
        <Unb5Rollover>true</Unb5Rollover>
        <Unb5CheckDup>false</Unb5CheckDup>
        <Unb5DupValidity>30</Unb5DupValidity>
        <Unb6Qualifier />
        <Unb9>0</Unb9>
        <Unb11>false</Unb11>
        <UngCreateSegment>false</UngCreateSegment>
        <Ung5MinVal>1</Ung5MinVal>
        <Ung5MaxVal>99999999999999</Ung5MaxVal>
        <Ung5Rollover>true</Ung5Rollover>
        <Ung5CheckDup>false</Ung5CheckDup>
        <GenerateContrlReceipt>false</GenerateContrlReceipt>
        <GenerateContrlAck>false</GenerateContrlAck>
        <UngNamespace>http://schemas.microsoft.com/BizTalk/EDI/EDIFACT/2006</UngNamespace>
        <UnhCheckDup>false</UnhCheckDup>
        <UnhApplyNewId>true</UnhApplyNewId>
        <Unh1MinVal>1</Unh1MinVal>
        <Unh1MaxVal>99999999999999</Unh1MaxVal>
        <Unh1Rollover>true</Unh1Rollover>
      </GlobalEdiFact>
      <GlobalEdiFact xmlns:xsi="http://www.w3.org/2001/XMLSchema-instance" xmlns:xsd="http://www.w3.org/2001/XMLSchema">
        <IsSender>false</IsSender>
        <UnaGenerateSegment>true</UnaGenerateSegment>
        <Una1>:</Una1>
        <Una2>+</Una2>
        <Una3>,</Una3>
        <Una4>?</Una4>
        <Una5>*</Una5>
        <Una6>'</Una6>
        <Una6Suffix>None</Una6Suffix>
        <Unb1Id>UNOB</Unb1Id>
        <Unb1Version>1</Unb1Version>
        <Unb2Id>BTS-SENDER</Unb2Id>
        <Unb2CodeQualifier>ZZZ</Unb2CodeQualifier>
        <Unb3Id>RECEIVE-PARTNER</Unb3Id>
        <Unb5MinVal>1</Unb5MinVal>
        <Unb5MaxVal>99999999999999</Unb5MaxVal>
        <Unb5Rollover>true</Unb5Rollover>
        <Unb5CheckDup>false</Unb5CheckDup>
        <Unb5DupValidity>30</Unb5DupValidity>
        <Unb6Qualifier />
        <Unb9>0</Unb9>
        <Unb11>false</Unb11>
        <UngCreateSegment>false</UngCreateSegment>
        <Ung5MinVal>1</Ung5MinVal>
        <Ung5MaxVal>99999999999999</Ung5MaxVal>
        <Ung5Rollover>true</Ung5Rollover>
        <Ung5CheckDup>false</Ung5CheckDup>
        <GenerateContrlReceipt>false</GenerateContrlReceipt>
        <GenerateContrlAck>false</GenerateContrlAck>
        <UngNamespace>http://schemas.microsoft.com/BizTalk/EDI/EDIFACT/2006</UngNamespace>
        <UnhCheckDup>false</UnhCheckDup>
        <UnhApplyNewId>true</UnhApplyNewId>
        <Unh1MinVal>1</Unh1MinVal>
        <Unh1MaxVal>99999999999999</Unh1MaxVal>
        <Unh1Rollover>true</Unh1Rollover>
      </GlobalEdiFact>
      <GlobalX12 xmlns:xsi="http://www.w3.org/2001/XMLSchema-instance" xmlns:xsd="http://www.w3.org/2001/XMLSchema">
        <IsSender>true</IsSender>
        <Isa1>00</Isa1>
        <Isa3>00</Isa3>
        <Isa5>ZZ</Isa5>
        <Isa6>BTS-SENDER</Isa6>
        <Isa7>ZZ</Isa7>
        <Isa8>RECEIVE-PARTNER</Isa8>
        <Isa11UseAsRepSep>false</Isa11UseAsRepSep>
        <Isa11>U</Isa11>
        <Isa12>00401</Isa12>
        <Isa13MinVal>1</Isa13MinVal>
        <Isa13MaxVal>999999999</Isa13MaxVal>
        <Isa13Rollover>true</Isa13Rollover>
        <Isa13CheckDup>false</Isa13CheckDup>
        <Isa13DupValidity>30</Isa13DupValidity>
        <Isa14>false</Isa14>
        <Isa15>T</Isa15>
        <GSNamespace>http://schemas.microsoft.com/BizTalk/EDI/X12/2006</GSNamespace>
        <DESeparator>*</DESeparator>
        <CESeparator>:</CESeparator>
        <SegmentTerminator>~</SegmentTerminator>
        <STSuffix>None</STSuffix>
        <CheckDelimiterInPayload>false</CheckDelimiterInPayload>
        <GS1>ZZ</GS1>
        <GS2>BTS-SENDER</GS2>
        <GS3>RECEIVE-APP</GS3>
        <GS4>CCYYMMDD</GS4>
        <GS5>HHMM</GS5>
        <GS6MinVal>1</GS6MinVal>
        <GS6MaxVal>999999999</GS6MaxVal>
        <GS6Rollover>true</GS6Rollover>
        <GS6CheckDup>false</GS6CheckDup>
        <GS7>X</GS7>
        <GS8>004010</GS8>
        <TSCheckDup>false</TSCheckDup>
        <TSApplyNewId>true</TSApplyNewId>
        <TSControlNumberMinVal>1</TSControlNumberMinVal>
        <TSControlNumberMaxVal>999999999</TSControlNumberMaxVal>
        <TSControlNumberRollover>true</TSControlNumberRollover>
        <GenerateTA1>false</GenerateTA1>
        <Generate997>false</Generate997>
        <X12CharSet>UTF8</X12CharSet>
      </GlobalX12>
      <GlobalX12 xmlns:xsi="http://www.w3.org/2001/XMLSchema-instance" xmlns:xsd="http://www.w3.org/2001/XMLSchema">
        <IsSender>false</IsSender>
        <Isa1>00</Isa1>
        <Isa3>00</Isa3>
        <Isa5>ZZ</Isa5>
        <Isa6>BTS-SENDER</Isa6>
        <Isa7>ZZ</Isa7>
        <Isa8>RECEIVE-PARTNER</Isa8>
        <Isa11UseAsRepSep>false</Isa11UseAsRepSep>
        <Isa11>U</Isa11>
        <Isa12>00401</Isa12>
        <Isa13MinVal>1</Isa13MinVal>
        <Isa13MaxVal>999999999</Isa13MaxVal>
        <Isa13Rollover>true</Isa13Rollover>
        <Isa13CheckDup>false</Isa13CheckDup>
        <Isa13DupValidity>30</Isa13DupValidity>
        <Isa14>false</Isa14>
        <Isa15>T</Isa15>
        <GSNamespace>http://schemas.microsoft.com/BizTalk/EDI/X12/2006</GSNamespace>
        <DESeparator>*</DESeparator>
        <CESeparator>:</CESeparator>
        <SegmentTerminator>~</SegmentTerminator>
        <STSuffix>None</STSuffix>
        <CheckDelimiterInPayload>false</CheckDelimiterInPayload>
        <GS1>ZZ</GS1>
        <GS2>BTS-SENDER</GS2>
        <GS3>RECEIVE-APP</GS3>
        <GS4>CCYYMMDD</GS4>
        <GS5>HHMM</GS5>
        <GS6MinVal>1</GS6MinVal>
        <GS6MaxVal>999999999</GS6MaxVal>
        <GS6Rollover>true</GS6Rollover>
        <GS6CheckDup>false</GS6CheckDup>
        <GS7>X</GS7>
        <GS8>004010</GS8>
        <TSCheckDup>false</TSCheckDup>
        <TSApplyNewId>true</TSApplyNewId>
        <TSControlNumberMinVal>1</TSControlNumberMinVal>
        <TSControlNumberMaxVal>999999999</TSControlNumberMaxVal>
        <TSControlNumberRollover>true</TSControlNumberRollover>
        <GenerateTA1>false</GenerateTA1>
        <Generate997>false</Generate997>
        <X12CharSet>UTF8</X12CharSet>
      </GlobalX12>
    </EDIGlobalProperties>
  </EdiGlobalProperties>
</BindingInfo>