<?xml version="1.0" encoding="UTF-8"?><?xml-stylesheet type='text/xsl' href='_UpgradeReport_Files/UpgradeReport.xslt'?><UpgradeLog>
<Properties><Property Name="Solution" Value="DynamicExploration">
</Property><Property Name="Solution File" Value="D:\pluralsight\SQL2005\Course\Slides\MOD-SMO\Examples\DynamicExploration\DynamicExploration.sln">
</Property><Property Name="User Options File" Value="D:\pluralsight\SQL2005\Course\Slides\MOD-SMO\Examples\DynamicExploration\DynamicExploration.suo">
</Property><Property Name="Date" Value="Thursday, March 11, 2010">
</Property><Property Name="Time" Value="7:36 AM">
</Property></Properties><Event ErrorLevel="0" Project="" Source="DynamicExploration.sln" Description="File successfully backed up as D:\pluralsight\SQL2005\Course\Slides\MOD-SMO\Examples\DynamicExploration\Backup\DynamicExploration.sln">
</Event><Event ErrorLevel="0" Project="" Source="DynamicExploration.suo" Description="File successfully backed up as D:\pluralsight\SQL2005\Course\Slides\MOD-SMO\Examples\DynamicExploration\Backup\DynamicExploration.suo">
</Event><Event ErrorLevel="0" Project="DynamicExploration" Source="DynamicExploration\DynamicExploration.csproj" Description="Project file successfully backed up as D:\pluralsight\SQL2005\Course\Slides\MOD-SMO\Examples\DynamicExploration\Backup\DynamicExploration\DynamicExploration.csproj">
</Event><Event ErrorLevel="0" Project="DynamicExploration" Source="DynamicExploration\Program.cs" Description="File successfully backed up as D:\pluralsight\SQL2005\Course\Slides\MOD-SMO\Examples\DynamicExploration\Backup\DynamicExploration\Program.cs">
</Event><Event ErrorLevel="0" Project="DynamicExploration" Source="DynamicExploration\Properties\AssemblyInfo.cs" Description="File successfully backed up as D:\pluralsight\SQL2005\Course\Slides\MOD-SMO\Examples\DynamicExploration\Backup\DynamicExploration\Properties\AssemblyInfo.cs">
</Event><Event ErrorLevel="1" Project="DynamicExploration" Source="DynamicExploration\DynamicExploration.csproj" Description="Your project is targeting .NET Framework 2.0 or 3.0. If your project uses assemblies requiring a newer .NET Framework, your project will fail to build. You can change the .NET Framework version by clicking Properties on the project menu and then selecting a new version in the '.NET Framework' dropdown box. (In Visual Basic, this is located on the Compile tab by clicking the 'Advanced Compiler Options...' button.)">
</Event><Event ErrorLevel="0" Project="DynamicExploration" Source="DynamicExploration\DynamicExploration.csproj" Description="Project converted successfully">
</Event><Event ErrorLevel="3" Project="DynamicExploration" Source="DynamicExploration\DynamicExploration.csproj" Description="Converted">
</Event><Event ErrorLevel="0" Project="" Source="DynamicExploration.sln" Description="Solution converted successfully">
</Event><Event ErrorLevel="3" Project="" Source="DynamicExploration.sln" Description="Converted">
</Event><Event ErrorLevel="0" Project="DynamicExploration" Source="DynamicExploration\DynamicExploration.csproj" Description="Scan complete: Upgrade not required for project files.">
</Event></UpgradeLog>