<?xml version="1.0" ?> 
<SampleConfigs>
<SampleConfig ParentNodeID = "DataSeries" Priority="600">
  <Title>Assigning Primary or Secondary Axis</Title> 
  <Thumbnail>thumbnail.jpg</Thumbnail>
  <ShortBlurb>Assigning a Series to an Axis</ShortBlurb> 
  <Content>SeriesAxis.aspx</Content> 
  <InfoPages>
    <InfoPage Title="C# Source">cscode.txt</InfoPage>
    <InfoPage Title="Visual Basic Source">vbcode.txt</InfoPage>
  </InfoPages>   
</SampleConfig>

<SampleConfig ParentNodeID = "Axis" Priority="425">
  <Title>Assigning Primary or Secondary Axis</Title> 
  <Thumbnail>thumbnail.jpg</Thumbnail>
  <ShortBlurb>Assigning a Series to an Axis</ShortBlurb> 
  <Content>SeriesAxis.aspx</Content> 
  <InfoPages>
    <InfoPage Title="C# Source">cscode.txt</InfoPage>
    <InfoPage Title="Visual Basic Source">vbcode.txt</InfoPage>
  </InfoPages>

  <Keywords>
    <Keyword>Series, Using Secondary Axes</Keyword>
    <Keyword>Axis, Secondary Axes</Keyword>
    <Keyword>Secondary Axis, Plotting Series</Keyword>
  </Keywords>  
</SampleConfig>


</SampleConfigs>