<airports>
  <airport>
    <code>NYC</code>
    <name>All airports</name>
  </airport>
  <airport>
    <code>LAX</code>
    <name>Los Angeles</name>
  </airport>
  <airport>
    <code>BOS</code>
    <name>Logan International</name>
  </airport>
  <airport>
    <code>SFO</code>
    <name>San Francisco</name>
  </airport>
  <airport>
    <code>LAS</code>
    <name>McCarran</name>
  </airport>
  <airport>
    <code>MIA</code>
    <name>Miami</name>
  </airport>
  <airport>
    <code>DEN</code>
    <name>Denver International</name>
  </airport>
  <airport>
    <code>MCO</code>
    <name>Orlando</name>
  </airport>
  <airport>
    <code>LON</code>
    <name>All airports</name>
  </airport>
  <airport>
    <code>SEA</code>
    <name>Seattle/Tacoma Intl</name>
  </airport>
  <airport>
    <code>ATL</code>
    <name>Hartsfield-Jackson</name>
  </airport>
  <airport>
    <code>EWR</code>
    <name>Newark</name>
  </airport>
  <airport>
    <code>JFK</code>
    <name>John F Kennedy Intl</name>
  </airport>
  <airport>
    <code>CHI</code>
    <name>All airports</name>
  </airport>
  <airport>
    <code>FLL</code>
    <name>Fort Lauderdale</name>
  </airport>
  <airport>
    <code>ORD</code>
    <name>O'Hare International</name>
  </airport>
  <airport>
    <code>WAS</code>
    <name>All airports</name>
  </airport>
  <airport>
    <code>MSP</code>
    <name>Minneapolis St Paul</name>
  </airport>
  <airport>
    <code>PHX</code>
    <name>Sky Harbor Intl</name>
  </airport>
  <airport>
    <code>PHL</code>
    <name>Philadelphia</name>
  </airport>
  <airport>
    <code>DFW</code>
    <name>Dallas/Ft Worth Intl</name>
  </airport>
  <airport>
    <code>TPA</code>
    <name>Tampa</name>
  </airport>
  <airport>
    <code>DTW</code>
    <name>Wayne County</name>
  </airport>
  <airport>
    <code>SAN</code>
    <name>San Diego</name>
  </airport>
  <airport>
    <code>PDX</code>
    <name>Portland</name>
  </airport>
  <airport>
    <code>BWI</code>
    <name>Baltimore/Washington</name>
  </airport>
  <airport>
    <code>LGA</code>
    <name>LaGuardia</name>
  </airport>
  <airport>
    <code>HNL</code>
    <name>Honolulu</name>
  </airport>
  <airport>
    <code>CLT</code>
    <name>Douglas</name>
  </airport>
  <airport>
    <code>DCA</code>
    <name>Reagan-National</name>
  </airport>
  <airport>
    <code>IAD</code>
    <name>Dulles Intl</name>
  </airport>
  <airport>
    <code>SJU</code>
    <name>Luis Munoz Marin</name>
  </airport>
  <airport>
    <code>RDU</code>
    <name>Raleigh-Durham</name>
  </airport>
  <airport>
    <code>LHR</code>
    <name>Heathrow</name>
  </airport>
  <airport>
    <code>IND</code>
    <name>Indianapolis</name>
  </airport>
  <airport>
    <code>RSW</code>
    <name>SW Florida Intl</name>
  </airport>
  <airport>
    <code>YYZ</code>
    <name>Pearson Intl</name>
  </airport>
  <airport>
    <code>SLC</code>
    <name>Salt Lake City</name>
  </airport>
  <airport>
    <code>AUS</code>
    <name>Austin Bergstrom</name>
  </airport>
  <airport>
    <code>PIT</code>
    <name>Pittsburgh</name>
  </airport>
  <airport>
    <code>MSY</code>
    <name>Louis Armstrong</name>
  </airport>
  <airport>
    <code>CUN</code>
    <name>Cancun</name>
  </airport>
  <airport>
    <code>IAH</code>
    <name>George Bush Intcntl</name>
  </airport>
  <airport>
    <code>PAR</code>
    <name>All airports</name>
  </airport>
  <airport>
    <code>PBI</code>
    <name>West Palm Beach</name>
  </airport>
  <airport>
    <code>ORL</code>
    <name>All airports</name>
  </airport>
  <airport>
    <code>STL</code>
    <name>Lambert-St Louis</name>
  </airport>
  <airport>
    <code>BDL</code>
    <name>Bradley Intl</name>
  </airport>
  <airport>
    <code>BUF</code>
    <name>Buffalo</name>
  </airport>
  <airport>
    <code>MCI</code>
    <name>Kansas City</name>
  </airport>
  <airport>
    <code>CLE</code>
    <name>Hopkins Intl</name>
  </airport>
  <airport>
    <code>SJC</code>
    <name>San Jose</name>
  </airport>
  <airport>
    <code>CMH</code>
    <name>Columbus</name>
  </airport>
  <airport>
    <code>MKE</code>
    <name>Milwaukee-Mitchell</name>
  </airport>
  <airport>
    <code>JAX</code>
    <name>Jacksonville</name>
  </airport>
  <airport>
    <code>HOU</code>
    <name>Hobby and All airports</name>
  </airport>
  <airport>
    <code>FRA</code>
    <name>Frankfurt</name>
  </airport>
  <airport>
    <code>MAD</code>
    <name>Barajas</name>
  </airport>
  <airport>
    <code>AMS</code>
    <name>Amsterdam-Schiphol</name>
  </airport>
  <airport>
    <code>OAK</code>
    <name>Oakland</name>
  </airport>
  <airport>
    <code>SMF</code>
    <name>Metropolitan</name>
  </airport>
  <airport>
    <code>YVR</code>
    <name>Vancouver Intl</name>
  </airport>
  <airport>
    <code>BKK</code>
    <name>Bangkok</name>
  </airport>
  <airport>
    <code>SNA</code>
    <name>J. Wayne/Orange Cnty</name>
  </airport>
  <airport>
    <code>BNA</code>
    <name>Nashville Intl</name>
  </airport>
  <airport>
    <code>SAT</code>
    <name>San Antonio</name>
  </airport>
  <airport>
    <code>BCN</code>
    <name>Barcelona</name>
  </airport>
  <airport>
    <code>MAN</code>
    <name>Manchester</name>
  </airport>
  <airport>
    <code>DUB</code>
    <name>Dublin</name>
  </airport>
  <airport>
    <code>MEX</code>
    <name>Juarez International</name>
  </airport>
  <airport>
    <code>ROM</code>
    <name>All airports</name>
  </airport>
  <airport>
    <code>CDG</code>
    <name>Ch. De Gaulle</name>
  </airport>
  <airport>
    <code>SJO</code>
    <name>Juan Santamaria Intl</name>
  </airport>
  <airport>
    <code>PVD</code>
    <name>Providence-TFGreen</name>
  </airport>
  <airport>
    <code>DEL</code>
    <name>Indira Gandhi Intl</name>
  </airport>
  <airport>
    <code>CVG</code>
    <name>Cinci./N. Kentucky</name>
  </airport>
  <airport>
    <code>RIC</code>
    <name>Byrd International</name>
  </airport>
  <airport>
    <code>OMA</code>
    <name>Eppley Airfield</name>
  </airport>
  <airport>
    <code>MNL</code>
    <name>Ninoy Aquino Intl</name>
  </airport>
  <airport>
    <code>BOM</code>
    <name>Chhatrapati Shivaji</name>
  </airport>
  <airport>
    <code>ONT</code>
    <name>Ontario</name>
  </airport>
  <airport>
    <code>TLV</code>
    <name>Ben Gurion Intl</name>
  </airport>
  <airport>
    <code>SYR</code>
    <name>Hancock Intl</name>
  </airport>
  <airport>
    <code>TUS</code>
    <name>Tucson</name>
  </airport>
  <airport>
    <code>DAY</code>
    <name>Dayton</name>
  </airport>
  <airport>
    <code>DTT</code>
    <name>All airports</name>
  </airport>
  <airport>
    <code>ROC</code>
    <name>Monroe County</name>
  </airport>
  <airport>
    <code>ABQ</code>
    <name>Albuquerque</name>
  </airport>
  <airport>
    <code>HKG</code>
    <name>Hong Kong Intl</name>
  </airport>
  <airport>
    <code>MEM</code>
    <name>Memphis</name>
  </airport>
  <airport>
    <code>ATH</code>
    <name>Eleftherios V.</name>
  </airport>
  <airport>
    <code>ORF</code>
    <name>Norfolk</name>
  </airport>
  <airport>
    <code>CHS</code>
    <name>AFB-Municipal</name>
  </airport>
  <airport>
    <code>YUL</code>
    <name>Elliott Trudeau</name>
  </airport>
  <airport>
    <code>OGG</code>
    <name>Kahului</name>
  </airport>
  <airport>
    <code>MUC</code>
    <name>Franz Josef Strauss</name>
  </airport>
  <airport>
    <code>MDW</code>
    <name>Midway</name>
  </airport>
  <airport>
    <code>SDF</code>
    <name>Standiford Field</name>
  </airport>
  <airport>
    <code>ALB</code>
    <name>Albany International</name>
  </airport>
  <airport>
    <code>MHT</code>
    <name>Manchester</name>
  </airport>
  <airport>
    <code>ANC</code>
    <name>Anchorage</name>
  </airport>
  <airport>
    <code>LIM</code>
    <name>J Chavez Intl</name>
  </airport>
  <airport>
    <code>DXB</code>
    <name>Dubai International</name>
  </airport>
  <airport>
    <code>OKC</code>
    <name>Will Rogers World</name>
  </airport>
  <airport>
    <code>PVR</code>
    <name>Ordaz</name>
  </airport>
  <airport>
    <code>SAV</code>
    <name>Savannah/Hilton Head</name>
  </airport>
  <airport>
    <code>SIN</code>
    <name>Changi</name>
  </airport>
  <airport>
    <code>IST</code>
    <name>Ataturk</name>
  </airport>
  <airport>
    <code>LGW</code>
    <name>Gatwick</name>
  </airport>
  <airport>
    <code>PRG</code>
    <name>Ruzyne</name>
  </airport>
  <airport>
    <code>RNO</code>
    <name>Reno</name>
  </airport>
  <airport>
    <code>SYD</code>
    <name>Kingsford Smith</name>
  </airport>
  <airport>
    <code>SRQ</code>
    <name>Sarasota Bradenton</name>
  </airport>
  <airport>
    <code>FCO</code>
    <name>Fiumicino</name>
  </airport>
  <airport>
    <code>GRR</code>
    <name>Gerald R. Ford Intl</name>
  </airport>
  <airport>
    <code>PWM</code>
    <name>Portland</name>
  </airport>
  <airport>
    <code>SJD</code>
    <name>Los Cabos</name>
  </airport>
  <airport>
    <code>GEG</code>
    <name>Spokane</name>
  </airport>
  <airport>
    <code>ZRH</code>
    <name>Zurich Intl</name>
  </airport>
  <airport>
    <code>GSO</code>
    <name>Greensboro/H. Point</name>
  </airport>
  <airport>
    <code>PNS</code>
    <name>Pensacola</name>
  </airport>
  <airport>
    <code>BTV</code>
    <name>Burlington</name>
  </airport>
  <airport>
    <code>MYR</code>
    <name>All airports</name>
  </airport>
  <airport>
    <code>MBJ</code>
    <name>Sangster Intl</name>
  </airport>
  <airport>
    <code>BHM</code>
    <name>Birmingham</name>
  </airport>
  <airport>
    <code>COS</code>
    <name>Colorado Springs</name>
  </airport>
  <airport>
    <code>YYC</code>
    <name>Calgary</name>
  </airport>
  <airport>
    <code>BRU</code>
    <name>National</name>
  </airport>
  <airport>
    <code>TUL</code>
    <name>Tulsa</name>
  </airport>
  <airport>
    <code>JNB</code>
    <name>OR Tambo</name>
  </airport>
  <airport>
    <code>NAS</code>
    <name>Intl</name>
  </airport>
  <airport>
    <code>CAI</code>
    <name>Cairo</name>
  </airport>
  <airport>
    <code>DSM</code>
    <name>Des Moines</name>
  </airport>
  <airport>
    <code>VIE</code>
    <name>Vienna International</name>
  </airport>
  <airport>
    <code>BUR</code>
    <name>Bob Hope</name>
  </airport>
  <airport>
    <code>STT</code>
    <name>Cyril E King Airport</name>
  </airport>
  <airport>
    <code>BOI</code>
    <name>Air Term. Gowen Fld</name>
  </airport>
  <airport>
    <code>NRT</code>
    <name>Narita</name>
  </airport>
  <airport>
    <code>EDI</code>
    <name>Turnhouse</name>
  </airport>
  <airport>
    <code>YTO</code>
    <name>All airports</name>
  </airport>
  <airport>
    <code>AUA</code>
    <name>Reina Beatrix</name>
  </airport>
  <airport>
    <code>PEK</code>
    <name>Capital</name>
  </airport>
  <airport>
    <code>MSN</code>
    <name>Truax Field</name>
  </airport>
  <airport>
    <code>GVA</code>
    <name>Geneve-Cointrin</name>
  </airport>
  <airport>
    <code>BER</code>
    <name>All airports</name>
  </airport>
  <airport>
    <code>BUD</code>
    <name>Ferihegy</name>
  </airport>
  <airport>
    <code>CPH</code>
    <name>Copenhagen Airport</name>
  </airport>
  <airport>
    <code>LIT</code>
    <name>Little Rock</name>
  </airport>
  <airport>
    <code>VCE</code>
    <name>Marco Polo</name>
  </airport>
  <airport>
    <code>SDQ</code>
    <name>Las Americas</name>
  </airport>
  <airport>
    <code>HPN</code>
    <name>Westchester County</name>
  </airport>
  <airport>
    <code>MIL</code>
    <name>All airports</name>
  </airport>
  <airport>
    <code>TYS</code>
    <name>McGhee Tyson</name>
  </airport>
  <airport>
    <code>LIH</code>
    <name>Lihue</name>
  </airport>
  <airport>
    <code>PVG</code>
    <name>Pu Dong</name>
  </airport>
  <airport>
    <code>CAK</code>
    <name>Akron/Canton</name>
  </airport>
  <airport>
    <code>GDL</code>
    <name>Miguel Hidal</name>
  </airport>
  <airport>
    <code>LIS</code>
    <name>Lisboa</name>
  </airport>
  <airport>
    <code>GLA</code>
    <name>Glasgow Intl</name>
  </airport>
  <airport>
    <code>FNT</code>
    <name>Bishop</name>
  </airport>
  <airport>
    <code>GUA</code>
    <name>La Aurora</name>
  </airport>
  <airport>
    <code>DAB</code>
    <name>Daytona Beach</name>
  </airport>
  <airport>
    <code>ELP</code>
    <name>El Paso</name>
  </airport>
  <airport>
    <code>ICN</code>
    <name>Incheon Intl Airport</name>
  </airport>
  <airport>
    <code>MOW</code>
    <name>All airports</name>
  </airport>
  <airport>
    <code>PSP</code>
    <name>Palm Springs</name>
  </airport>
  <airport>
    <code>BUE</code>
    <name>All airports</name>
  </airport>
  <airport>
    <code>KOA</code>
    <name>Kailua-Kona</name>
  </airport>
  <airport>
    <code>WAW</code>
    <name>Frederic Chopin</name>
  </airport>
  <airport>
    <code>BHX</code>
    <name>Birmingham</name>
  </airport>
  <airport>
    <code>KUL</code>
    <name>Kuala Lumpur Intl</name>
  </airport>
  <airport>
    <code>MAA</code>
    <name>Chennai</name>
  </airport>
  <airport>
    <code>GSP</code>
    <name>Greenville</name>
  </airport>
  <airport>
    <code>ICT</code>
    <name>Mid-Continent</name>
  </airport>
  <airport>
    <code>HYD</code>
    <name>Begumpet</name>
  </airport>
  <airport>
    <code>NCE</code>
    <name>Cote D'Azur</name>
  </airport>
  <airport>
    <code>LGB</code>
    <name>Long Beach Municipal</name>
  </airport>
  <airport>
    <code>CAE</code>
    <name>Metropolitan Airport</name>
  </airport>
  <airport>
    <code>LEX</code>
    <name>Blue Grass</name>
  </airport>
  <airport>
    <code>SXM</code>
    <name>Princ. Juliana</name>
  </airport>
  <airport>
    <code>EZE</code>
    <name>Ministro Pistarini</name>
  </airport>
  <airport>
    <code>AKL</code>
    <name>Auckland</name>
  </airport>
  <airport>
    <code>MDT</code>
    <name>Harrisburg</name>
  </airport>
  <airport>
    <code>SWF</code>
    <name>Stewart</name>
  </airport>
  <airport>
    <code>CPT</code>
    <name>Cape Town Intl</name>
  </airport>
  <airport>
    <code>EYW</code>
    <name>Key West</name>
  </airport>
  <airport>
    <code>FLR</code>
    <name>Peretola</name>
  </airport>
  <airport>
    <code>TLH</code>
    <name>Tallahassee</name>
  </airport>
  <airport>
    <code>BOG</code>
    <name>Eldorado</name>
  </airport>
  <airport>
    <code>FAT</code>
    <name>Airterminal</name>
  </airport>
  <airport>
    <code>YOW</code>
    <name>Ottawa</name>
  </airport>
  <airport>
    <code>KIN</code>
    <name>Norman Manley</name>
  </airport>
  <airport>
    <code>PUJ</code>
    <name>Punta Cana</name>
  </airport>
  <airport>
    <code>PTY</code>
    <name>Tocumen Intl</name>
  </airport>
  <airport>
    <code>DUS</code>
    <name>Düsseldorf</name>
  </airport>
  <airport>
    <code>TPE</code>
    <name>Taoyuan Intl</name>
  </airport>
  <airport>
    <code>AGP</code>
    <name>Malaga</name>
  </airport>
  <airport>
    <code>CID</code>
    <name>Cedar Rapids</name>
  </airport>
  <airport>
    <code>JAN</code>
    <name>Thompson Field</name>
  </airport>
  <airport>
    <code>ILM</code>
    <name>New Hanover County</name>
  </airport>
  <airport>
    <code>DAL</code>
    <name>Love Field</name>
  </airport>
  <airport>
    <code>MEL</code>
    <name>Tullamarine</name>
  </airport>
  <airport>
    <code>SCL</code>
    <name>Arturo M. Benitez</name>
  </airport>
  <airport>
    <code>BLR</code>
    <name>Hindustan</name>
  </airport>
  <airport>
    <code>UIO</code>
    <name>Mariscal Sucr</name>
  </airport>
  <airport>
    <code>YEG</code>
    <name>Edmonton</name>
  </airport>
  <airport>
    <code>STI</code>
    <name>Santiago</name>
  </airport>
  <airport>
    <code>EUG</code>
    <name>Eugene</name>
  </airport>
  <airport>
    <code>POS</code>
    <name>Piarco</name>
  </airport>
  <airport>
    <code>YMQ</code>
    <name>All airports</name>
  </airport>
  <airport>
    <code>SBN</code>
    <name>South Bend/Michiana</name>
  </airport>
  <airport>
    <code>MLI</code>
    <name>Quad-City</name>
  </airport>
  <airport>
    <code>BTR</code>
    <name>Ryan</name>
  </airport>
  <airport></airport>
  <airport>
    <code>SGN</code>
    <name>Ho Chi Minh City</name>
  </airport>
  <airport>
    <code>TYO</code>
    <name>All airports</name>
  </airport>
  <airport>
    <code>PHF</code>
    <name>Newport News/Henry</name>
  </airport>
  <airport>
    <code>HSV</code>
    <name>Huntsville</name>
  </airport>
  <airport>
    <code>SBA</code>
    <name>Santa Barbara</name>
  </airport>
  <airport>
    <code>GPT</code>
    <name>Biloxi Regional</name>
  </airport>
  <airport>
    <code>ABE</code>
    <name>Allentown-Bethlehem</name>
  </airport>
  <airport>
    <code>GCM</code>
    <name>Owen Roberts Intl</name>
  </airport>
  <airport>
    <code>GRB</code>
    <name>Austin-Straubel</name>
  </airport>
  <airport>
    <code>GRU</code>
    <name>Guarulhos Intl</name>
  </airport>
  <airport>
    <code>VPS</code>
    <name>Ft. Walton Beach</name>
  </airport>
  <airport>
    <code>JAC</code>
    <name>Jackson Hole</name>
  </airport>
  <airport>
    <code>SNN</code>
    <name>Shannon</name>
  </airport>
  <airport>
    <code>SAL</code>
    <name>Comalapa Intl</name>
  </airport>
  <airport>
    <code>BZE</code>
    <name>Philip S.W.Goldson</name>
  </airport>
  <airport>
    <code>HAM</code>
    <name>Fuhlsbüttel</name>
  </airport>
  <airport>
    <code>XNA</code>
    <name>Northwest Arkansas</name>
  </airport>
  <airport>
    <code>YHZ</code>
    <name>Halifax Intl</name>
  </airport>
  <airport>
    <code>CMN</code>
    <name>Mohamed V</name>
  </airport>
  <airport>
    <code>HEL</code>
    <name>Helsinki-Vantaa</name>
  </airport>
  <airport>
    <code>STO</code>
    <name>All airports</name>
  </airport>
  <airport>
    <code>ROA</code>
    <name>Roanoke</name>
  </airport>
  <airport>
    <code>OSL</code>
    <name>Oslo Airport</name>
  </airport>
  <airport>
    <code>KBP</code>
    <name>Borispol</name>
  </airport>
  <airport>
    <code>BZN</code>
    <name>Gallatin Field</name>
  </airport>
  <airport>
    <code>LOS</code>
    <name>Murtala Muhammed</name>
  </airport>
  <airport>
    <code>AVL</code>
    <name>Asheville Regional</name>
  </airport>
  <airport>
    <code>BGI</code>
    <name>Grantley Adams Intl</name>
  </airport>
  <airport>
    <code>MGA</code>
    <name>Augusto C Sandino</name>
  </airport>
  <airport>
    <code>LAN</code>
    <name>Capital City</name>
  </airport>
  <airport>
    <code>NBO</code>
    <name>Jomo Kenyatta Intl</name>
  </airport>
  <airport>
    <code>BIL</code>
    <name>Billings Logan Intl</name>
  </airport>
  <airport>
    <code>AMM</code>
    <name>Queen Alia Intl</name>
  </airport>
  <airport>
    <code>BNE</code>
    <name>Brisbane</name>
  </airport>
  <airport>
    <code>BJS</code>
    <name>All airports</name>
  </airport>
  <airport>
    <code>ACC</code>
    <name>Kotoka</name>
  </airport>
  <airport>
    <code>ACY</code>
    <name>Atlantic City</name>
  </airport>
  <airport>
    <code>STR</code>
    <name>Echterdingen</name>
  </airport>
  <airport>
    <code>MXP</code>
    <name>Malpensa</name>
  </airport>
  <airport>
    <code>SOF</code>
    <name>Sofia</name>
  </airport>
  <airport>
    <code>RIO</code>
    <name>All airports</name>
  </airport>
  <airport>
    <code>PFN</code>
    <name>Bay County</name>
  </airport>
  <airport>
    <code>SGF</code>
    <name>Springfield-Branson</name>
  </airport>
  <airport>
    <code>CCS</code>
    <name>Simon Bolivar</name>
  </airport>
  <airport>
    <code>POP</code>
    <name>La Union</name>
  </airport>
  <airport>
    <code>NAP</code>
    <name>Naples</name>
  </airport>
  <airport>
    <code>DPS</code>
    <name>Ngurah Rai</name>
  </airport>
  <airport>
    <code>LIR</code>
    <name>Liberia</name>
  </airport>
  <airport>
    <code>ISP</code>
    <name>Long Island</name>
  </airport>
  <airport>
    <code>STN</code>
    <name>Stansted</name>
  </airport>
  <airport>
    <code>NCL</code>
    <name>Newcastle Airport</name>
  </airport>
  <airport>
    <code>BDA</code>
    <name>Bermuda Intl</name>
  </airport>
  <airport>
    <code>MTY</code>
    <name>Gen Mariano Escobedo</name>
  </airport>
  <airport>
    <code>ACA</code>
    <name>Alvarez Intl</name>
  </airport>
  <airport>
    <code>OTP</code>
    <name>Otopeni Intl</name>
  </airport>
  <airport>
    <code>MOB</code>
    <name>Mobile</name>
  </airport>
  <airport>
    <code>KRK</code>
    <name>J. Paul II Balice</name>
  </airport>
  <airport>
    <code>BRS</code>
    <name>Bristol</name>
  </airport>
  <airport>
    <code>ALC</code>
    <name>Alicante</name>
  </airport>
  <airport>
    <code>YWG</code>
    <name>Winnipeg</name>
  </airport>
  <airport>
    <code>CZM</code>
    <name>Cozumel</name>
  </airport>
  <airport>
    <code>FSD</code>
    <name>Joe Foss Field</name>
  </airport>
  <airport>
    <code>BGR</code>
    <name>Bangor</name>
  </airport>
  <airport>
    <code>AVP</code>
    <name>Wilkes-Barre Scranton</name>
  </airport>
  <airport>
    <code>MSO</code>
    <name>Johnson-Bell Field</name>
  </airport>
  <airport>
    <code>BMI</code>
    <name>Bloomington-Normal</name>
  </airport>
  <airport>
    <code>HAN</code>
    <name>Noibai</name>
  </airport>
  <airport>
    <code>MFR</code>
    <name>Medford</name>
  </airport>
  <airport>
    <code>ITH</code>
    <name>Tompkins County</name>
  </airport>
  <airport>
    <code>FPO</code>
    <name>Grand Bahama Intl</name>
  </airport>
  <airport>
    <code>LCA</code>
    <name>Larnaca</name>
  </airport>
  <airport>
    <code>HAV</code>
    <name>Jose Marti Intl</name>
  </airport>
  <airport>
    <code>FWA</code>
    <name>Municipal/Baer Field</name>
  </airport>
  <airport>
    <code>GIG</code>
    <name>Intl</name>
  </airport>
  <airport>
    <code>PIE</code>
    <name>St. Petersburg</name>
  </airport>
  <airport>
    <code>CAN</code>
    <name>Baiyun</name>
  </airport>
  <airport>
    <code>GNV</code>
    <name>Gainesville Regional</name>
  </airport>
  <airport>
    <code>KTM</code>
    <name>Tribhuvan</name>
  </airport>
  <airport>
    <code>PER</code>
    <name>Perth</name>
  </airport>
  <airport>
    <code>GYE</code>
    <name>Simon Bolivar</name>
  </airport>
  <airport>
    <code>PLS</code>
    <name>Providenciales</name>
  </airport>
  <airport>
    <code>CHO</code>
    <name>Albemarle</name>
  </airport>
  <airport>
    <code>LED</code>
    <name>Pulkovo</name>
  </airport>
  <airport>
    <code>MRS</code>
    <name>Marseille</name>
  </airport>
  <airport>
    <code>MZT</code>
    <name>Gen Rafael Buelna</name>
  </airport>
  <airport>
    <code>PMI</code>
    <name>Palma Mallorca</name>
  </airport>
  <airport>
    <code>ARN</code>
    <name>Arlanda</name>
  </airport>
  <airport>
    <code>TIJ</code>
    <name>Rodriguez</name>
  </airport>
  <airport>
    <code>PSA</code>
    <name>Gal Galilei</name>
  </airport>
  <airport>
    <code>RAK</code>
    <name>Menara</name>
  </airport>
  <airport>
    <code>HKT</code>
    <name>Phuket</name>
  </airport>
  <airport>
    <code>FAR</code>
    <name>Hector Field</name>
  </airport>
  <airport>
    <code>RAP</code>
    <name>Rapid City</name>
  </airport>
  <airport>
    <code>MLB</code>
    <name>Melbourne</name>
  </airport>
  <airport>
    <code>CGN</code>
    <name>Köln/Bonn</name>
  </airport>
  <airport>
    <code>SHV</code>
    <name>Shreveport</name>
  </airport>
  <airport>
    <code>CHA</code>
    <name>Lovell Field</name>
  </airport>
  <airport>
    <code>PIA</code>
    <name>Greater Peoria</name>
  </airport>
  <airport>
    <code>SVQ</code>
    <name>Sevilla</name>
  </airport>
  <airport>
    <code>ZAG</code>
    <name>Pleso</name>
  </airport>
  <airport>
    <code>BFS</code>
    <name>Belfast Intl Arpt</name>
  </airport>
  <airport>
    <code>LYS</code>
    <name>Satolas</name>
  </airport>
  <airport>
    <code>ATW</code>
    <name>Outagamie County</name>
  </airport>
  <airport>
    <code>ASE</code>
    <name>Pitkin County</name>
  </airport>
  <airport>
    <code>CRP</code>
    <name>Corpus Christi</name>
  </airport>
  <airport>
    <code>SAP</code>
    <name>Ramon Villeda</name>
  </airport>
  <airport>
    <code>MFE</code>
    <name>Miller Intl</name>
  </airport>
  <airport>
    <code>CRW</code>
    <name>Yeager</name>
  </airport>
  <airport>
    <code>CCU</code>
    <name>Netaji S. Chandra</name>
  </airport>
  <airport>
    <code>FAI</code>
    <name>Fairbanks</name>
  </airport>
  <airport>
    <code>LPL</code>
    <name>Liverpool J. Lennon</name>
  </airport>
  <airport>
    <code>TOL</code>
    <name>Express</name>
  </airport>
  <airport>
    <code>TXL</code>
    <name>Tegel</name>
  </airport>
  <airport>
    <code>ITO</code>
    <name>Hilo International</name>
  </airport>
  <airport>
    <code>ANU</code>
    <name>V.C. Bird Intl</name>
  </airport>
  <airport>
    <code>BEG</code>
    <name>Nikola Tesla</name>
  </airport>
  <airport>
    <code>KWI</code>
    <name>Kuwait</name>
  </airport>
  <airport>
    <code>BQN</code>
    <name>Borinquen</name>
  </airport>
  <airport>
    <code>DBV</code>
    <name>Dubrovnik</name>
  </airport>
  <airport>
    <code>MLA</code>
    <name>Luqa</name>
  </airport>
  <airport>
    <code>PAP</code>
    <name>Mais Gate</name>
  </airport>
  <airport>
    <code>ABZ</code>
    <name>Dyce</name>
  </airport>
  <airport>
    <code>SAO</code>
    <name>All airports</name>
  </airport>
  <airport>
    <code>CEB</code>
    <name>Mactan International</name>
  </airport>
  <airport>
    <code>SHA</code>
    <name>Hongqiao</name>
  </airport>
  <airport>
    <code>CGK</code>
    <name>Soekarno-Hatta Intl</name>
  </airport>
  <airport>
    <code>VLC</code>
    <name>Valencia</name>
  </airport>
  <airport>
    <code>GRK</code>
    <name>Fort Hood Regional</name>
  </airport>
  <airport>
    <code>FAO</code>
    <name>Faro</name>
  </airport>
  <airport>
    <code>SBP</code>
    <name>County Airport</name>
  </airport>
  <airport>
    <code>SEL</code>
    <name>All airports</name>
  </airport>
  <airport>
    <code>RIX</code>
    <name>Riga</name>
  </airport>
  <airport>
    <code>SVO</code>
    <name>Sheremetyevo</name>
  </airport>
  <airport>
    <code>AZO</code>
    <name>Kalamazoo Intl</name>
  </airport>
  <airport>
    <code>ZIH</code>
    <name>Intl</name>
  </airport>
  <airport>
    <code>RDM</code>
    <name>Bend/Redmond</name>
  </airport>
  <airport>
    <code>MRY</code>
    <name>Carmel/Monterey</name>
  </airport>
  <airport>
    <code>LCY</code>
    <name>London City Airport</name>
  </airport>
  <airport>
    <code>BGM</code>
    <name>Broome County</name>
  </airport>
  <airport>
    <code>YYJ</code>
    <name>Victoria</name>
  </airport>
  <airport>
    <code>SCE</code>
    <name>University Park</name>
  </airport>
  <airport>
    <code>LFT</code>
    <name>Lafayette Regional</name>
  </airport>
  <airport>
    <code>GJT</code>
    <name>Walker Field</name>
  </airport>
  <airport>
    <code>ERI</code>
    <name>Erie</name>
  </airport>
  <airport>
    <code>TVC</code>
    <name>Cherry Capital</name>
  </airport>
  <airport>
    <code>AMD</code>
    <name>Ahmedabad</name>
  </airport>
  <airport>
    <code>BLI</code>
    <name>Bellingham</name>
  </airport>
  <airport>
    <code>FAY</code>
    <name>Fayetteville</name>
  </airport>
  <airport>
    <code>THR</code>
    <name>Mehrabad</name>
  </airport>
  <airport>
    <code>HHH</code>
    <name>Hilton Head</name>
  </airport>
  <airport>
    <code>BJX</code>
    <name>Del Bajio</name>
  </airport>
  <airport>
    <code>TFS</code>
    <name>Sur Reina Sofia</name>
  </airport>
  <airport>
    <code>OAJ</code>
    <name>Albert J Ellis</name>
  </airport>
  <airport>
    <code>STX</code>
    <name>Alex Hamilton</name>
  </airport>
  <airport>
    <code>EMA</code>
    <name>East Midlands</name>
  </airport>
  <airport>
    <code>PSC</code>
    <name>Tri Cities</name>
  </airport>
  <airport>
    <code>HAJ</code>
    <name>Hannover Airport</name>
  </airport>
  <airport>
    <code>EGE</code>
    <name>Eagle County</name>
  </airport>
  <airport>
    <code>BEY</code>
    <name>Beirut</name>
  </airport>
  <airport>
    <code>ORK</code>
    <name>Cork</name>
  </airport>
  <airport>
    <code>LBB</code>
    <name>Lubbock</name>
  </airport>
  <airport>
    <code>TLS</code>
    <name>Blagnac</name>
  </airport>
  <airport>
    <code>DOH</code>
    <name>Doha</name>
  </airport>
  <airport>
    <code>CMB</code>
    <name>Bandaranayake Intl</name>
  </airport>
  <airport>
    <code>RST</code>
    <name>Rochester</name>
  </airport>
  <airport>
    <code>AGS</code>
    <name>Bush Field</name>
  </airport>
  <airport>
    <code>MGM</code>
    <name>Dannelly Field</name>
  </airport>
  <airport>
    <code>FCA</code>
    <name>Glacier Park</name>
  </airport>
  <airport>
    <code>MDE</code>
    <name>Jose Marie Cordova</name>
  </airport>
  <airport>
    <code>DAR</code>
    <name>Dar Es Salaam</name>
  </airport>
  <airport>
    <code>TRI</code>
    <name>Tri Cities TN/VA</name>
  </airport>
  <airport>
    <code>BLQ</code>
    <name>Guglielmo Marconi</name>
  </airport>
  <airport>
    <code>AUH</code>
    <name>Abu Dhabi Intl</name>
  </airport>
  <airport>
    <code>TUN</code>
    <name>Carthage</name>
  </airport>
  <airport>
    <code>LTN</code>
    <name>Luton Airport</name>
  </airport>
  <airport>
    <code>DUR</code>
    <name>Durban International</name>
  </airport>
  <airport>
    <code>YQB</code>
    <name>Quebec</name>
  </airport>
  <airport>
    <code>BFL</code>
    <name>Meadows Field</name>
  </airport>
  <airport>
    <code>SKG</code>
    <name>Makedonia Apt.</name>
  </airport>
  <airport>
    <code>BUH</code>
    <name>All airports</name>
  </airport>
  <airport>
    <code>SLU</code>
    <name>Vigie</name>
  </airport>
  <airport>
    <code>JKT</code>
    <name>All airports</name>
  </airport>
  <airport>
    <code>KHI</code>
    <name>Quaid-E-Azam Intl</name>
  </airport>
  <airport>
    <code>SFB</code>
    <name>Ramey - C. Florida</name>
  </airport>
  <airport>
    <code>KIX</code>
    <name>Kansai International</name>
  </airport>
  <airport>
    <code>LBA</code>
    <name>Leeds/Bradford</name>
  </airport>
  <airport>
    <code>OPO</code>
    <name>Porto</name>
  </airport>
  <airport>
    <code>COK</code>
    <name>Kochi</name>
  </airport>
  <airport>
    <code>VNO</code>
    <name>Vilnius</name>
  </airport>
  <airport>
    <code>CUZ</code>
    <name>Velazco Astete</name>
  </airport>
  <airport>
    <code>BAH</code>
    <name>Bahrain Intl</name>
  </airport>
  <airport>
    <code>PMO</code>
    <name>Punta Raisi</name>
  </airport>
  <airport>
    <code>JHM</code>
    <name>West Maui</name>
  </airport>
  <airport>
    <code>LNK</code>
    <name>Lincoln</name>
  </airport>
  <airport>
    <code>CHC</code>
    <name>Christchurch</name>
  </airport>
  <airport>
    <code>CMI</code>
    <name>University-Willard</name>
  </airport>
  <airport>
    <code>SPU</code>
    <name>Split</name>
  </airport>
  <airport>
    <code>CLO</code>
    <name>Alfonso B. Aragon</name>
  </airport>
  <airport>
    <code>ORY</code>
    <name>Orly</name>
  </airport>
  <airport>
    <code>HVN</code>
    <name>Tweed-New Haven</name>
  </airport>
  <airport>
    <code>BIO</code>
    <name>Bilbao</name>
  </airport>
  <airport>
    <code>IDA</code>
    <name>Fanning Field</name>
  </airport>
  <airport>
    <code>CTA</code>
    <name>Fontanarossa</name>
  </airport>
  <airport>
    <code>EBB</code>
    <name>Entebbe</name>
  </airport>
  <airport>
    <code>ELM</code>
    <name>Corning-Elmira</name>
  </airport>
  <airport>
    <code>REK</code>
    <name>All airports</name>
  </airport>
  <airport>
    <code>HRL</code>
    <name>Valley International</name>
  </airport>
  <airport>
    <code>AMA</code>
    <name>Amarillo</name>
  </airport>
  <airport>
    <code>ADD</code>
    <name>Bole</name>
  </airport>
  <airport>
    <code>DRO</code>
    <name>La Plata County</name>
  </airport>
  <airport>
    <code>PSE</code>
    <name>Mercedita</name>
  </airport>
  <airport>
    <code>NUE</code>
    <name>Nürnberg</name>
  </airport>
  <airport>
    <code>EVV</code>
    <name>Dress Regional</name>
  </airport>
  <airport>
    <code>BSL</code>
    <name>EuroAirport Swiss</name>
  </airport>
  <airport>
    <code>CWL</code>
    <name>Cardiff-Wales Arpt</name>
  </airport>
  <airport>
    <code>CFB</code>
    <name>Cabo Frio</name>
  </airport>
  <airport>
    <code>MBS</code>
    <name>Bay City/Midland/Saginaw</name>
  </airport>
  <airport>
    <code>LPA</code>
    <name>Arpt De Gran Canaria</name>
  </airport>
  <airport>
    <code>PNH</code>
    <name>Pochentong</name>
  </airport>
  <airport>
    <code>BRO</code>
    <name>South Padre Is. Intl</name>
  </airport>
  <airport>
    <code>CWA</code>
    <name>Central Wisconsin</name>
  </airport>
  <airport>
    <code>NAN</code>
    <name>Nadi</name>
  </airport>
  <airport>
    <code>IBZ</code>
    <name>Ibiza</name>
  </airport>
  <airport>
    <code>LHE</code>
    <name>Lahore</name>
  </airport>
  <airport>
    <code>ISB</code>
    <name>Islamabad Intl</name>
  </airport>
  <airport>
    <code>PPT</code>
    <name>Faaa</name>
  </airport>
  <airport>
    <code>OKA</code>
    <name>Naha</name>
  </airport>
  <airport>
    <code>SKB</code>
    <name>Robert Bradshaw Intl</name>
  </airport>
  <airport>
    <code>DLH</code>
    <name>Duluth International</name>
  </airport>
  <airport>
    <code>DAM</code>
    <name>Damascus</name>
  </airport>
  <airport>
    <code>DKR</code>
    <name>Yoff</name>
  </airport>
  <airport>
    <code>TGU</code>
    <name>Toncontin</name>
  </airport>
  <airport>
    <code>YEA</code>
    <name>All airports</name>
  </airport>
  <airport>
    <code>APF</code>
    <name>Naples</name>
  </airport>
  <airport>
    <code>DAC</code>
    <name>Zia International</name>
  </airport>
  <airport>
    <code>GOT</code>
    <name>Landvetter</name>
  </airport>
  <airport>
    <code>GTF</code>
    <name>Great Falls</name>
  </airport>
  <airport>
    <code>LJU</code>
    <name>Brnik</name>
  </airport>
  <airport>
    <code>MRU</code>
    <name>S.Seewoosagur</name>
  </airport>
  <airport>
    <code>TLL</code>
    <name>Ulemiste</name>
  </airport>
  <airport>
    <code>MAF</code>
    <name>Midland Intl</name>
  </airport>
  <airport>
    <code>RTB</code>
    <name>Roatan</name>
  </airport>
  <airport>
    <code>LUX</code>
    <name>Luxembourg</name>
  </airport>
  <airport>
    <code>GOA</code>
    <name>Cristoforo Colombo</name>
  </airport>
  <airport>
    <code>MVD</code>
    <name>Carrasco</name>
  </airport>
  <airport>
    <code>PFO</code>
    <name>Paphos</name>
  </airport>
  <airport>
    <code>GND</code>
    <name>Point Saline Intl</name>
  </airport>
  <airport>
    <code>WLG</code>
    <name>Wellington</name>
  </airport>
  <airport>
    <code>RFD</code>
    <name>Greater Rockford</name>
  </airport>
  <airport>
    <code>LPB</code>
    <name>El Alto</name>
  </airport>
  <airport>
    <code>MLE</code>
    <name>Male</name>
  </airport>
  <airport>
    <code>REP</code>
    <name>Siem Reap</name>
  </airport>
  <airport>
    <code>SOU</code>
    <name>Eastleigh</name>
  </airport>
  <airport>
    <code>TCI</code>
    <name>All airports</name>
  </airport>
  <airport>
    <code>TIA</code>
    <name>Rinas</name>
  </airport>
  <airport>
    <code>CUR</code>
    <name>Aeropuerto Hato</name>
  </airport>
  <airport>
    <code>CTG</code>
    <name>Rafael Nunez</name>
  </airport>
  <airport>
    <code>ACV</code>
    <name>Eureka Airport</name>
  </airport>
  <airport>
    <code>HDN</code>
    <name>Yampa Valley</name>
  </airport>
  <airport>
    <code>RUH</code>
    <name>King Khaled Intl</name>
  </airport>
  <airport>
    <code>GOI</code>
    <name>Dabolim</name>
  </airport>
  <airport>
    <code>BOD</code>
    <name>Bordeaux Airport</name>
  </airport>
  <airport>
    <code>MID</code>
    <name>Rejon</name>
  </airport>
  <airport>
    <code>JRO</code>
    <name>Kilimanjaro</name>
  </airport>
  <airport>
    <code>EIS</code>
    <name>Beef Island</name>
  </airport>
  <airport>
    <code>YUM</code>
    <name>Yuma</name>
  </airport>
  <airport>
    <code>OAX</code>
    <name>Xoxocotlan</name>
  </airport>
  <airport>
    <code>DOM</code>
    <name>Melville Hall</name>
  </airport>
  <airport>
    <code>SAF</code>
    <name>Santa Fe</name>
  </airport>
  <airport>
    <code>AEX</code>
    <name>Alexandria</name>
  </airport>
  <airport>
    <code>GUM</code>
    <name>A.B. Won Pat Intl</name>
  </airport>
  <airport>
    <code>FLG</code>
    <name>Pulliam Field</name>
  </airport>
  <airport>
    <code>YXE</code>
    <name>Saskatoon</name>
  </airport>
  <airport>
    <code>UVF</code>
    <name>Hewanorra</name>
  </airport>
  <airport>
    <code>JED</code>
    <name>King Abdulaziz Intl</name>
  </airport>
  <airport>
    <code>SUX</code>
    <name>Sioux Gateway</name>
  </airport>
  <airport>
    <code>CNS</code>
    <name>Cairns</name>
  </airport>
  <airport>
    <code>EWN</code>
    <name>Simmons Nott</name>
  </airport>
  <airport>
    <code>LSE</code>
    <name>La Crosse</name>
  </airport>
  <airport>
    <code>MTJ</code>
    <name>Montrose County</name>
  </airport>
  <airport>
    <code>BIS</code>
    <name>Bismarck</name>
  </airport>
  <airport>
    <code>YLW</code>
    <name>Kelowna</name>
  </airport>
  <airport>
    <code>SZG</code>
    <name>W.A. Mozart</name>
  </airport>
  <airport>
    <code>RKV</code>
    <name>Reykjavik Domestic</name>
  </airport>
  <airport>
    <code>SKP</code>
    <name>Skopje</name>
  </airport>
  <airport>
    <code>AZA</code>
    <name>Phoenix-Mesa Gateway</name>
  </airport>
  <airport>
    <code>JNU</code>
    <name>Juneau International</name>
  </airport>    
</airports>