<Modules>
  <Module PersistentId="A40923E9-437B-4C70-9373-DA600A6AE1E1" ModuleId="ODataObservable" />
  <Module PersistentId="B72B0CD9-41FA-4978-926D-0475A1F6BED4" ModuleId="WCFOdataClient" />
  <Module PersistentId="F0CF01EA-4192-46E1-A171-DC052CA0EB4F" ModuleId="RxODataClient" />
  <Module PersistentId="E10AE18A-1367-4193-9592-96791E524C41" ModuleId="WPFTimestamp" />
  <Module PersistentId="d:Miscellaneous Files" ModuleId="System.CoreEx" />
  <Module PersistentId="F09F6FC5-2829-4848-8130-5416CA4AA03B" ModuleId="WPFTimer" />
  <Module PersistentId="CFA3E6CA-DA36-4521-87DB-F4C9B47C499A" ModuleId="UsingTimer" />
  <Module PersistentId="C4DF9DDF-2878-4A8D-B16E-33DEA8BA8908" ModuleId="WPFTimeInterval" />
  <Module PersistentId="8334D381-CBC3-4C03-8DED-8436392BD370" ModuleId="WPFTimeout" />
  <Module PersistentId="A073A7A9-61E7-4873-BDE4-BB4B8E05A4BA" ModuleId="WPFThrottle" />
  <Module PersistentId="mscorlib, Version=4.0.0.0, Culture=neutral, PublicKeyToken=b77a5c561934e089" ModuleId="mscorlib" />
  <Module PersistentId="System.Reactive, Version=1.0.2856.104, Culture=neutral, PublicKeyToken=31bf3856ad364e35" ModuleId="System.Reactive" />
</Modules>