<?xml version="1.0" ?> 
<SampleConfigs>
<SampleConfig ParentNodeID = "BarColumnCharts">
  <Title>Bar and Column Charts</Title> 
  <Thumbnail>thumbnail.jpg</Thumbnail>
  <ShortBlurb>Bar and Column Chart</ShortBlurb> 
  <Content>BarColumnChart.aspx</Content> 
  <InfoPages>
    <InfoPage Title="C# Source">cscode.txt</InfoPage>
    <InfoPage Title="Visual Basic Source">vbcode.txt</InfoPage>
  </InfoPages>

  <Keywords>
    <Keyword>Point width</Keyword>
    <Keyword>Chart type, Bar</Keyword>
    <Keyword>Chart type, Column</Keyword>
    <Keyword>Bar</Keyword>
    <Keyword>Column</Keyword>
    <Keyword>Axis, End labels</Keyword>
  </Keywords>
</SampleConfig>

</SampleConfigs>