<?xml version="1.0" encoding="utf-8"?>
<BindingInfo xmlns:xsi="http://www.w3.org/2001/XMLSchema-instance" xmlns:xsd="http://www.w3.org/2001/XMLSchema" Assembly="Microsoft.BizTalk.Deployment, Version=3.0.1.0, Culture=neutral, PublicKeyToken=31bf3856ad364e35" Version="3.5.1.0" BindingStatus="FullyBound" BoundEndpoints="6" TotalEndpoints="6">
  <Timestamp>2006-04-16T21:43:39.254155-07:00</Timestamp>
  <ModuleRefCollection>
    <ModuleRef Name="[Application:SQLAdapterUsingDTCApplication]" Version="" Culture="" PublicKeyToken="" FullName="[Application:SQLAdapterUsingDTCApplication], Version=, Culture=, PublicKeyToken=">
      <Services />
      <TrackedSchemas>
        <Schema FullName="Microsoft.Samples.BizTalk.Orchestrations.SQLAdapterUsingDTC.BizTalkApp.InsertOrdersService" AssemblyQualifiedName="Microsoft.Samples.BizTalk.Orchestrations.SQLAdapterUsingDTC.BizTalkApp.InsertOrdersService,Microsoft.Samples.BizTalk.Orchestrations.SQLAdapterUsingDTC.BizTalkApp, Version=1.0.0.0, Culture=neutral, PublicKeyToken=380d269ec565a18c" AlwaysTrackAllProperties="false">
          <TrackedPropertyNames />
        </Schema>
        <Schema FullName="Microsoft.Samples.BizTalk.Orchestrations.SQLAdapterUsingDTC.BizTalkApp.InsertOrdersService" AssemblyQualifiedName="Microsoft.Samples.BizTalk.Orchestrations.SQLAdapterUsingDTC.BizTalkApp.InsertOrdersService,Microsoft.Samples.BizTalk.Orchestrations.SQLAdapterUsingDTC.BizTalkApp, Version=1.0.0.0, Culture=neutral, PublicKeyToken=380d269ec565a18c" AlwaysTrackAllProperties="false">
          <TrackedPropertyNames />
        </Schema>
        <Schema FullName="Microsoft.Samples.BizTalk.Orchestrations.SQLAdapterUsingDTC.BizTalkApp.OrderDetail" AssemblyQualifiedName="Microsoft.Samples.BizTalk.Orchestrations.SQLAdapterUsingDTC.BizTalkApp.OrderDetail,Microsoft.Samples.BizTalk.Orchestrations.SQLAdapterUsingDTC.BizTalkApp, Version=1.0.0.0, Culture=neutral, PublicKeyToken=380d269ec565a18c" AlwaysTrackAllProperties="false">
          <TrackedPropertyNames />
        </Schema>
        <Schema FullName="Microsoft.Samples.BizTalk.Orchestrations.SQLAdapterUsingDTC.BizTalkApp.DeleteCustomersService" AssemblyQualifiedName="Microsoft.Samples.BizTalk.Orchestrations.SQLAdapterUsingDTC.BizTalkApp.DeleteCustomersService,Microsoft.Samples.BizTalk.Orchestrations.SQLAdapterUsingDTC.BizTalkApp, Version=1.0.0.0, Culture=neutral, PublicKeyToken=380d269ec565a18c" AlwaysTrackAllProperties="false">
          <TrackedPropertyNames />
        </Schema>
        <Schema FullName="Microsoft.Samples.BizTalk.Orchestrations.SQLAdapterUsingDTC.BizTalkApp.DeleteCustomersService" AssemblyQualifiedName="Microsoft.Samples.BizTalk.Orchestrations.SQLAdapterUsingDTC.BizTalkApp.DeleteCustomersService,Microsoft.Samples.BizTalk.Orchestrations.SQLAdapterUsingDTC.BizTalkApp, Version=1.0.0.0, Culture=neutral, PublicKeyToken=380d269ec565a18c" AlwaysTrackAllProperties="false">
          <TrackedPropertyNames />
        </Schema>
        <Schema FullName="Microsoft.Samples.BizTalk.Orchestrations.SQLAdapterUsingDTC.BizTalkApp.InsertCustomersService" AssemblyQualifiedName="Microsoft.Samples.BizTalk.Orchestrations.SQLAdapterUsingDTC.BizTalkApp.InsertCustomersService,Microsoft.Samples.BizTalk.Orchestrations.SQLAdapterUsingDTC.BizTalkApp, Version=1.0.0.0, Culture=neutral, PublicKeyToken=380d269ec565a18c" AlwaysTrackAllProperties="false">
          <TrackedPropertyNames />
        </Schema>
        <Schema FullName="Microsoft.Samples.BizTalk.Orchestrations.SQLAdapterUsingDTC.BizTalkApp.InsertCustomersService" AssemblyQualifiedName="Microsoft.Samples.BizTalk.Orchestrations.SQLAdapterUsingDTC.BizTalkApp.InsertCustomersService,Microsoft.Samples.BizTalk.Orchestrations.SQLAdapterUsingDTC.BizTalkApp, Version=1.0.0.0, Culture=neutral, PublicKeyToken=380d269ec565a18c" AlwaysTrackAllProperties="false">
          <TrackedPropertyNames />
        </Schema>
      </TrackedSchemas>
    </ModuleRef>
    <ModuleRef Name="Microsoft.Samples.BizTalk.Orchestrations.SQLAdapterUsingDTC.BizTalkApp" Version="1.0.0.0" Culture="neutral" PublicKeyToken="380d269ec565a18c" FullName="Microsoft.Samples.BizTalk.Orchestrations.SQLAdapterUsingDTC.BizTalkApp, Version=1.0.0.0, Culture=neutral, PublicKeyToken=380d269ec565a18c">
      <Services>
        <Service Name="Microsoft.Samples.BizTalk.Orchestrations.SQLAdapterUsingDTC.BizTalkApp.SQLAdapterAtomicTx" State="Started" TrackingOption="ServiceStartEnd MessageSendReceive OrchestrationEvents" Description="">
          <Ports>
            <Port Name="ReceiveOrderDetailPort" Modifier="2" BindingOption="1">
              <SendPortRef xsi:nil="true" />
              <DistributionListRef xsi:nil="true" />
              <ReceivePortRef Name="OneDetail_XML" />
            </Port>
            <Port Name="SendInsertCustomersServicePort" Modifier="1" BindingOption="1">
              <SendPortRef Name="CustomersService_SQL" />
              <DistributionListRef xsi:nil="true" />
              <ReceivePortRef xsi:nil="true" />
            </Port>
            <Port Name="SendDeleteCustomersServicePort" Modifier="1" BindingOption="1">
              <SendPortRef Name="CustomersService_SQL" />
              <DistributionListRef xsi:nil="true" />
              <ReceivePortRef xsi:nil="true" />
            </Port>
            <Port Name="SendInsertOrdersServicePort" Modifier="1" BindingOption="1">
              <SendPortRef Name="OrdersService_SQL" />
              <DistributionListRef xsi:nil="true" />
              <ReceivePortRef xsi:nil="true" />
            </Port>
            <Port Name="Send_ErrorNotificationPort" Modifier="1" BindingOption="1">
              <SendPortRef Name="ErrorNotification_FILE" />
              <DistributionListRef xsi:nil="true" />
              <ReceivePortRef xsi:nil="true" />
            </Port>
            <Port Name="SendOrderDetailPort" Modifier="1" BindingOption="1">
              <SendPortRef Name="OrderDetail_FILE" />
              <DistributionListRef xsi:nil="true" />
              <ReceivePortRef xsi:nil="true" />
            </Port>
          </Ports>
          <Roles />
        </Service>
      </Services>
      <TrackedSchemas />
    </ModuleRef>
  </ModuleRefCollection>
  <SendPortCollection>
    <SendPort Name="OrderDetail_FILE" IsStatic="true" IsTwoWay="false" BindingOption="1">
      <Description xsi:nil="true" />
      <TransmitPipeline Name="Microsoft.BizTalk.DefaultPipelines.PassThruTransmit" FullyQualifiedName="Microsoft.BizTalk.DefaultPipelines.PassThruTransmit, Microsoft.BizTalk.DefaultPipelines, Version=3.0.1.0, Culture=neutral, PublicKeyToken=31bf3856ad364e35" Type="2" TrackingOption="ServiceStartEnd MessageSendReceive PipelineEvents" Description="" />
      <PrimaryTransport>
        <Address>C:\Samples\SQLAdapterUsingDTC\Send\%MessageID%.xml</Address>
        <TransportType Name="FILE" Capabilities="11" ConfigurationClsid="5e49e3a6-b4fc-4077-b44c-22f34a242fdb" />
        <TransportTypeData>&lt;CustomProps&gt;&lt;UseTempFileOnWrite vt="11"&gt;0&lt;/UseTempFileOnWrite&gt;&lt;CopyMode vt="19"&gt;1&lt;/CopyMode&gt;&lt;FileName vt="8"&gt;%MessageID%.xml&lt;/FileName&gt;&lt;AllowCacheOnWrite vt="11"&gt;0&lt;/AllowCacheOnWrite&gt;&lt;/CustomProps&gt;</TransportTypeData>
        <RetryCount>3</RetryCount>
        <RetryInterval>5</RetryInterval>
        <ServiceWindowEnabled>false</ServiceWindowEnabled>
        <FromTime>2000-01-01T07:00:00</FromTime>
        <ToTime>2000-01-01T06:59:59</ToTime>
        <Primary>true</Primary>
        <OrderedDelivery>false</OrderedDelivery>
        <DeliveryNotification>1</DeliveryNotification>
      </PrimaryTransport>
      <SecondaryTransport>
        <Address />
        <RetryCount>3</RetryCount>
        <RetryInterval>5</RetryInterval>
        <ServiceWindowEnabled>false</ServiceWindowEnabled>
        <FromTime>2000-01-01T07:00:00</FromTime>
        <ToTime>2000-01-01T06:59:59</ToTime>
        <Primary>false</Primary>
        <OrderedDelivery>false</OrderedDelivery>
        <DeliveryNotification>1</DeliveryNotification>
        <SendHandler xsi:nil="true" />
      </SecondaryTransport>
      <ReceivePipelineData xsi:nil="true" />
      <Tracking>0</Tracking>
      <Filter />
      <Transforms />
      <OrderedDelivery>false</OrderedDelivery>
      <Priority>5</Priority>
      <StopSendingOnFailure>false</StopSendingOnFailure>
      <RouteFailedMessage>false</RouteFailedMessage>
      <ApplicationName>SQLAdapterUsingDTCApplication</ApplicationName>
    </SendPort>
    <SendPort Name="CustomersService_SQL" IsStatic="true" IsTwoWay="false" BindingOption="1">
      <Description xsi:nil="true" />
      <TransmitPipeline Name="Microsoft.BizTalk.DefaultPipelines.PassThruTransmit" FullyQualifiedName="Microsoft.BizTalk.DefaultPipelines.PassThruTransmit, Microsoft.BizTalk.DefaultPipelines, Version=3.0.1.0, Culture=neutral, PublicKeyToken=31bf3856ad364e35" Type="2" TrackingOption="ServiceStartEnd MessageSendReceive PipelineEvents" Description="" />
      <PrimaryTransport>
        <Address>SQL://./SQLAdapterUsingDTCCustomerDB/</Address>
        <TransportType Name="SQL" Capabilities="81163" ConfigurationClsid="6e688659-1374-4f37-90dc-40cb6dd3c73d" />
        <TransportTypeData>&lt;CustomProps&gt;&lt;AdapterConfig vt="8"&gt;&amp;lt;Send xmlns:xsi="http://www.w3.org/2001/XMLSchema-instance" xmlns:xsd="http://www.w3.org/2001/XMLSchema"&amp;gt;&amp;lt;connectionString&amp;gt;Provider=SQLOLEDB.1;Integrated Security=SSPI;Persist Security Info=False;Initial Catalog=SQLAdapterUsingDTCCustomerDB;Data Source=.&amp;lt;/connectionString&amp;gt;&amp;lt;outputRootElementName&amp;gt;InsertCustomerResult&amp;lt;/outputRootElementName&amp;gt;&amp;lt;documentTargetNamespace&amp;gt;http://Microsoft.Samples.BizTalk.Orchestrations.SQLAdapterUsingDTC.BizTalkApp&amp;lt;/documentTargetNamespace&amp;gt;&amp;lt;uri&amp;gt;SQL://./SQLAdapterUsingDTCCustomerDB/&amp;lt;/uri&amp;gt;&amp;lt;/Send&amp;gt;&lt;/AdapterConfig&gt;&lt;/CustomProps&gt;</TransportTypeData>
        <RetryCount>0</RetryCount>
        <RetryInterval>5</RetryInterval>
        <ServiceWindowEnabled>false</ServiceWindowEnabled>
        <FromTime>2000-01-01T07:00:00</FromTime>
        <ToTime>2000-01-01T06:59:59</ToTime>
        <Primary>true</Primary>
        <OrderedDelivery>false</OrderedDelivery>
        <DeliveryNotification>1</DeliveryNotification>
      </PrimaryTransport>
      <SecondaryTransport>
        <Address />
        <RetryCount>3</RetryCount>
        <RetryInterval>5</RetryInterval>
        <ServiceWindowEnabled>false</ServiceWindowEnabled>
        <FromTime>2000-01-01T07:00:00</FromTime>
        <ToTime>2000-01-01T06:59:59</ToTime>
        <Primary>false</Primary>
        <OrderedDelivery>false</OrderedDelivery>
        <DeliveryNotification>1</DeliveryNotification>
        <SendHandler xsi:nil="true" />
      </SecondaryTransport>
      <ReceivePipelineData xsi:nil="true" />
      <Tracking>0</Tracking>
      <Filter />
      <Transforms />
      <OrderedDelivery>false</OrderedDelivery>
      <Priority>5</Priority>
      <StopSendingOnFailure>false</StopSendingOnFailure>
      <RouteFailedMessage>false</RouteFailedMessage>
      <ApplicationName>SQLAdapterUsingDTCApplication</ApplicationName>
    </SendPort>
    <SendPort Name="OrdersService_SQL" IsStatic="true" IsTwoWay="false" BindingOption="1">
      <Description xsi:nil="true" />
      <TransmitPipeline Name="Microsoft.BizTalk.DefaultPipelines.PassThruTransmit" FullyQualifiedName="Microsoft.BizTalk.DefaultPipelines.PassThruTransmit, Microsoft.BizTalk.DefaultPipelines, Version=3.0.1.0, Culture=neutral, PublicKeyToken=31bf3856ad364e35" Type="2" TrackingOption="ServiceStartEnd MessageSendReceive PipelineEvents" Description="" />
      <PrimaryTransport>
        <Address>SQL://./SQLAdapterUsingDTCOrderDB/</Address>
        <TransportType Name="SQL" Capabilities="81163" ConfigurationClsid="6e688659-1374-4f37-90dc-40cb6dd3c73d" />
        <TransportTypeData>&lt;CustomProps&gt;&lt;AdapterConfig vt="8"&gt;&amp;lt;Send xmlns:xsi="http://www.w3.org/2001/XMLSchema-instance" xmlns:xsd="http://www.w3.org/2001/XMLSchema"&amp;gt;&amp;lt;connectionString&amp;gt;Provider=SQLOLEDB.1;Integrated Security=SSPI;Persist Security Info=False;Initial Catalog=SQLAdapterUsingDTCOrderDB;Data Source=.&amp;lt;/connectionString&amp;gt;&amp;lt;outputRootElementName&amp;gt;InsertOrderResult&amp;lt;/outputRootElementName&amp;gt;&amp;lt;documentTargetNamespace&amp;gt;http://Microsoft.Samples.BizTalk.Orchestrations.SQLAdapterUsingDTC.BizTalkApp&amp;lt;/documentTargetNamespace&amp;gt;&amp;lt;uri&amp;gt;SQL://./SQLAdapterUsingDTCOrderDB/&amp;lt;/uri&amp;gt;&amp;lt;/Send&amp;gt;&lt;/AdapterConfig&gt;&lt;/CustomProps&gt;</TransportTypeData>
        <RetryCount>0</RetryCount>
        <RetryInterval>5</RetryInterval>
        <ServiceWindowEnabled>false</ServiceWindowEnabled>
        <FromTime>2000-01-01T07:00:00</FromTime>
        <ToTime>2000-01-01T06:59:59</ToTime>
        <Primary>true</Primary>
        <OrderedDelivery>false</OrderedDelivery>
        <DeliveryNotification>1</DeliveryNotification>
      </PrimaryTransport>
      <SecondaryTransport>
        <Address />
        <RetryCount>3</RetryCount>
        <RetryInterval>5</RetryInterval>
        <ServiceWindowEnabled>false</ServiceWindowEnabled>
        <FromTime>2000-01-01T07:00:00</FromTime>
        <ToTime>2000-01-01T06:59:59</ToTime>
        <Primary>false</Primary>
        <OrderedDelivery>false</OrderedDelivery>
        <DeliveryNotification>1</DeliveryNotification>
        <SendHandler xsi:nil="true" />
      </SecondaryTransport>
      <ReceivePipelineData xsi:nil="true" />
      <Tracking>0</Tracking>
      <Filter />
      <Transforms />
      <OrderedDelivery>false</OrderedDelivery>
      <Priority>5</Priority>
      <StopSendingOnFailure>false</StopSendingOnFailure>
      <RouteFailedMessage>false</RouteFailedMessage>
      <ApplicationName>SQLAdapterUsingDTCApplication</ApplicationName>
    </SendPort>
    <SendPort Name="ErrorNotification_FILE" IsStatic="true" IsTwoWay="false" BindingOption="1">
      <Description xsi:nil="true" />
      <TransmitPipeline Name="Microsoft.BizTalk.DefaultPipelines.PassThruTransmit" FullyQualifiedName="Microsoft.BizTalk.DefaultPipelines.PassThruTransmit, Microsoft.BizTalk.DefaultPipelines, Version=3.0.1.0, Culture=neutral, PublicKeyToken=31bf3856ad364e35" Type="2" TrackingOption="ServiceStartEnd MessageSendReceive PipelineEvents" Description="" />
      <PrimaryTransport>
        <Address>C:\Samples\SQLAdapterUsingDTC\Send_ErrorNotification\%MessageID%.xml</Address>
        <TransportType Name="FILE" Capabilities="11" ConfigurationClsid="5e49e3a6-b4fc-4077-b44c-22f34a242fdb" />
        <TransportTypeData>&lt;CustomProps&gt;&lt;UseTempFileOnWrite vt="11"&gt;0&lt;/UseTempFileOnWrite&gt;&lt;CopyMode vt="19"&gt;1&lt;/CopyMode&gt;&lt;FileName vt="8"&gt;%MessageID%.xml&lt;/FileName&gt;&lt;AllowCacheOnWrite vt="11"&gt;0&lt;/AllowCacheOnWrite&gt;&lt;/CustomProps&gt;</TransportTypeData>
        <RetryCount>3</RetryCount>
        <RetryInterval>5</RetryInterval>
        <ServiceWindowEnabled>false</ServiceWindowEnabled>
        <FromTime>2006-04-16T07:00:00</FromTime>
        <ToTime>2006-04-17T06:59:59</ToTime>
        <Primary>true</Primary>
        <OrderedDelivery>false</OrderedDelivery>
        <DeliveryNotification>1</DeliveryNotification>
      </PrimaryTransport>
      <SecondaryTransport>
        <Address />
        <RetryCount>3</RetryCount>
        <RetryInterval>5</RetryInterval>
        <ServiceWindowEnabled>false</ServiceWindowEnabled>
        <FromTime>2006-04-16T07:00:00</FromTime>
        <ToTime>2006-04-17T06:59:59</ToTime>
        <Primary>false</Primary>
        <OrderedDelivery>false</OrderedDelivery>
        <DeliveryNotification>1</DeliveryNotification>
        <SendHandler xsi:nil="true" />
      </SecondaryTransport>
      <ReceivePipelineData xsi:nil="true" />
      <Tracking>0</Tracking>
      <Filter />
      <Transforms />
      <OrderedDelivery>false</OrderedDelivery>
      <Priority>5</Priority>
      <StopSendingOnFailure>false</StopSendingOnFailure>
      <RouteFailedMessage>false</RouteFailedMessage>
      <ApplicationName>SQLAdapterUsingDTCApplication</ApplicationName>
    </SendPort>
  </SendPortCollection>
  <DistributionListCollection />
  <ReceivePortCollection>
    <ReceivePort Name="OneDetail_XML" IsTwoWay="false" BindingOption="1">
      <Description xsi:nil="true" />
      <ReceiveLocations>
        <ReceiveLocation Name="OrderDetail_XML_FILE">
          <Description xsi:nil="true" />
          <Address>C:\Samples\SQLAdapterUsingDTC\Receive\*.xml</Address>
          <PublicAddress />
          <Primary>true</Primary>
          <ReceiveLocationServiceWindowEnabled>false</ReceiveLocationServiceWindowEnabled>
          <ReceiveLocationFromTime>2000-01-01T07:00:00</ReceiveLocationFromTime>
          <ReceiveLocationToTime>2000-01-01T06:59:59</ReceiveLocationToTime>
          <ReceiveLocationStartDateEnabled>false</ReceiveLocationStartDateEnabled>
          <ReceiveLocationStartDate>2006-04-11T00:00:00</ReceiveLocationStartDate>
          <ReceiveLocationEndDateEnabled>false</ReceiveLocationEndDateEnabled>
          <ReceiveLocationEndDate>2006-04-12T23:59:59</ReceiveLocationEndDate>
          <ReceiveLocationTransportType Name="FILE" Capabilities="11" ConfigurationClsid="5e49e3a6-b4fc-4077-b44c-22f34a242fdb" />
          <ReceiveLocationTransportTypeData>&lt;CustomProps&gt;&lt;RemoveReceivedFileRetryCount vt="19"&gt;5&lt;/RemoveReceivedFileRetryCount&gt;&lt;RemoveReceivedFileMaxInterval vt="19"&gt;300000&lt;/RemoveReceivedFileMaxInterval&gt;&lt;FileMask vt="8"&gt;*.xml&lt;/FileMask&gt;&lt;BatchSizeInBytes vt="19"&gt;102400&lt;/BatchSizeInBytes&gt;&lt;PollingInterval vt="19"&gt;60000&lt;/PollingInterval&gt;&lt;BatchSize vt="19"&gt;20&lt;/BatchSize&gt;&lt;FileNetFailRetryInt vt="19"&gt;5&lt;/FileNetFailRetryInt&gt;&lt;RemoveReceivedFileDelay vt="19"&gt;10&lt;/RemoveReceivedFileDelay&gt;&lt;RenameReceivedFiles vt="11"&gt;0&lt;/RenameReceivedFiles&gt;&lt;FileNetFailRetryCount vt="19"&gt;5&lt;/FileNetFailRetryCount&gt;&lt;/CustomProps&gt;</ReceiveLocationTransportTypeData>
          <ReceivePipeline Name="Microsoft.BizTalk.DefaultPipelines.XMLReceive" FullyQualifiedName="Microsoft.BizTalk.DefaultPipelines.XMLReceive, Microsoft.BizTalk.DefaultPipelines, Version=3.0.1.0, Culture=neutral, PublicKeyToken=31bf3856ad364e35" Type="1" TrackingOption="ServiceStartEnd MessageSendReceive PipelineEvents" Description="" />
          <ReceivePipelineData xsi:nil="true" />
          <SendPipeline xsi:nil="true" />
          <SendPipelineData xsi:nil="true" />
          <Enable>true</Enable>
        </ReceiveLocation>
      </ReceiveLocations>
      <SendPipelineData xsi:nil="true" />
      <Authentication>0</Authentication>
      <Tracking>0</Tracking>
      <Transforms />
      <RouteFailedMessage>false</RouteFailedMessage>
      <ApplicationName>SQLAdapterUsingDTCApplication</ApplicationName>
    </ReceivePort>
  </ReceivePortCollection>
  <PartyCollection />
</BindingInfo>