<?xml version="1.0" ?> 
<SampleConfigs>
<SampleConfig ParentNodeID = "DataSeries" Priority="650">
  <Title>Series Appearance</Title> 
  <Thumbnail>thumbnail.jpg</Thumbnail>
  <ShortBlurb>Setting Series Appearance</ShortBlurb> 
  <Content>SeriesAppearance.aspx</Content> 
  <InfoPages>
    <InfoPage Title="C# Source">cscode.txt</InfoPage>
    <InfoPage Title="Visual Basic Source">vbcode.txt</InfoPage>
  </InfoPages>
  <Keywords>
    <Keyword>Series, Appearance</Keyword>
    <Keyword>Appearance, Series</Keyword>
  </Keywords>  
</SampleConfig>

<SampleConfig ParentNodeID = "ChartAppearance" Priority="375">
  <Title>Series Appearance</Title> 
  <Thumbnail>thumbnail.jpg</Thumbnail>
  <ShortBlurb>Setting Series Appearance</ShortBlurb> 
  <Content>SeriesAppearance.aspx</Content> 
  <InfoPages>
    <InfoPage Title="C# Source">cscode.txt</InfoPage>
    <InfoPage Title="Visual Basic Source">vbcode.txt</InfoPage>
  </InfoPages>
  <Keywords>
    <Keyword>Series, Appearance</Keyword>
    <Keyword>Appearance, Series</Keyword>
  </Keywords>  
</SampleConfig>

</SampleConfigs>
