<?xml version="1.0" encoding="utf-8"?>
<BindingInfo xmlns:xsi="http://www.w3.org/2001/XMLSchema-instance" xmlns:xsd="http://www.w3.org/2001/XMLSchema" Assembly="Microsoft.BizTalk.Deployment, Version=3.0.1.0, Culture=neutral, PublicKeyToken=31bf3856ad364e35" Version="3.5.1.0" BindingStatus="FullyBound" BoundEndpoints="4" TotalEndpoints="4">
  <Timestamp>2008-01-25T14:48:02.2956236-06:00</Timestamp>
  <ModuleRefCollection>
    <ModuleRef Name="[Application:OrderProcessing]" Version="" Culture="" PublicKeyToken="" FullName="[Application:OrderProcessing], Version=, Culture=, PublicKeyToken=">
      <Services />
      <TrackedSchemas>
        <Schema FullName="OrderProcessing.Schemas.OrderInternal" RootName="Order" AssemblyQualifiedName="OrderProcessing.Schemas.OrderInternal,OrderProcessing.Schemas, Version=1.0.0.0, Culture=neutral, PublicKeyToken=f974185b5db756e2" AlwaysTrackAllProperties="false">
          <TrackedPropertyNames />
        </Schema>
        <Schema FullName="OrderProcessing.Schemas.OrderShipping" RootName="OrderShipping" AssemblyQualifiedName="OrderProcessing.Schemas.OrderShipping,OrderProcessing.Schemas, Version=1.0.0.0, Culture=neutral, PublicKeyToken=f974185b5db756e2" AlwaysTrackAllProperties="false">
          <TrackedPropertyNames />
        </Schema>
        <Schema FullName="OrderProcessing.Schemas.OrderExternal" RootName="OrderExternal" AssemblyQualifiedName="OrderProcessing.Schemas.OrderExternal,OrderProcessing.Schemas, Version=1.0.0.0, Culture=neutral, PublicKeyToken=f974185b5db756e2" AlwaysTrackAllProperties="false">
          <TrackedPropertyNames />
        </Schema>
        <Schema FullName="OrderProcessing.Schemas.CommonTypes" RootName="Address" AssemblyQualifiedName="OrderProcessing.Schemas.CommonTypes,OrderProcessing.Schemas, Version=1.0.0.0, Culture=neutral, PublicKeyToken=f974185b5db756e2" AlwaysTrackAllProperties="false">
          <TrackedPropertyNames />
        </Schema>
        <Schema FullName="OrderProcessing.Schemas.CommonTypes" RootName="BillTo" AssemblyQualifiedName="OrderProcessing.Schemas.CommonTypes,OrderProcessing.Schemas, Version=1.0.0.0, Culture=neutral, PublicKeyToken=f974185b5db756e2" AlwaysTrackAllProperties="false">
          <TrackedPropertyNames />
        </Schema>
        <Schema FullName="OrderProcessing.Schemas.CommonTypes" RootName="Item" AssemblyQualifiedName="OrderProcessing.Schemas.CommonTypes,OrderProcessing.Schemas, Version=1.0.0.0, Culture=neutral, PublicKeyToken=f974185b5db756e2" AlwaysTrackAllProperties="false">
          <TrackedPropertyNames />
        </Schema>
        <Schema FullName="OrderProcessing.Schemas.CommonTypes" RootName="LineItem" AssemblyQualifiedName="OrderProcessing.Schemas.CommonTypes,OrderProcessing.Schemas, Version=1.0.0.0, Culture=neutral, PublicKeyToken=f974185b5db756e2" AlwaysTrackAllProperties="false">
          <TrackedPropertyNames />
        </Schema>
        <Schema FullName="OrderProcessing.Schemas.CommonTypes" RootName="ShipTo" AssemblyQualifiedName="OrderProcessing.Schemas.CommonTypes,OrderProcessing.Schemas, Version=1.0.0.0, Culture=neutral, PublicKeyToken=f974185b5db756e2" AlwaysTrackAllProperties="false">
          <TrackedPropertyNames />
        </Schema>
        <Schema FullName="OrderProcessing.Schemas.OrderBilling" RootName="OrderBilling" AssemblyQualifiedName="OrderProcessing.Schemas.OrderBilling,OrderProcessing.Schemas, Version=1.0.0.0, Culture=neutral, PublicKeyToken=f974185b5db756e2" AlwaysTrackAllProperties="false">
          <TrackedPropertyNames />
        </Schema>
        <Schema FullName="Orchestrations.Rating.Reference" RootName="Rating" AssemblyQualifiedName="Orchestrations.Rating.Reference,Orchestrations, Version=1.0.0.0, Culture=neutral, PublicKeyToken=f974185b5db756e2" AlwaysTrackAllProperties="false">
          <TrackedPropertyNames />
        </Schema>
      </TrackedSchemas>
    </ModuleRef>
    <ModuleRef Name="OrderProcessing.Schemas" Version="1.0.0.0" Culture="neutral" PublicKeyToken="f974185b5db756e2" FullName="OrderProcessing.Schemas, Version=1.0.0.0, Culture=neutral, PublicKeyToken=f974185b5db756e2">
      <Services />
      <TrackedSchemas />
    </ModuleRef>
    <ModuleRef Name="OrderProcessing.Maps" Version="1.0.0.0" Culture="neutral" PublicKeyToken="f974185b5db756e2" FullName="OrderProcessing.Maps, Version=1.0.0.0, Culture=neutral, PublicKeyToken=f974185b5db756e2">
      <Services />
      <TrackedSchemas />
    </ModuleRef>
    <ModuleRef Name="Orchestrations" Version="1.0.0.0" Culture="neutral" PublicKeyToken="f974185b5db756e2" FullName="Orchestrations, Version=1.0.0.0, Culture=neutral, PublicKeyToken=f974185b5db756e2">
      <Services>
        <Service Name="Orchestrations.InternalOrderProcessing" State="Started" TrackingOption="ServiceStartEnd MessageSendReceive OrchestrationEvents">
          <Ports>
            <Port Name="OrderReceivePort" Modifier="2" BindingOption="1">
              <SendPortRef xsi:nil="true" />
              <DistributionListRef xsi:nil="true" />
              <ReceivePortRef Name="WebPort_SchemasOrderService/ExternalOrderService" />
            </Port>
            <Port Name="RatingPort" Modifier="1" BindingOption="2">
              <SendPortRef Name="Orchestrations_1.0.0.0_Orchestrations.InternalOrderProcessing_RatingPort_f974185b5db756e2" />
              <DistributionListRef xsi:nil="true" />
              <ReceivePortRef xsi:nil="true" />
            </Port>
            <Port Name="ShippingPort" Modifier="1" BindingOption="1">
              <SendPortRef Name="Shipping_FILE" />
              <DistributionListRef xsi:nil="true" />
              <ReceivePortRef xsi:nil="true" />
            </Port>
            <Port Name="BillingPort" Modifier="1" BindingOption="1">
              <SendPortRef Name="Billing_FILE" />
              <DistributionListRef xsi:nil="true" />
              <ReceivePortRef xsi:nil="true" />
            </Port>
          </Ports>
          <Roles />
          <Host Name="BizTalkServerApplication" NTGroupName="BizTalk Application Users" Type="1" Trusted="false" />
        </Service>
      </Services>
      <TrackedSchemas />
    </ModuleRef>
  </ModuleRefCollection>
  <SendPortCollection>
    <SendPort Name="SendPort1" IsStatic="true" IsTwoWay="false" BindingOption="0">
      <Description xsi:nil="true" />
      <TransmitPipeline Name="Microsoft.BizTalk.DefaultPipelines.PassThruTransmit" FullyQualifiedName="Microsoft.BizTalk.DefaultPipelines.PassThruTransmit, Microsoft.BizTalk.DefaultPipelines, Version=3.0.1.0, Culture=neutral, PublicKeyToken=31bf3856ad364e35" Type="2" TrackingOption="ServiceStartEnd MessageSendReceive PipelineEvents" Description="" />
      <PrimaryTransport>
        <Address>C:\demos\Output\WebServices\%MessageID%.xml</Address>
        <TransportType Name="FILE" Capabilities="11" ConfigurationClsid="5e49e3a6-b4fc-4077-b44c-22f34a242fdb" />
        <TransportTypeData>&lt;CustomProps&gt;&lt;UseTempFileOnWrite vt="11"&gt;0&lt;/UseTempFileOnWrite&gt;&lt;CopyMode vt="19"&gt;1&lt;/CopyMode&gt;&lt;FileName vt="8"&gt;%MessageID%.xml&lt;/FileName&gt;&lt;AllowCacheOnWrite vt="11"&gt;0&lt;/AllowCacheOnWrite&gt;&lt;/CustomProps&gt;</TransportTypeData>
        <RetryCount>3</RetryCount>
        <RetryInterval>5</RetryInterval>
        <ServiceWindowEnabled>false</ServiceWindowEnabled>
        <FromTime>2008-01-23T06:00:00</FromTime>
        <ToTime>2008-01-24T05:59:59</ToTime>
        <Primary>true</Primary>
        <OrderedDelivery>false</OrderedDelivery>
        <DeliveryNotification>1</DeliveryNotification>
        <SendHandler Name="BizTalkServerApplication" HostTrusted="false">
          <TransportType Name="FILE" Capabilities="11" ConfigurationClsid="5e49e3a6-b4fc-4077-b44c-22f34a242fdb" />
        </SendHandler>
      </PrimaryTransport>
      <SecondaryTransport>
        <Address />
        <RetryCount>3</RetryCount>
        <RetryInterval>5</RetryInterval>
        <ServiceWindowEnabled>false</ServiceWindowEnabled>
        <FromTime>2008-01-23T06:00:00</FromTime>
        <ToTime>2008-01-24T05:59:59</ToTime>
        <Primary>false</Primary>
        <OrderedDelivery>false</OrderedDelivery>
        <DeliveryNotification>1</DeliveryNotification>
        <SendHandler xsi:nil="true" />
      </SecondaryTransport>
      <ReceivePipelineData xsi:nil="true" />
      <Tracking>0</Tracking>
      <Filter>&lt;?xml version="1.0" encoding="utf-16"?&gt;
&lt;Filter xmlns:xsi="http://www.w3.org/2001/XMLSchema-instance" xmlns:xsd="http://www.w3.org/2001/XMLSchema"&gt;
  &lt;Group&gt;
    &lt;Statement Property="BTS.ReceivePortName" Operator="0" Value="WebPort_SchemasOrderService/ExternalOrderService" /&gt;
  &lt;/Group&gt;
&lt;/Filter&gt;</Filter>
      <Transforms />
      <OrderedDelivery>false</OrderedDelivery>
      <Priority>5</Priority>
      <StopSendingOnFailure>false</StopSendingOnFailure>
      <RouteFailedMessage>false</RouteFailedMessage>
      <ApplicationName>OrderProcessing</ApplicationName>
    </SendPort>
    <SendPort Name="Orchestrations_1.0.0.0_Orchestrations.InternalOrderProcessing_RatingPort_f974185b5db756e2" IsStatic="true" IsTwoWay="true" BindingOption="2">
      <Description xsi:nil="true" />
      <TransmitPipeline Name="Microsoft.BizTalk.DefaultPipelines.PassThruTransmit" FullyQualifiedName="Microsoft.BizTalk.DefaultPipelines.PassThruTransmit, Microsoft.BizTalk.DefaultPipelines, Version=3.0.1.0, Culture=neutral, PublicKeyToken=31bf3856ad364e35" Type="2" TrackingOption="ServiceStartEnd MessageSendReceive PipelineEvents" Description="" />
      <PrimaryTransport>
        <Address>http://localhost:53226/CreditRating/CustomerRatingService.asmx</Address>
        <TransportType Name="SOAP" Capabilities="899" ConfigurationClsid="7e104b2f-003c-4d9f-a6a5-168f727289f0" />
        <TransportTypeData>&lt;CustomProps&gt;&lt;ProxyPort vt="3"&gt;80&lt;/ProxyPort&gt;&lt;UseSoap12 vt="11"&gt;0&lt;/UseSoap12&gt;&lt;UseHandlerSetting vt="11"&gt;-1&lt;/UseHandlerSetting&gt;&lt;UsingOrchestration vt="11"&gt;-1&lt;/UsingOrchestration&gt;&lt;AuthenticationScheme vt="8"&gt;Anonymous&lt;/AuthenticationScheme&gt;&lt;UseProxy vt="11"&gt;0&lt;/UseProxy&gt;&lt;/CustomProps&gt;</TransportTypeData>
        <RetryCount>3</RetryCount>
        <RetryInterval>5</RetryInterval>
        <ServiceWindowEnabled>false</ServiceWindowEnabled>
        <FromTime>2008-01-23T06:00:00</FromTime>
        <ToTime>2008-01-24T05:59:59</ToTime>
        <Primary>true</Primary>
        <OrderedDelivery>false</OrderedDelivery>
        <DeliveryNotification>1</DeliveryNotification>
        <SendHandler Name="BizTalkServerApplication" HostTrusted="false">
          <TransportType Name="SOAP" Capabilities="899" ConfigurationClsid="7e104b2f-003c-4d9f-a6a5-168f727289f0" />
        </SendHandler>
      </PrimaryTransport>
      <SecondaryTransport>
        <Address />
        <RetryCount>3</RetryCount>
        <RetryInterval>5</RetryInterval>
        <ServiceWindowEnabled>false</ServiceWindowEnabled>
        <FromTime>2008-01-23T06:00:00</FromTime>
        <ToTime>2008-01-24T05:59:59</ToTime>
        <Primary>false</Primary>
        <OrderedDelivery>false</OrderedDelivery>
        <DeliveryNotification>1</DeliveryNotification>
        <SendHandler xsi:nil="true" />
      </SecondaryTransport>
      <ReceivePipeline Name="Microsoft.BizTalk.DefaultPipelines.PassThruReceive" FullyQualifiedName="Microsoft.BizTalk.DefaultPipelines.PassThruReceive, Microsoft.BizTalk.DefaultPipelines, Version=3.0.1.0, Culture=neutral, PublicKeyToken=31bf3856ad364e35" Type="1" TrackingOption="ServiceStartEnd MessageSendReceive PipelineEvents" Description="" />
      <ReceivePipelineData xsi:nil="true" />
      <Tracking>0</Tracking>
      <Filter />
      <Transforms />
      <InboundTransforms />
      <OrderedDelivery>false</OrderedDelivery>
      <Priority>5</Priority>
      <StopSendingOnFailure>false</StopSendingOnFailure>
      <RouteFailedMessage>false</RouteFailedMessage>
      <ApplicationName>OrderProcessing</ApplicationName>
    </SendPort>
    <SendPort Name="Shipping_FILE" IsStatic="true" IsTwoWay="false" BindingOption="1">
      <Description xsi:nil="true" />
      <TransmitPipeline Name="Microsoft.BizTalk.DefaultPipelines.XMLTransmit" FullyQualifiedName="Microsoft.BizTalk.DefaultPipelines.XMLTransmit, Microsoft.BizTalk.DefaultPipelines, Version=3.0.1.0, Culture=neutral, PublicKeyToken=31bf3856ad364e35" Type="2" TrackingOption="ServiceStartEnd MessageSendReceive PipelineEvents" Description="" />
      <PrimaryTransport>
        <Address>C:\demos\output\OrderProcessing\Shipping\%MessageID%.xml</Address>
        <TransportType Name="FILE" Capabilities="11" ConfigurationClsid="5e49e3a6-b4fc-4077-b44c-22f34a242fdb" />
        <TransportTypeData>&lt;CustomProps&gt;&lt;UseTempFileOnWrite vt="11"&gt;0&lt;/UseTempFileOnWrite&gt;&lt;CopyMode vt="19"&gt;1&lt;/CopyMode&gt;&lt;FileName vt="8"&gt;%MessageID%.xml&lt;/FileName&gt;&lt;AllowCacheOnWrite vt="11"&gt;0&lt;/AllowCacheOnWrite&gt;&lt;/CustomProps&gt;</TransportTypeData>
        <RetryCount>3</RetryCount>
        <RetryInterval>5</RetryInterval>
        <ServiceWindowEnabled>false</ServiceWindowEnabled>
        <FromTime>2000-01-01T07:00:00</FromTime>
        <ToTime>2000-01-01T06:59:59</ToTime>
        <Primary>true</Primary>
        <OrderedDelivery>false</OrderedDelivery>
        <DeliveryNotification>1</DeliveryNotification>
        <SendHandler Name="BizTalkServerApplication" HostTrusted="false">
          <TransportType Name="FILE" Capabilities="11" ConfigurationClsid="5e49e3a6-b4fc-4077-b44c-22f34a242fdb" />
        </SendHandler>
      </PrimaryTransport>
      <SecondaryTransport>
        <Address />
        <RetryCount>3</RetryCount>
        <RetryInterval>5</RetryInterval>
        <ServiceWindowEnabled>false</ServiceWindowEnabled>
        <FromTime>2000-01-01T07:00:00</FromTime>
        <ToTime>2000-01-01T06:59:59</ToTime>
        <Primary>false</Primary>
        <OrderedDelivery>false</OrderedDelivery>
        <DeliveryNotification>1</DeliveryNotification>
        <SendHandler xsi:nil="true" />
      </SecondaryTransport>
      <ReceivePipelineData xsi:nil="true" />
      <Tracking>0</Tracking>
      <Filter />
      <Transforms />
      <OrderedDelivery>false</OrderedDelivery>
      <Priority>5</Priority>
      <StopSendingOnFailure>false</StopSendingOnFailure>
      <RouteFailedMessage>false</RouteFailedMessage>
      <ApplicationName>OrderProcessing</ApplicationName>
    </SendPort>
    <SendPort Name="Billing_FILE" IsStatic="true" IsTwoWay="false" BindingOption="1">
      <Description xsi:nil="true" />
      <TransmitPipeline Name="Microsoft.BizTalk.DefaultPipelines.XMLTransmit" FullyQualifiedName="Microsoft.BizTalk.DefaultPipelines.XMLTransmit, Microsoft.BizTalk.DefaultPipelines, Version=3.0.1.0, Culture=neutral, PublicKeyToken=31bf3856ad364e35" Type="2" TrackingOption="ServiceStartEnd MessageSendReceive PipelineEvents" Description="" />
      <PrimaryTransport>
        <Address>C:\demos\output\OrderProcessing\Billing\%MessageID%.xml</Address>
        <TransportType Name="FILE" Capabilities="11" ConfigurationClsid="5e49e3a6-b4fc-4077-b44c-22f34a242fdb" />
        <TransportTypeData>&lt;CustomProps&gt;&lt;UseTempFileOnWrite vt="11"&gt;0&lt;/UseTempFileOnWrite&gt;&lt;CopyMode vt="19"&gt;1&lt;/CopyMode&gt;&lt;FileName vt="8"&gt;%MessageID%.xml&lt;/FileName&gt;&lt;AllowCacheOnWrite vt="11"&gt;0&lt;/AllowCacheOnWrite&gt;&lt;/CustomProps&gt;</TransportTypeData>
        <RetryCount>3</RetryCount>
        <RetryInterval>5</RetryInterval>
        <ServiceWindowEnabled>false</ServiceWindowEnabled>
        <FromTime>2000-01-01T07:00:00</FromTime>
        <ToTime>2000-01-01T06:59:59</ToTime>
        <Primary>true</Primary>
        <OrderedDelivery>false</OrderedDelivery>
        <DeliveryNotification>1</DeliveryNotification>
        <SendHandler Name="BizTalkServerApplication" HostTrusted="false">
          <TransportType Name="FILE" Capabilities="11" ConfigurationClsid="5e49e3a6-b4fc-4077-b44c-22f34a242fdb" />
        </SendHandler>
      </PrimaryTransport>
      <SecondaryTransport>
        <Address />
        <RetryCount>3</RetryCount>
        <RetryInterval>5</RetryInterval>
        <ServiceWindowEnabled>false</ServiceWindowEnabled>
        <FromTime>2000-01-01T07:00:00</FromTime>
        <ToTime>2000-01-01T06:59:59</ToTime>
        <Primary>false</Primary>
        <OrderedDelivery>false</OrderedDelivery>
        <DeliveryNotification>1</DeliveryNotification>
        <SendHandler xsi:nil="true" />
      </SecondaryTransport>
      <ReceivePipelineData xsi:nil="true" />
      <Tracking>0</Tracking>
      <Filter />
      <Transforms />
      <OrderedDelivery>false</OrderedDelivery>
      <Priority>5</Priority>
      <StopSendingOnFailure>false</StopSendingOnFailure>
      <RouteFailedMessage>false</RouteFailedMessage>
      <ApplicationName>OrderProcessing</ApplicationName>
    </SendPort>
  </SendPortCollection>
  <DistributionListCollection />
  <ReceivePortCollection>
    <ReceivePort Name="WebPort_SchemasOrderService/ExternalOrderService" IsTwoWay="false" BindingOption="1">
      <Description xsi:nil="true" />
      <ReceiveLocations>
        <ReceiveLocation Name="ExternalOrderService">
          <Description xsi:nil="true" />
          <Address>/SchemasOrderService/ExternalOrderService.asmx</Address>
          <PublicAddress />
          <Primary>true</Primary>
          <ReceiveLocationServiceWindowEnabled>false</ReceiveLocationServiceWindowEnabled>
          <ReceiveLocationFromTime>2000-01-01T00:00:00</ReceiveLocationFromTime>
          <ReceiveLocationToTime>2000-01-01T23:59:59</ReceiveLocationToTime>
          <ReceiveLocationStartDateEnabled>false</ReceiveLocationStartDateEnabled>
          <ReceiveLocationStartDate>2000-01-01T00:00:00</ReceiveLocationStartDate>
          <ReceiveLocationEndDateEnabled>false</ReceiveLocationEndDateEnabled>
          <ReceiveLocationEndDate>2000-01-01T23:59:59</ReceiveLocationEndDate>
          <ReceiveLocationTransportType Name="SOAP" Capabilities="899" ConfigurationClsid="7e104b2f-003c-4d9f-a6a5-168f727289f0" />
          <ReceivePipeline Name="Microsoft.BizTalk.DefaultPipelines.XMLReceive" FullyQualifiedName="Microsoft.BizTalk.DefaultPipelines.XMLReceive, Microsoft.BizTalk.DefaultPipelines, Version=3.0.1.0, Culture=neutral, PublicKeyToken=31bf3856ad364e35" Type="1" TrackingOption="ServiceStartEnd MessageSendReceive PipelineEvents" Description="" />
          <ReceivePipelineData xsi:nil="true" />
          <SendPipeline xsi:nil="true" />
          <SendPipelineData xsi:nil="true" />
          <Enable>true</Enable>
          <ReceiveHandler Name="BizTalkServerIsolatedHost" HostTrusted="false">
            <TransportType Name="SOAP" Capabilities="899" ConfigurationClsid="7e104b2f-003c-4d9f-a6a5-168f727289f0" />
          </ReceiveHandler>
        </ReceiveLocation>
      </ReceiveLocations>
      <SendPipelineData xsi:nil="true" />
      <Authentication>0</Authentication>
      <Tracking>0</Tracking>
      <Transforms>
        <Transform FullName="OrderProcessing.Maps.ExternalToInternal" AssemblyQualifiedName="OrderProcessing.Maps.ExternalToInternal,OrderProcessing.Maps, Version=1.0.0.0, Culture=neutral, PublicKeyToken=f974185b5db756e2" />
      </Transforms>
      <RouteFailedMessage>false</RouteFailedMessage>
      <ApplicationName>OrderProcessing</ApplicationName>
    </ReceivePort>
  </ReceivePortCollection>
  <PartyCollection />
</BindingInfo>