<?xml version="1.0" ?> 
<SampleConfigs>

	<SampleConfig ParentNodeID = "PyramidFunnelCharts">
	<Title>Funnel Chart</Title> 
	<Thumbnail>thumbnail.jpg</Thumbnail>
	<ShortBlurb>Funnel Chart</ShortBlurb> 
	<Content>FunnelChart.aspx</Content> 
	<InfoPages>
		<InfoPage Title="C# Source">cscode.txt</InfoPage>
		<InfoPage Title="Visual Basic Source">vbcode.txt</InfoPage>
	</InfoPages>

	<Keywords>
      <Keyword>Chart type, Funnel</Keyword>
      <Keyword>Funnel chart</Keyword>
    </Keywords>
	</SampleConfig>

	

</SampleConfigs>