<?xml version="1.0" ?> 
<SampleConfigs>

	<SampleConfig ParentNodeID = "Annotations" Priority="400">
	<Title>Annotation Types</Title>
	<Thumbnail>thumbnail.jpg</Thumbnail>
	<ShortBlurb>Annotation Types</ShortBlurb> 
	<Content>AnnotationStyles.aspx</Content> 
	
	<InfoPages>
		<InfoPage Title="C# Source">cscode.txt</InfoPage>
		<InfoPage Title="Visual Basic Source">vbcode.txt</InfoPage>
	</InfoPages>

	<Keywords>
	<Keyword>Annotations, Arrows</Keyword>
    <Keyword>Annotations, Types and Styles</Keyword>
  </Keywords>   
</SampleConfig>

	<SampleConfig ParentNodeID = "NewAnnotations">
	<Title>Annotation Types</Title>
	<Thumbnail>thumbnail.jpg</Thumbnail>
	<ShortBlurb>Annotation Types</ShortBlurb> 
	<Content>AnnotationStyles.aspx</Content> 
	
	<InfoPages>
		<InfoPage Title="C# Source">cscode.txt</InfoPage>
		<InfoPage Title="Visual Basic Source">vbcode.txt</InfoPage>
	</InfoPages>

</SampleConfig>

	
</SampleConfigs>