<?xml version="1.0" ?> 
<SampleConfigs>
<SampleConfig ParentNodeID = "LineCharts">
  <Title>Line, Step Line and Curve Charts</Title> 
  <Thumbnail>thumbnail.jpg</Thumbnail>
  <ShortBlurb>Line, Step Line, and Curve Charts</ShortBlurb> 
  <Content>LineCurvesChart.aspx</Content> 
  <InfoPages>
    <InfoPage Title="C# Source">cscode.txt</InfoPage>
    <InfoPage Title="Visual Basic Source">vbcode.txt</InfoPage>
  </InfoPages>

<Keywords>
      <Keyword>Chart type, Line</Keyword>
      <Keyword>Chart type, Spline</Keyword>
      <Keyword>Chart type, Stepline</Keyword>
      <Keyword>Line chart</Keyword>
      <Keyword>Spline chart</Keyword>
      <Keyword>Stepline chart</Keyword>
      <Keyword>Labels, Data label position</Keyword>
    </Keywords>
</SampleConfig>

</SampleConfigs>