<?xml version="1.0" encoding="UTF-8"?><?xml-stylesheet type='text/xsl' href='_UpgradeReport_Files/UpgradeReport.xslt'?><UpgradeLog>
<Properties><Property Name="Solution" Value="NWBusinessSolution">
</Property><Property Name="Solution File" Value="C:\demos\Start\NWBusinessSolution\NWBusinessSolution.sln">
</Property><Property Name="Date" Value="Thursday, April 16, 2009">
</Property><Property Name="Time" Value="22:38 PM">
</Property></Properties><Event ErrorLevel="0" Project="C:\demos\Start\NWBusinessSolution\NWMessaging\NWMessaging.btproj" Source="NWMessaging\NWMessaging.btproj" Description="Project Upgrade Beginning...">
</Event><Event ErrorLevel="0" Project="C:\demos\Start\NWBusinessSolution\NWMessaging\NWMessaging.btproj" Source="NWMessaging\NWMessaging.btproj" Description="Temporary backup created for project file at: C:\demos\Start\NWBusinessSolution\NWMessaging\NWMessaging.btproj.bak">
</Event><Event ErrorLevel="0" Project="C:\demos\Start\NWBusinessSolution\NWMessaging\NWMessaging.btproj" Source="NWMessaging\NWMessaging.btproj" Description="Project file 'NWMessaging.btproj' upgraded">
</Event><Event ErrorLevel="0" Project="C:\demos\Start\NWBusinessSolution\NWMessaging\NWMessaging.btproj" Source="NWMessaging\NWMessaging.btproj.user" Description="Temporary backup created for user file at: C:\demos\Start\NWBusinessSolution\NWMessaging\NWMessaging.btproj.user.bak">
</Event><Event ErrorLevel="0" Project="C:\demos\Start\NWBusinessSolution\NWMessaging\NWMessaging.btproj" Source="NWMessaging\NWMessaging.btproj.user" Description="User file 'NWMessaging.btproj.user' upgraded">
</Event><Event ErrorLevel="3" Project="C:\demos\Start\NWBusinessSolution\NWMessaging\NWMessaging.btproj" Source="NWMessaging\NWMessaging.btproj" Description="Converted">
</Event><Event ErrorLevel="0" Project="C:\demos\Start\FKMessaging\FKMessaging.btproj" Source="..\FKMessaging\FKMessaging.btproj" Description="Project Upgrade Beginning...">
</Event><Event ErrorLevel="0" Project="C:\demos\Start\FKMessaging\FKMessaging.btproj" Source="..\FKMessaging\FKMessaging.btproj" Description="Temporary backup created for project file at: C:\demos\Start\FKMessaging\FKMessaging.btproj.bak">
</Event><Event ErrorLevel="0" Project="C:\demos\Start\FKMessaging\FKMessaging.btproj" Source="..\FKMessaging\FKMessaging.btproj" Description="Project file 'FKMessaging.btproj' upgraded">
</Event><Event ErrorLevel="0" Project="C:\demos\Start\FKMessaging\FKMessaging.btproj" Source="..\FKMessaging\FKMessaging.btproj.user" Description="Temporary backup created for user file at: C:\demos\Start\FKMessaging\FKMessaging.btproj.user.bak">
</Event><Event ErrorLevel="0" Project="C:\demos\Start\FKMessaging\FKMessaging.btproj" Source="..\FKMessaging\FKMessaging.btproj.user" Description="User file 'FKMessaging.btproj.user' upgraded">
</Event><Event ErrorLevel="3" Project="C:\demos\Start\FKMessaging\FKMessaging.btproj" Source="..\FKMessaging\FKMessaging.btproj" Description="Converted">
</Event><Event ErrorLevel="0" Project="" Source="NWBusinessSolution.sln" Description="Solution converted successfully">
</Event><Event ErrorLevel="3" Project="" Source="NWBusinessSolution.sln" Description="Converted">
</Event></UpgradeLog>