<?xml version="1.0" ?> 
<SampleConfigs>
<SampleConfig ParentNodeID = "DataSeries" Priority="300">
  <Title>Hiding Series</Title> 
  <Thumbnail>thumbnail.jpg</Thumbnail>
  <ShortBlurb>Hiding Series</ShortBlurb> 
  <Content>HidingSeries.aspx</Content> 
  <InfoPages>
    <InfoPage Title="C# Source">cscode.txt</InfoPage>
    <InfoPage Title="Visual Basic Source">vbcode.txt</InfoPage>
  </InfoPages>

  <Keywords>
    <Keyword>Series, Hiding</Keyword>
  </Keywords>
</SampleConfig>

</SampleConfigs>