<?xml version="1.0" ?> 
<SampleConfigs>
<SampleConfig ParentNodeID = "Axis" Priority="450">
  <Title>Primary And Secondary Axes</Title> 
  <Thumbnail>thumbnail.jpg</Thumbnail>
  <ShortBlurb>Using Primary And Secondary Axes</ShortBlurb> 
  <Content>PrimaryAndSecondaryAxes.aspx</Content> 
  <InfoPages>
    <InfoPage Title="C# Source">cscode.txt</InfoPage>
    <InfoPage Title="Visual Basic Source">vbcode.txt</InfoPage>
  </InfoPages>
  <Keywords>
	<Keyword>Primary Axis</Keyword>
	<Keyword>Secondary Axis, Assigning</Keyword>
	<Keyword>Axis, Primary and Secondary</Keyword>
  </Keywords>
</SampleConfig>
</SampleConfigs>