<?xml version="1.0" encoding="utf-8"?>
<BindingInfo xmlns:xsi="http://www.w3.org/2001/XMLSchema-instance" xmlns:xsd="http://www.w3.org/2001/XMLSchema" Assembly="Microsoft.BizTalk.Deployment, Version=3.0.1.0, Culture=neutral, PublicKeyToken=31bf3856ad364e35" Version="3.5.1.0" BindingStatus="NoBindings" BoundEndpoints="0" TotalEndpoints="0">
  <Timestamp>2007-08-07T10:29:39.5540752-07:00</Timestamp>
  <ModuleRefCollection>
    <ModuleRef Name="[Application:EDISending]" Version="" Culture="" PublicKeyToken="" FullName="[Application:EDISending], Version=, Culture=, PublicKeyToken=">
      <Services />
      <TrackedSchemas>
        <Schema FullName="Contoso.Schemas.Internal.InternalInvoice" RootName="Invoice" AssemblyQualifiedName="Contoso.Schemas.Internal.InternalInvoice,Contoso.Schemas.Internal, Version=1.0.0.0, Culture=neutral, PublicKeyToken=ff72aa2404f7f426" AlwaysTrackAllProperties="false">
          <TrackedPropertyNames />
        </Schema>
        <Schema FullName="Contoso.EDI.EDIFACT.EFACT_D96A_INVOIC" RootName="EFACT_D96A_INVOIC" AssemblyQualifiedName="Contoso.EDI.EDIFACT.EFACT_D96A_INVOIC,Contoso.EDI.EDIFACT, Version=1.0.0.0, Culture=neutral, PublicKeyToken=d8160586e73fe474" AlwaysTrackAllProperties="false">
          <TrackedPropertyNames />
        </Schema>
      </TrackedSchemas>
    </ModuleRef>
    <ModuleRef Name="Contoso.Schemas.Internal" Version="1.0.0.0" Culture="neutral" PublicKeyToken="ff72aa2404f7f426" FullName="Contoso.Schemas.Internal, Version=1.0.0.0, Culture=neutral, PublicKeyToken=ff72aa2404f7f426">
      <Services />
      <TrackedSchemas />
    </ModuleRef>
    <ModuleRef Name="Contoso.EDI.EDIFACT" Version="1.0.0.0" Culture="neutral" PublicKeyToken="d8160586e73fe474" FullName="Contoso.EDI.EDIFACT, Version=1.0.0.0, Culture=neutral, PublicKeyToken=d8160586e73fe474">
      <Services />
      <TrackedSchemas />
    </ModuleRef>
    <ModuleRef Name="#" Version="0.0" Culture="neutral" PublicKeyToken="" FullName="#, Version=0.0, Culture=neutral, PublicKeyToken=">
      <Services />
      <TrackedSchemas />
    </ModuleRef>
  </ModuleRefCollection>
  <SendPortCollection>
    <SendPort Name="SendPort1" IsStatic="true" IsTwoWay="false" BindingOption="0">
      <Description xsi:nil="true" />
      <TransmitPipeline Name="Microsoft.BizTalk.Edi.DefaultPipelines.EdiSend" FullyQualifiedName="Microsoft.BizTalk.Edi.DefaultPipelines.EdiSend, Microsoft.BizTalk.Edi.EdiPipelines, Version=3.0.1.0, Culture=neutral, PublicKeyToken=31bf3856ad364e35" Type="2" TrackingOption="ServiceStartEnd MessageSendReceive PipelineEvents" />
      <PrimaryTransport>
        <Address>C:\labs\work\LabI\Send\%MessageID%.txt</Address>
        <TransportType Name="FILE" Capabilities="11" ConfigurationClsid="5e49e3a6-b4fc-4077-b44c-22f34a242fdb" />
        <TransportTypeData>&lt;CustomProps&gt;&lt;UseTempFileOnWrite vt="11"&gt;0&lt;/UseTempFileOnWrite&gt;&lt;CopyMode vt="19"&gt;1&lt;/CopyMode&gt;&lt;FileName vt="8"&gt;%MessageID%.txt&lt;/FileName&gt;&lt;AllowCacheOnWrite vt="11"&gt;0&lt;/AllowCacheOnWrite&gt;&lt;/CustomProps&gt;</TransportTypeData>
        <RetryCount>3</RetryCount>
        <RetryInterval>5</RetryInterval>
        <ServiceWindowEnabled>false</ServiceWindowEnabled>
        <FromTime>2007-08-07T07:00:00</FromTime>
        <ToTime>2007-08-08T06:59:59</ToTime>
        <Primary>true</Primary>
        <OrderedDelivery>false</OrderedDelivery>
        <DeliveryNotification>1</DeliveryNotification>
        <SendHandler Name="BizTalkServerApplication" HostTrusted="false">
          <TransportType Name="FILE" Capabilities="11" ConfigurationClsid="5e49e3a6-b4fc-4077-b44c-22f34a242fdb" />
        </SendHandler>
      </PrimaryTransport>
      <SecondaryTransport>
        <Address />
        <RetryCount>3</RetryCount>
        <RetryInterval>5</RetryInterval>
        <ServiceWindowEnabled>false</ServiceWindowEnabled>
        <FromTime>2007-08-07T07:00:00</FromTime>
        <ToTime>2007-08-08T06:59:59</ToTime>
        <Primary>false</Primary>
        <OrderedDelivery>false</OrderedDelivery>
        <DeliveryNotification>1</DeliveryNotification>
        <SendHandler xsi:nil="true" />
      </SecondaryTransport>
      <ReceivePipelineData xsi:nil="true" />
      <Tracking>0</Tracking>
      <Filter>&lt;?xml version="1.0" encoding="utf-16"?&gt;
&lt;Filter xmlns:xsi="http://www.w3.org/2001/XMLSchema-instance" xmlns:xsd="http://www.w3.org/2001/XMLSchema"&gt;
  &lt;Group&gt;
    &lt;Statement Property="EDI.DestinationPartyName" Operator="0" Value="ContosoPartner" /&gt;
    &lt;Statement Property="EDI.ToBeBatched" Operator="0" Value="false" /&gt;
  &lt;/Group&gt;
&lt;/Filter&gt;</Filter>
      <Transforms />
      <OrderedDelivery>false</OrderedDelivery>
      <Priority>5</Priority>
      <StopSendingOnFailure>false</StopSendingOnFailure>
      <RouteFailedMessage>false</RouteFailedMessage>
      <ApplicationName>EDISending</ApplicationName>
    </SendPort>
  </SendPortCollection>
  <DistributionListCollection />
  <ReceivePortCollection>
    <ReceivePort Name="FromERP" IsTwoWay="false" BindingOption="0">
      <Description xsi:nil="true" />
      <ReceiveLocations>
        <ReceiveLocation Name="Receive Location1">
          <Description xsi:nil="true" />
          <Address>C:\labs\work\LabI\Receive\*.xml</Address>
          <PublicAddress />
          <Primary>true</Primary>
          <ReceiveLocationServiceWindowEnabled>false</ReceiveLocationServiceWindowEnabled>
          <ReceiveLocationFromTime>2007-08-07T07:00:00</ReceiveLocationFromTime>
          <ReceiveLocationToTime>2007-08-08T06:59:59</ReceiveLocationToTime>
          <ReceiveLocationStartDateEnabled>false</ReceiveLocationStartDateEnabled>
          <ReceiveLocationStartDate>2007-08-06T17:00:00</ReceiveLocationStartDate>
          <ReceiveLocationEndDateEnabled>false</ReceiveLocationEndDateEnabled>
          <ReceiveLocationEndDate>2007-08-07T17:00:00</ReceiveLocationEndDate>
          <ReceiveLocationTransportType Name="FILE" Capabilities="11" ConfigurationClsid="5e49e3a6-b4fc-4077-b44c-22f34a242fdb" />
          <ReceiveLocationTransportTypeData>&lt;CustomProps&gt;&lt;RemoveReceivedFileRetryCount vt="19"&gt;5&lt;/RemoveReceivedFileRetryCount&gt;&lt;RemoveReceivedFileMaxInterval vt="19"&gt;300000&lt;/RemoveReceivedFileMaxInterval&gt;&lt;FileMask vt="8"&gt;*.xml&lt;/FileMask&gt;&lt;BatchSizeInBytes vt="19"&gt;102400&lt;/BatchSizeInBytes&gt;&lt;PollingInterval vt="19"&gt;60000&lt;/PollingInterval&gt;&lt;BatchSize vt="19"&gt;20&lt;/BatchSize&gt;&lt;FileNetFailRetryInt vt="19"&gt;5&lt;/FileNetFailRetryInt&gt;&lt;RemoveReceivedFileDelay vt="19"&gt;10&lt;/RemoveReceivedFileDelay&gt;&lt;RenameReceivedFiles vt="11"&gt;0&lt;/RenameReceivedFiles&gt;&lt;FileNetFailRetryCount vt="19"&gt;5&lt;/FileNetFailRetryCount&gt;&lt;/CustomProps&gt;</ReceiveLocationTransportTypeData>
          <ReceivePipeline Name="Contoso.EDI.EDIFACT.InternalEDIReceive" FullyQualifiedName="Contoso.EDI.EDIFACT.InternalEDIReceive, Contoso.EDI.EDIFACT, Version=1.0.0.0, Culture=neutral, PublicKeyToken=d8160586e73fe474" Type="1" TrackingOption="ServiceStartEnd MessageSendReceive PipelineEvents" />
          <ReceivePipelineData xsi:nil="true" />
          <SendPipeline xsi:nil="true" />
          <SendPipelineData xsi:nil="true" />
          <Enable>true</Enable>
          <ReceiveHandler Name="BizTalkServerApplication" HostTrusted="false">
            <TransportType Name="FILE" Capabilities="11" ConfigurationClsid="5e49e3a6-b4fc-4077-b44c-22f34a242fdb" />
          </ReceiveHandler>
        </ReceiveLocation>
      </ReceiveLocations>
      <SendPipelineData xsi:nil="true" />
      <Authentication>0</Authentication>
      <Tracking>0</Tracking>
      <Transforms>
        <Transform FullName="Contoso.EDI.EDIFACT.InternalInvoiceToD96A_INVOIC" AssemblyQualifiedName="Contoso.EDI.EDIFACT.InternalInvoiceToD96A_INVOIC,Contoso.EDI.EDIFACT, Version=1.0.0.0, Culture=neutral, PublicKeyToken=d8160586e73fe474" />
      </Transforms>
      <RouteFailedMessage>false</RouteFailedMessage>
      <ApplicationName>EDISending</ApplicationName>
    </ReceivePort>
  </ReceivePortCollection>
  <PartyCollection>
    <Party Name="ContosoPartner">
      <Aliases>
        <PartyAlias Name="Organization" Qualifier="OrganizationName" Value="ContosoPartner" IsAutoCreated="true" />
      </Aliases>
      <SendPorts />
      <SignatureCert xsi:nil="true" />
      <EdiData>
        <PartyEDIProperties PartyName="ContosoPartner">
          <PartnerAgreement xmlns:xsi="http://www.w3.org/2001/XMLSchema-instance" xmlns:xsd="http://www.w3.org/2001/XMLSchema">
            <IsSender>false</IsSender>
            <PartyName>ContosoPartner</PartyName>
            <Contacts />
            <AgreementStartDate xsi:nil="true" />
            <AgreementEndDate xsi:nil="true" />
            <ActivateStatusReporting>false</ActivateStatusReporting>
            <StoreTransactionSet>false</StoreTransactionSet>
          </PartnerAgreement>
          <PartnerEdifact xmlns:xsi="http://www.w3.org/2001/XMLSchema-instance" xmlns:xsd="http://www.w3.org/2001/XMLSchema">
            <IsSender>true</IsSender>
            <PartyName>ContosoPartner</PartyName>
            <PartnerEdifactReceiverGroups />
            <PartnerEdifactSenderGroups>
              <anyType xsi:type="PartnerEdifactSenderGroupUpdatable">
                <IsSender>true</IsSender>
                <PartyName>ContosoPartner</PartyName>
                <TargetNamespace>http://schemas.microsoft.com/BizTalk/EDI/EDIFACT/2006</TargetNamespace>
                <UngDefaultSetting>true</UngDefaultSetting>
              </anyType>
            </PartnerEdifactSenderGroups>
            <UnaGenerateSegment>true</UnaGenerateSegment>
            <Una1>:</Una1>
            <Una2>+</Una2>
            <Una3>,</Una3>
            <Una4>?</Una4>
            <Una5>*</Una5>
            <Una6>'</Una6>
            <Una6Suffix>None</Una6Suffix>
            <Unb1Id>UNOB</Unb1Id>
            <Unb1Version>1</Unb1Version>
            <Unb5CheckDup>true</Unb5CheckDup>
            <Unb5DupValidity>30</Unb5DupValidity>
            <Unb5>1</Unb5>
            <Unb9>0</Unb9>
            <Unb11>false</Unb11>
            <UngCreateSegments>false</UngCreateSegments>
            <Ung5>1</Ung5>
            <Ung5CheckDup>false</Ung5CheckDup>
            <UnhApplyNewId>true</UnhApplyNewId>
            <UnhCheckDup>false</UnhCheckDup>
            <UnhRefNumber>1</UnhRefNumber>
            <SetSequenceNumberFlag>None</SetSequenceNumberFlag>
          </PartnerEdifact>
          <PartnerAckValidation xmlns:xsi="http://www.w3.org/2001/XMLSchema-instance" xmlns:xsd="http://www.w3.org/2001/XMLSchema">
            <IsSender>true</IsSender>
            <PartyName>ContosoPartner</PartyName>
            <RouteAcktoSendPipeline>true</RouteAcktoSendPipeline>
            <SendTechnicalAck>false</SendTechnicalAck>
            <DontBatchTechnicalAck>false</DontBatchTechnicalAck>
            <SendFunctionalAck>false</SendFunctionalAck>
            <ExpectFunctionalAck>false</ExpectFunctionalAck>
            <DontBatchFunctionalAck>false</DontBatchFunctionalAck>
            <GenerateLoopForValidMessagesInAck>false</GenerateLoopForValidMessagesInAck>
            <ValidateEdiType>true</ValidateEdiType>
            <IgnoreInvalidChars>false</IgnoreInvalidChars>
            <ValidateExtended>false</ValidateExtended>
            <AllowTrailingDelimiters>false</AllowTrailingDelimiters>
            <GenerateTrailingDelimiters>false</GenerateTrailingDelimiters>
            <CreateEmptyXmlTagsForTrailingSeparators>true</CreateEmptyXmlTagsForTrailingSeparators>
            <MaskSecurityInfo>true</MaskSecurityInfo>
            <ConvertImpliedDecimal>false</ConvertImpliedDecimal>
            <PreserveBatch>TransactionSetXML</PreserveBatch>
            <EdiEncoding>Edifact</EdiEncoding>
          </PartnerAckValidation>
          <PartnerEdifact xmlns:xsi="http://www.w3.org/2001/XMLSchema-instance" xmlns:xsd="http://www.w3.org/2001/XMLSchema">
            <IsSender>false</IsSender>
            <PartyName>ContosoPartner</PartyName>
            <PartnerEdifactReceiverGroups />
            <PartnerEdifactSenderGroups />
            <UnaGenerateSegment>true</UnaGenerateSegment>
            <Una1>:</Una1>
            <Una2>+</Una2>
            <Una3>,</Una3>
            <Una4>?</Una4>
            <Una5>*</Una5>
            <Una6>'</Una6>
            <Una6Suffix>None</Una6Suffix>
            <Unb1Id>UNOB</Unb1Id>
            <Unb1Version>1</Unb1Version>
            <Unb2Id>Contoso</Unb2Id>
            <Unb2CodeQualifier>ZZZ</Unb2CodeQualifier>
            <Unb3Id>ContosoPartner</Unb3Id>
            <Unb3CodeQualifier>ZZZ</Unb3CodeQualifier>
            <Unb5CheckDup>true</Unb5CheckDup>
            <Unb5DupValidity>30</Unb5DupValidity>
            <Unb5>3</Unb5>
            <Unb9>0</Unb9>
            <Unb11 xsi:nil="true" />
            <UngCreateSegments>false</UngCreateSegments>
            <Ung5>1</Ung5>
            <Ung5CheckDup>false</Ung5CheckDup>
            <UnhApplyNewId>true</UnhApplyNewId>
            <UnhCheckDup>false</UnhCheckDup>
            <UnhRefNumber>4</UnhRefNumber>
            <SetSequenceNumberFlag>None</SetSequenceNumberFlag>
          </PartnerEdifact>
          <PartnerAckValidation xmlns:xsi="http://www.w3.org/2001/XMLSchema-instance" xmlns:xsd="http://www.w3.org/2001/XMLSchema">
            <IsSender>false</IsSender>
            <PartyName>ContosoPartner</PartyName>
            <RouteAcktoSendPipeline>true</RouteAcktoSendPipeline>
            <SendTechnicalAck>false</SendTechnicalAck>
            <DontBatchTechnicalAck>false</DontBatchTechnicalAck>
            <SendFunctionalAck>false</SendFunctionalAck>
            <ExpectFunctionalAck>false</ExpectFunctionalAck>
            <DontBatchFunctionalAck>false</DontBatchFunctionalAck>
            <GenerateLoopForValidMessagesInAck>false</GenerateLoopForValidMessagesInAck>
            <ValidateEdiType>true</ValidateEdiType>
            <IgnoreInvalidChars>false</IgnoreInvalidChars>
            <ValidateExtended>false</ValidateExtended>
            <AllowTrailingDelimiters>false</AllowTrailingDelimiters>
            <GenerateTrailingDelimiters>false</GenerateTrailingDelimiters>
            <CreateEmptyXmlTagsForTrailingSeparators>true</CreateEmptyXmlTagsForTrailingSeparators>
            <MaskSecurityInfo>true</MaskSecurityInfo>
            <ConvertImpliedDecimal>false</ConvertImpliedDecimal>
            <PreserveBatch>TransactionSetXML</PreserveBatch>
            <EdiEncoding>Edifact</EdiEncoding>
          </PartnerAckValidation>
          <PartnerX12 xmlns:xsi="http://www.w3.org/2001/XMLSchema-instance" xmlns:xsd="http://www.w3.org/2001/XMLSchema">
            <IsSender>true</IsSender>
            <PartyName>ContosoPartner</PartyName>
            <PartnerX12ReceiverGroups />
            <PartnerX12SenderGroups>
              <anyType xsi:type="PartnerX12SenderGroupUpdatable">
                <IsSender>true</IsSender>
                <PartyName>ContosoPartner</PartyName>
                <GSTargetNamespace>http://schemas.microsoft.com/BizTalk/EDI/X12/2006</GSTargetNamespace>
                <GSDefaultSetting>true</GSDefaultSetting>
              </anyType>
            </PartnerX12SenderGroups>
            <Isa11UseAsRepSep>false</Isa11UseAsRepSep>
            <Isa11>U</Isa11>
            <Isa12>00401</Isa12>
            <Isa13>1</Isa13>
            <Isa13CheckDup>true</Isa13CheckDup>
            <Isa13DupValidity>30</Isa13DupValidity>
            <Isa14>false</Isa14>
            <Isa15>T</Isa15>
            <DESeparator>*</DESeparator>
            <CESeparator>:</CESeparator>
            <SegmentTerminator>~</SegmentTerminator>
            <SegmentTerminatorSuffix>None</SegmentTerminatorSuffix>
            <GS6CheckDup>false</GS6CheckDup>
            <GS6>1</GS6>
            <TSCheckDup>false</TSCheckDup>
            <TSApplyNewId>true</TSApplyNewId>
            <TSControlNumber>1</TSControlNumber>
            <X12CharSet>UTF8</X12CharSet>
            <SetSequenceNumberFlag>None</SetSequenceNumberFlag>
          </PartnerX12>
          <PartnerAckValidation xmlns:xsi="http://www.w3.org/2001/XMLSchema-instance" xmlns:xsd="http://www.w3.org/2001/XMLSchema">
            <IsSender>true</IsSender>
            <PartyName>ContosoPartner</PartyName>
            <RouteAcktoSendPipeline>true</RouteAcktoSendPipeline>
            <SendTechnicalAck>false</SendTechnicalAck>
            <DontBatchTechnicalAck>false</DontBatchTechnicalAck>
            <SendFunctionalAck>false</SendFunctionalAck>
            <ExpectFunctionalAck>false</ExpectFunctionalAck>
            <DontBatchFunctionalAck>false</DontBatchFunctionalAck>
            <GenerateLoopForValidMessagesInAck>false</GenerateLoopForValidMessagesInAck>
            <ValidateEdiType>true</ValidateEdiType>
            <IgnoreInvalidChars>false</IgnoreInvalidChars>
            <ValidateExtended>false</ValidateExtended>
            <AllowTrailingDelimiters>false</AllowTrailingDelimiters>
            <GenerateTrailingDelimiters>false</GenerateTrailingDelimiters>
            <CreateEmptyXmlTagsForTrailingSeparators>true</CreateEmptyXmlTagsForTrailingSeparators>
            <MaskSecurityInfo>true</MaskSecurityInfo>
            <ConvertImpliedDecimal>false</ConvertImpliedDecimal>
            <PreserveBatch>TransactionSetXML</PreserveBatch>
            <EdiEncoding>X12</EdiEncoding>
          </PartnerAckValidation>
          <PartnerX12 xmlns:xsi="http://www.w3.org/2001/XMLSchema-instance" xmlns:xsd="http://www.w3.org/2001/XMLSchema">
            <IsSender>false</IsSender>
            <PartyName>ContosoPartner</PartyName>
            <PartnerX12ReceiverGroups />
            <PartnerX12SenderGroups />
            <Isa11UseAsRepSep>false</Isa11UseAsRepSep>
            <Isa11>U</Isa11>
            <Isa12>00401</Isa12>
            <Isa13>1</Isa13>
            <Isa13CheckDup>true</Isa13CheckDup>
            <Isa13DupValidity>30</Isa13DupValidity>
            <Isa14>false</Isa14>
            <Isa15>T</Isa15>
            <DESeparator>*</DESeparator>
            <CESeparator>:</CESeparator>
            <SegmentTerminator>~</SegmentTerminator>
            <SegmentTerminatorSuffix>None</SegmentTerminatorSuffix>
            <GS6CheckDup>false</GS6CheckDup>
            <GS6>1</GS6>
            <TSCheckDup>false</TSCheckDup>
            <TSApplyNewId>true</TSApplyNewId>
            <TSControlNumber>1</TSControlNumber>
            <X12CharSet>UTF8</X12CharSet>
            <SetSequenceNumberFlag>None</SetSequenceNumberFlag>
          </PartnerX12>
          <PartnerAckValidation xmlns:xsi="http://www.w3.org/2001/XMLSchema-instance" xmlns:xsd="http://www.w3.org/2001/XMLSchema">
            <IsSender>false</IsSender>
            <PartyName>ContosoPartner</PartyName>
            <RouteAcktoSendPipeline>true</RouteAcktoSendPipeline>
            <SendTechnicalAck>false</SendTechnicalAck>
            <DontBatchTechnicalAck>false</DontBatchTechnicalAck>
            <SendFunctionalAck>false</SendFunctionalAck>
            <ExpectFunctionalAck>false</ExpectFunctionalAck>
            <DontBatchFunctionalAck>false</DontBatchFunctionalAck>
            <GenerateLoopForValidMessagesInAck>false</GenerateLoopForValidMessagesInAck>
            <ValidateEdiType>true</ValidateEdiType>
            <IgnoreInvalidChars>false</IgnoreInvalidChars>
            <ValidateExtended>false</ValidateExtended>
            <AllowTrailingDelimiters>false</AllowTrailingDelimiters>
            <GenerateTrailingDelimiters>false</GenerateTrailingDelimiters>
            <CreateEmptyXmlTagsForTrailingSeparators>true</CreateEmptyXmlTagsForTrailingSeparators>
            <MaskSecurityInfo>true</MaskSecurityInfo>
            <ConvertImpliedDecimal>false</ConvertImpliedDecimal>
            <PreserveBatch>TransactionSetXML</PreserveBatch>
            <EdiEncoding>X12</EdiEncoding>
          </PartnerAckValidation>
          <PartnerBatchUpdatable xmlns:xsi="http://www.w3.org/2001/XMLSchema-instance" xmlns:xsd="http://www.w3.org/2001/XMLSchema">
            <IsSender>false</IsSender>
            <PartyName>ContosoPartner</PartyName>
            <FilterGroups />
            <BatchingBase>Schedule</BatchingBase>
            <StartDateTime xsi:nil="true" />
            <EndDateTime xsi:nil="true" />
            <OccurrenceCount xsi:nil="true" />
            <SendEmptyBatchSignal xsi:nil="true" />
            <OccurrencePattern>Day</OccurrencePattern>
            <Frequency xsi:nil="true" />
            <OccursAt xsi:nil="true" />
            <WeeklyDays>None</WeeklyDays>
            <MaxCountInGroup xsi:nil="true" />
            <MaxCountInInterchange xsi:nil="true" />
            <MessageType>X12</MessageType>
          </PartnerBatchUpdatable>
          <PartnerBatchUpdatable xmlns:xsi="http://www.w3.org/2001/XMLSchema-instance" xmlns:xsd="http://www.w3.org/2001/XMLSchema">
            <IsSender>false</IsSender>
            <PartyName>ContosoPartner</PartyName>
            <FilterGroups>&lt;?xml version="1.0" encoding="utf-16"?&gt;
&lt;Filter xmlns:xsi="http://www.w3.org/2001/XMLSchema-instance" xmlns:xsd="http://www.w3.org/2001/XMLSchema"&gt;
  &lt;Group&gt;
    &lt;Statement Property="BTS.ReceivePortName" Operator="0" Value="FromERP" /&gt;
  &lt;/Group&gt;
&lt;/Filter&gt;</FilterGroups>
            <BatchingBase>DocCount</BatchingBase>
            <StartDateTime>2007-08-07T09:46:13.277-07:00</StartDateTime>
            <EndDateTime xsi:nil="true" />
            <OccurrenceCount xsi:nil="true" />
            <SendEmptyBatchSignal xsi:nil="true" />
            <OccurrencePattern>Day</OccurrencePattern>
            <Frequency xsi:nil="true" />
            <OccursAt xsi:nil="true" />
            <WeeklyDays>None</WeeklyDays>
            <MaxCountInGroup>0</MaxCountInGroup>
            <MaxCountInInterchange>3</MaxCountInInterchange>
            <MessageType>Edifact</MessageType>
          </PartnerBatchUpdatable>
          <PartnerAS2CommonUpdatable xmlns:xsi="http://www.w3.org/2001/XMLSchema-instance" xmlns:xsd="http://www.w3.org/2001/XMLSchema">
            <IsSender>false</IsSender>
            <PartyName>ContosoPartner</PartyName>
            <ActivateStatusReporting>false</ActivateStatusReporting>
            <CrlVerification>false</CrlVerification>
            <IgnoreSSLCertificateNameMismatch>false</IgnoreSSLCertificateNameMismatch>
            <Expect100Continue>true</Expect100Continue>
            <KeepHttpConnectionAlive>true</KeepHttpConnectionAlive>
            <UnfoldHttpHeaders>true</UnfoldHttpHeaders>
          </PartnerAS2CommonUpdatable>
          <PartnerAS2 xmlns:xsi="http://www.w3.org/2001/XMLSchema-instance" xmlns:xsd="http://www.w3.org/2001/XMLSchema">
            <IsSender>true</IsSender>
            <PartyName>ContosoPartner</PartyName>
            <MessageEncryption>false</MessageEncryption>
            <MessageSigning>false</MessageSigning>
            <MessageCompression>false</MessageCompression>
            <ApplyMimePropertiesFromMessage>true</ApplyMimePropertiesFromMessage>
            <SignMdnifOptional>false</SignMdnifOptional>
            <MdnRequired>false</MdnRequired>
            <SynchronousMdn>true</SynchronousMdn>
            <AS2From>BizTalk</AS2From>
            <AS2To>ContosoPartner</AS2To>
            <SignedMdn>true</SignedMdn>
            <SignedReceiptMicAlgorithm>MD5</SignedReceiptMicAlgorithm>
            <StoreInNativeFormat>false</StoreInNativeFormat>
            <StoreInWireFormat>false</StoreInWireFormat>
            <StoreMdn>false</StoreMdn>
            <ProcessMdnToMsgBox>false</ProcessMdnToMsgBox>
            <MessageContentType>text/plain</MessageContentType>
          </PartnerAS2>
          <PartnerAS2 xmlns:xsi="http://www.w3.org/2001/XMLSchema-instance" xmlns:xsd="http://www.w3.org/2001/XMLSchema">
            <IsSender>false</IsSender>
            <PartyName>ContosoPartner</PartyName>
            <MessageEncryption>false</MessageEncryption>
            <MessageSigning>false</MessageSigning>
            <MessageCompression>false</MessageCompression>
            <ApplyMimePropertiesFromMessage>true</ApplyMimePropertiesFromMessage>
            <SignMdnifOptional>false</SignMdnifOptional>
            <MdnRequired>false</MdnRequired>
            <SynchronousMdn>true</SynchronousMdn>
            <AS2From>BizTalk</AS2From>
            <AS2To>ContosoPartner</AS2To>
            <SignedMdn>true</SignedMdn>
            <SignedReceiptMicAlgorithm>MD5</SignedReceiptMicAlgorithm>
            <StoreInNativeFormat>false</StoreInNativeFormat>
            <StoreInWireFormat>false</StoreInWireFormat>
            <StoreMdn>false</StoreMdn>
            <ProcessMdnToMsgBox>false</ProcessMdnToMsgBox>
            <MessageContentType>text/plain</MessageContentType>
          </PartnerAS2>
        </PartyEDIProperties>
      </EdiData>
      <CustomData xsi:nil="true" />
    </Party>
  </PartyCollection>
  <EdiGlobalProperties>
    <EDIGlobalProperties>
      <GlobalCommon xmlns:xsi="http://www.w3.org/2001/XMLSchema-instance" xmlns:xsd="http://www.w3.org/2001/XMLSchema">
        <IsSender>false</IsSender>
        <ActivateStatusReporting>false</ActivateStatusReporting>
        <StoreTransactionSet>false</StoreTransactionSet>
        <LogEngineErrors>true</LogEngineErrors>
      </GlobalCommon>
      <GlobalEdiFact xmlns:xsi="http://www.w3.org/2001/XMLSchema-instance" xmlns:xsd="http://www.w3.org/2001/XMLSchema">
        <IsSender>true</IsSender>
        <UnaGenerateSegment>true</UnaGenerateSegment>
        <Una1>:</Una1>
        <Una2>+</Una2>
        <Una3>,</Una3>
        <Una4>?</Una4>
        <Una5>*</Una5>
        <Una6>'</Una6>
        <Una6Suffix>None</Una6Suffix>
        <Unb1Id>UNOB</Unb1Id>
        <Unb1Version>1</Unb1Version>
        <Unb2Id>BTS-SENDER</Unb2Id>
        <Unb2CodeQualifier>ZZZ</Unb2CodeQualifier>
        <Unb3Id>RECEIVE-PARTNER</Unb3Id>
        <Unb5>1</Unb5>
        <Unb5CheckDup>false</Unb5CheckDup>
        <Unb5DupValidity>30</Unb5DupValidity>
        <Unb6Qualifier />
        <Unb9>0</Unb9>
        <Unb11>false</Unb11>
        <UngCreateSegment>false</UngCreateSegment>
        <Ung5>1</Ung5>
        <Ung5CheckDup>false</Ung5CheckDup>
        <GenerateContrlReceipt>false</GenerateContrlReceipt>
        <GenerateContrlAck>false</GenerateContrlAck>
        <UngNamespace>http://schemas.microsoft.com/BizTalk/EDI/EDIFACT/2006</UngNamespace>
        <UnhCheckDup>false</UnhCheckDup>
        <UnhApplyNewId>true</UnhApplyNewId>
        <UnhRefNumber>1</UnhRefNumber>
        <SetSequenceNumberFlag>None</SetSequenceNumberFlag>
      </GlobalEdiFact>
      <GlobalEdiFact xmlns:xsi="http://www.w3.org/2001/XMLSchema-instance" xmlns:xsd="http://www.w3.org/2001/XMLSchema">
        <IsSender>false</IsSender>
        <UnaGenerateSegment>true</UnaGenerateSegment>
        <Una1>:</Una1>
        <Una2>+</Una2>
        <Una3>,</Una3>
        <Una4>?</Una4>
        <Una5>*</Una5>
        <Una6>'</Una6>
        <Una6Suffix>None</Una6Suffix>
        <Unb1Id>UNOB</Unb1Id>
        <Unb1Version>1</Unb1Version>
        <Unb2Id>BTS-SENDER</Unb2Id>
        <Unb2CodeQualifier>ZZZ</Unb2CodeQualifier>
        <Unb3Id>RECEIVE-PARTNER</Unb3Id>
        <Unb5>1</Unb5>
        <Unb5CheckDup>false</Unb5CheckDup>
        <Unb5DupValidity>30</Unb5DupValidity>
        <Unb6Qualifier />
        <Unb9>0</Unb9>
        <Unb11>false</Unb11>
        <UngCreateSegment>false</UngCreateSegment>
        <Ung5>1</Ung5>
        <Ung5CheckDup>false</Ung5CheckDup>
        <GenerateContrlReceipt>false</GenerateContrlReceipt>
        <GenerateContrlAck>false</GenerateContrlAck>
        <UngNamespace>http://schemas.microsoft.com/BizTalk/EDI/EDIFACT/2006</UngNamespace>
        <UnhCheckDup>false</UnhCheckDup>
        <UnhApplyNewId>true</UnhApplyNewId>
        <UnhRefNumber>1</UnhRefNumber>
        <SetSequenceNumberFlag>None</SetSequenceNumberFlag>
      </GlobalEdiFact>
      <GlobalX12 xmlns:xsi="http://www.w3.org/2001/XMLSchema-instance" xmlns:xsd="http://www.w3.org/2001/XMLSchema">
        <IsSender>true</IsSender>
        <Isa1>00</Isa1>
        <Isa3>00</Isa3>
        <Isa5>ZZ</Isa5>
        <Isa6>BTS-SENDER</Isa6>
        <Isa7>ZZ</Isa7>
        <Isa8>RECEIVE-PARTNER</Isa8>
        <Isa11UseAsRepSep>false</Isa11UseAsRepSep>
        <Isa11>U</Isa11>
        <Isa12>00401</Isa12>
        <Isa13>1</Isa13>
        <Isa13CheckDup>false</Isa13CheckDup>
        <Isa13DupValidity>30</Isa13DupValidity>
        <Isa14>false</Isa14>
        <Isa15>T</Isa15>
        <GSNamespace>http://schemas.microsoft.com/BizTalk/EDI/X12/2006</GSNamespace>
        <DESeparator>*</DESeparator>
        <CESeparator>:</CESeparator>
        <SegmentTerminator>~</SegmentTerminator>
        <STSuffix>None</STSuffix>
        <GS1>ZZ</GS1>
        <GS2>BTS-SENDER</GS2>
        <GS3>RECEIVE-APP</GS3>
        <GS4>CCYYMMDD</GS4>
        <GS5>HHMM</GS5>
        <GS6>1</GS6>
        <GS6CheckDup>false</GS6CheckDup>
        <GS7>X</GS7>
        <GS8>004010</GS8>
        <TSCheckDup>false</TSCheckDup>
        <TSApplyNewId>true</TSApplyNewId>
        <TSControlNumber>1</TSControlNumber>
        <GenerateTA1>false</GenerateTA1>
        <Generate997>false</Generate997>
        <X12CharSet>UTF8</X12CharSet>
        <SetSequenceNumberFlag>None</SetSequenceNumberFlag>
      </GlobalX12>
      <GlobalX12 xmlns:xsi="http://www.w3.org/2001/XMLSchema-instance" xmlns:xsd="http://www.w3.org/2001/XMLSchema">
        <IsSender>false</IsSender>
        <Isa1>00</Isa1>
        <Isa3>00</Isa3>
        <Isa5>ZZ</Isa5>
        <Isa6>BTS-SENDER</Isa6>
        <Isa7>ZZ</Isa7>
        <Isa8>RECEIVE-PARTNER</Isa8>
        <Isa11UseAsRepSep>false</Isa11UseAsRepSep>
        <Isa11>U</Isa11>
        <Isa12>00401</Isa12>
        <Isa13>1</Isa13>
        <Isa13CheckDup>false</Isa13CheckDup>
        <Isa13DupValidity>30</Isa13DupValidity>
        <Isa14>false</Isa14>
        <Isa15>T</Isa15>
        <GSNamespace>http://schemas.microsoft.com/BizTalk/EDI/X12/2006</GSNamespace>
        <DESeparator>*</DESeparator>
        <CESeparator>:</CESeparator>
        <SegmentTerminator>~</SegmentTerminator>
        <STSuffix>None</STSuffix>
        <GS1>ZZ</GS1>
        <GS2>BTS-SENDER</GS2>
        <GS3>RECEIVE-APP</GS3>
        <GS4>CCYYMMDD</GS4>
        <GS5>HHMM</GS5>
        <GS6>1</GS6>
        <GS6CheckDup>false</GS6CheckDup>
        <GS7>X</GS7>
        <GS8>004010</GS8>
        <TSCheckDup>false</TSCheckDup>
        <TSApplyNewId>true</TSApplyNewId>
        <TSControlNumber>1</TSControlNumber>
        <GenerateTA1>false</GenerateTA1>
        <Generate997>false</Generate997>
        <X12CharSet>UTF8</X12CharSet>
        <SetSequenceNumberFlag>None</SetSequenceNumberFlag>
      </GlobalX12>
    </EDIGlobalProperties>
  </EdiGlobalProperties>
</BindingInfo>