﻿<ns0:EFACT_D96A_INVOIC xmlns:ns0="http://schemas.microsoft.com/BizTalk/EDI/EDIFACT/2006">
	<UNH>
		<UNH1>UNH1</UNH1>
		<UNH2>
			<UNH2.1>INVOIC</UNH2.1>
			<UNH2.2>D</UNH2.2>
			<UNH2.3>96A</UNH2.3>
			<UNH2.4>UN</UNH2.4>
		</UNH2>
	</UNH>
	<ns0:BGM>
		<BGM02>99998</BGM02>
		<BGM03>9</BGM03>
	</ns0:BGM>
	<ns0:DTM>
		<ns0:C507>
			<C50701>3</C50701>
			<C50702>20070210</C50702>
		</ns0:C507>
	</ns0:DTM>
	<ns0:RFFLoop1>
		<ns0:RFF>
			<ns0:C506>
				<C50601>ON</C50601>
				<C50602>77778</C50602>
			</ns0:C506>
		</ns0:RFF>
		<ns0:DTM_2>
			<ns0:C507_2>
				<C50701>3</C50701>
				<C50702>20070210</C50702>
			</ns0:C507_2>
		</ns0:DTM_2>
	</ns0:RFFLoop1>
	<ns0:NADLoop1>
		<ns0:NAD>
			<NAD01>SE</NAD01>
			<ns0:C082>
				<C08201>Contoso Winery</C08201>
			</ns0:C082>
			<ns0:C058>
				<C05801>One Microsoft Way</C05801>
			</ns0:C058>
			<NAD06>Redmond</NAD06>
			<NAD07>WA</NAD07>
			<NAD08>98052</NAD08>
			<NAD09>USA</NAD09>
		</ns0:NAD>
	</ns0:NADLoop1>
	<ns0:NADLoop1>
		<ns0:NAD>
			<NAD01>SE</NAD01>
			<ns0:C082>
				<C08201>Contoso Buyer</C08201>
			</ns0:C082>
			<ns0:C058>
				<C05801>Carmenhall Road</C05801>
			</ns0:C058>
			<NAD06>Sandyford Industrial Estate</NAD06>
			<NAD07>Dublin</NAD07>
			<NAD08>18</NAD08>
			<NAD09>IRE</NAD09>
		</ns0:NAD>
	</ns0:NADLoop1>
	<ns0:TAXLoop1>
		<ns0:TAX>
			<TAX01>7</TAX01>
			<ns0:C241>
				<C24101>VAT</C24101>
			</ns0:C241>
			<TAX04>16</TAX04>
		</ns0:TAX>
	</ns0:TAXLoop1>
	<ns0:LINLoop1>
		<ns0:LIN>
			<LIN01>1</LIN01>
			<ns0:C212>
				<C21201>555</C21201>
			</ns0:C212>
		</ns0:LIN>
		<ns0:IMD_2>
			<ns0:C273_2>
				<C27304>Case of Merlot</C27304>
			</ns0:C273_2>
		</ns0:IMD_2>
		<ns0:QTY_2>
			<ns0:C186_2>
				<C18601>47</C18601>
				<C18602>3</C18602>
			</ns0:C186_2>
		</ns0:QTY_2>
		<ns0:MOALoop2>
			<ns0:MOA_5>
				<ns0:C516_5>
					<C51601>66</C51601>
					<C51602>155</C51602>
				</ns0:C516_5>
			</ns0:MOA_5>
		</ns0:MOALoop2>
		<ns0:PRILoop1>
			<ns0:PRI>
				<ns0:C509>
					<C50901>AAA</C50901>
					<C50902>466</C50902>
				</ns0:C509>
			</ns0:PRI>
		</ns0:PRILoop1>
	</ns0:LINLoop1>
	<ns0:LINLoop1>
		<ns0:LIN>
			<LIN01>2</LIN01>
			<ns0:C212>
				<C21201>556</C21201>
			</ns0:C212>
		</ns0:LIN>
		<ns0:IMD_2>
			<ns0:C273_2>
				<C27304>Case of Pinot Noir</C27304>
			</ns0:C273_2>
		</ns0:IMD_2>
		<ns0:QTY_2>
			<ns0:C186_2>
				<C18601>47</C18601>
				<C18602>2</C18602>
			</ns0:C186_2>
		</ns0:QTY_2>
		<ns0:MOALoop2>
			<ns0:MOA_5>
				<ns0:C516_5>
					<C51601>66</C51601>
					<C51602>155</C51602>
				</ns0:C516_5>
			</ns0:MOA_5>
		</ns0:MOALoop2>
		<ns0:PRILoop1>
			<ns0:PRI>
				<ns0:C509>
					<C50901>AAA</C50901>
					<C50902>310</C50902>
				</ns0:C509>
			</ns0:PRI>
		</ns0:PRILoop1>
	</ns0:LINLoop1>
	<ns0:UNS>
		<UNS01>S</UNS01>
	</ns0:UNS>
	<ns0:MOALoop4>
		<ns0:MOA_10>
			<ns0:C516_10>
				<C51601>79</C51601>
				<C51602>777</C51602>
			</ns0:C516_10>
		</ns0:MOA_10>
	</ns0:MOALoop4>
	<ns0:MOALoop4>
		<ns0:MOA_10>
			<ns0:C516_10>
				<C51601>124</C51601>
				<C51602>124</C51602>
			</ns0:C516_10>
		</ns0:MOA_10>
	</ns0:MOALoop4>
	<ns0:MOALoop4>
		<ns0:MOA_10>
			<ns0:C516_10>
				<C51601>128</C51601>
				<C51602>901</C51602>
			</ns0:C516_10>
		</ns0:MOA_10>
	</ns0:MOALoop4>
</ns0:EFACT_D96A_INVOIC>