<Modules>
  <Module PersistentId="845245E6-E51C-48FC-8E89-A5515E71A190" ModuleId="UsingSubscribe" />
  <Module PersistentId="d:Miscellaneous Files" ModuleId="mscorlib" />
  <Module PersistentId="9B0E76AE-9D37-48B3-9A20-1311A5D157D8" ModuleId="AllDelegates" />
  <Module PersistentId="4F872688-E81D-41EF-8128-D921B4FA9D13" ModuleId="UsingCreate" />
  <Module PersistentId="30167C9D-FCF9-4410-B11F-F3F298CFA853" ModuleId="UsingCreateWithDisposable" />
  <Module PersistentId="8B2C4FB8-069D-4F19-BE0A-9B60637FF840" ModuleId="UsingStart" />
  <Module PersistentId="44A44740-7C01-4D29-AF3F-92C2564930BD" ModuleId="UsingToAsync" />
  <Module PersistentId="599F4CBC-5ACD-4DAB-9334-B535632EC7A4" ModuleId="UsingStartFunc" />
  <Module PersistentId="69E4F5DE-45F9-4E62-AF36-4EAEC03AB8EF" ModuleId="UsingStartWith" />
  <Module PersistentId="6B34FC2B-8D91-4DAB-8539-6171CC4DD56D" ModuleId="UsingRun" />
  <Module PersistentId="B8890196-3F90-4583-A7FC-F4EF478B9A32" ModuleId="AsyncSubscription" />
  <Module PersistentId="53DE31F9-5012-44F3-A2BF-D5EFE81BB0FE" ModuleId="UsingStartFuncValue" />
  <Module PersistentId="1854EEBD-DCF1-4E6C-B480-2ADB7B629549" ModuleId="PrimitiveSubscribe" />
  <Module PersistentId="System.Reactive, Version=1.0.2856.104, Culture=neutral, PublicKeyToken=31bf3856ad364e35" ModuleId="System.Reactive" />
</Modules>