﻿<ns0:Order xmlns:ns0="http://pluralsight.com/abts/order/internal" xmlns:common="http://pluralsight.com/abts/common"><OrderDate>2006-05-12T21:55:03</OrderDate><CustomerID>GREAL</CustomerID><CompanyName>Great Lakes Food Market</CompanyName><PointOfContact><Name>Howard Snyder</Name><Title>Marketing Manager</Title><Phone>(503) 555-7555</Phone></PointOfContact><common:ShipTo><Addressee>Howard Snyder</Addressee><Line1>2732 Baker Blvd.</Line1><Line2>Suite 200</Line2><City>Eugene</City><Region>OR</Region><PostalCode>97403</PostalCode><Country>USA</Country></common:ShipTo><common:BillTo><Addressee>Great Lakes Food Market</Addressee><Line1>PO BOX 12345</Line1><Line2></Line2><City>Eugene</City><Region>OR</Region><PostalCode>97403</PostalCode><Country>USA</Country></common:BillTo><LineItems><common:LineItem><ProductID>6</ProductID><ProductName>Grandma's Boysenberry Spread</ProductName><UnitPrice>25.00</UnitPrice><Quantity>10</Quantity><ExtendedPrice>250</ExtendedPrice></common:LineItem><common:LineItem><ProductID>24</ProductID><ProductName>Guaraná Fantástica</ProductName><UnitPrice>4.50</UnitPrice><Quantity>20</Quantity><ExtendedPrice>90</ExtendedPrice></common:LineItem><common:LineItem><ProductID>14</ProductID><ProductName>Tofu</ProductName><UnitPrice>23.25</UnitPrice><Quantity>30</Quantity><ExtendedPrice>697.5</ExtendedPrice></common:LineItem></LineItems><OrderTotal>1037.5</OrderTotal></ns0:Order>