﻿<ns0:OrderShipment xmlns:ns0="http://pluralsight.com/abts/ordershipment" xmlns:common="http://pluralsight.com/abts/common">
	<CustomerID>GREAL</CustomerID>
	<PointOfContact>
		<NameAndTitle>Howard Snyder (Marketing Manager)</NameAndTitle>
		<Phone>(503) 555-7555</Phone>
	</PointOfContact>
	<OrderDate>2006-05-11T23:05:36</OrderDate>
	<RequiredShipDate>2006-05-16</RequiredShipDate>
	<common:ShipTo>
		<Addressee>Howard Snyder</Addressee>
		<Line1>2732 Baker Blvd.</Line1>
		<Line2>Suite 200</Line2>
		<City>Eugene</City>
		<Region>OR</Region>
		<PostalCode>97403</PostalCode>
		<Country>USA</Country>
	</common:ShipTo>
	<PackingSlip>
		<common:LineItem>
			<ProductID>6</ProductID>
			<ProductName>Grandma's Boysenberry Spread</ProductName>
			<UnitPrice>25.00</UnitPrice>
			<Quantity>1</Quantity>
			<ExtendedPrice>25.00</ExtendedPrice>
		</common:LineItem>
		<common:LineItem>
			<ProductID>14</ProductID>
			<ProductName>Tofu</ProductName>
			<UnitPrice>23.25</UnitPrice>
			<Quantity>1</Quantity>
			<ExtendedPrice>23.25</ExtendedPrice>
		</common:LineItem>
		<common:LineItem>
			<ProductID>24</ProductID>
			<ProductName>Guaraná Fantástica</ProductName>
			<UnitPrice>4.50</UnitPrice>
			<Quantity>20</Quantity>
			<ExtendedPrice>90</ExtendedPrice>
		</common:LineItem>
	</PackingSlip>
	<OrderTotal>138.25</OrderTotal>
</ns0:OrderShipment>