﻿<ns0:InternalOrder xmlns:ns0="http://pluralsight.com/ordering"><CustomerName>Maria Anders</CustomerName><ShippingAddress><Street>123 Oak Road</Street><City>Reading</City><Region>Berkshire</Region><PostalCode>12345-1234</PostalCode><Country>UK</Country></ShippingAddress><BillingAddress><Street>37 Main StreetSuite 300</Street><City>Wokingham</City><Region>Berkshire</Region><PostalCode>12345-1234</PostalCode><Country>UK</Country></BillingAddress><Items><Item><ProductID>AP372</ProductID><Price>27.00</Price><Quantity>3</Quantity></Item><Item><ProductID>BN32</ProductID><Price>17.50</Price><Quantity>5</Quantity></Item><Item><ProductID>QR7</ProductID><Price>11</Price><Quantity>10</Quantity></Item></Items></ns0:InternalOrder>