<?xml version="1.0" encoding="utf-8"?>
<BindingInfo xmlns:xsi="http://www.w3.org/2001/XMLSchema-instance" xmlns:xsd="http://www.w3.org/2001/XMLSchema" Assembly="Microsoft.BizTalk.Deployment, Version=3.0.1.0, Culture=neutral, PublicKeyToken=31bf3856ad364e35" Version="3.5.1.0" BindingStatus="FullyBound" BoundEndpoints="3" TotalEndpoints="3">
  <Timestamp>2009-11-15T02:46:20.6108512-06:00</Timestamp>
  <ModuleRefCollection>
    <ModuleRef Name="[Application:OrchBasics]" Version="" Culture="" PublicKeyToken="" FullName="[Application:OrchBasics], Version=, Culture=, PublicKeyToken=">
      <Services />
      <TrackedSchemas>
        <Schema FullName="Schemas.OrderProps" AssemblyQualifiedName="Schemas.OrderProps,Schemas, Version=1.0.0.0, Culture=neutral, PublicKeyToken=1e95f3bbef3ea8e8" AlwaysTrackAllProperties="false">
          <TrackedPropertyNames />
        </Schema>
        <Schema FullName="Schemas.ExternalOrder" RootName="Order" AssemblyQualifiedName="Schemas.ExternalOrder,Schemas, Version=1.0.0.0, Culture=neutral, PublicKeyToken=1e95f3bbef3ea8e8" AlwaysTrackAllProperties="false">
          <TrackedPropertyNames />
        </Schema>
        <Schema FullName="Schemas.OrderShipping" RootName="OrderShipping" AssemblyQualifiedName="Schemas.OrderShipping,Schemas, Version=1.0.0.0, Culture=neutral, PublicKeyToken=1e95f3bbef3ea8e8" AlwaysTrackAllProperties="false">
          <TrackedPropertyNames />
        </Schema>
        <Schema FullName="Schemas.BillingRequestFlat" RootName="BillingRequest" AssemblyQualifiedName="Schemas.BillingRequestFlat,Schemas, Version=1.0.0.0, Culture=neutral, PublicKeyToken=1e95f3bbef3ea8e8" AlwaysTrackAllProperties="false">
          <TrackedPropertyNames />
        </Schema>
        <Schema FullName="Schemas.Common" RootName="Address" AssemblyQualifiedName="Schemas.Common,Schemas, Version=1.0.0.0, Culture=neutral, PublicKeyToken=1e95f3bbef3ea8e8" AlwaysTrackAllProperties="false">
          <TrackedPropertyNames />
        </Schema>
        <Schema FullName="Schemas.CommonTypes" RootName="Address" AssemblyQualifiedName="Schemas.CommonTypes,Schemas, Version=1.0.0.0, Culture=neutral, PublicKeyToken=1e95f3bbef3ea8e8" AlwaysTrackAllProperties="false">
          <TrackedPropertyNames />
        </Schema>
        <Schema FullName="Schemas.CommonTypes" RootName="BillTo" AssemblyQualifiedName="Schemas.CommonTypes,Schemas, Version=1.0.0.0, Culture=neutral, PublicKeyToken=1e95f3bbef3ea8e8" AlwaysTrackAllProperties="false">
          <TrackedPropertyNames />
        </Schema>
        <Schema FullName="Schemas.CommonTypes" RootName="Item" AssemblyQualifiedName="Schemas.CommonTypes,Schemas, Version=1.0.0.0, Culture=neutral, PublicKeyToken=1e95f3bbef3ea8e8" AlwaysTrackAllProperties="false">
          <TrackedPropertyNames />
        </Schema>
        <Schema FullName="Schemas.CommonTypes" RootName="LineItem" AssemblyQualifiedName="Schemas.CommonTypes,Schemas, Version=1.0.0.0, Culture=neutral, PublicKeyToken=1e95f3bbef3ea8e8" AlwaysTrackAllProperties="false">
          <TrackedPropertyNames />
        </Schema>
        <Schema FullName="Schemas.CommonTypes" RootName="ShipTo" AssemblyQualifiedName="Schemas.CommonTypes,Schemas, Version=1.0.0.0, Culture=neutral, PublicKeyToken=1e95f3bbef3ea8e8" AlwaysTrackAllProperties="false">
          <TrackedPropertyNames />
        </Schema>
      </TrackedSchemas>
    </ModuleRef>
    <ModuleRef Name="Schemas" Version="1.0.0.0" Culture="neutral" PublicKeyToken="1e95f3bbef3ea8e8" FullName="Schemas, Version=1.0.0.0, Culture=neutral, PublicKeyToken=1e95f3bbef3ea8e8">
      <Services />
      <TrackedSchemas />
    </ModuleRef>
    <ModuleRef Name="Maps" Version="1.0.0.0" Culture="neutral" PublicKeyToken="1e95f3bbef3ea8e8" FullName="Maps, Version=1.0.0.0, Culture=neutral, PublicKeyToken=1e95f3bbef3ea8e8">
      <Services />
      <TrackedSchemas />
    </ModuleRef>
    <ModuleRef Name="Pipelines" Version="1.0.0.0" Culture="neutral" PublicKeyToken="1e95f3bbef3ea8e8" FullName="Pipelines, Version=1.0.0.0, Culture=neutral, PublicKeyToken=1e95f3bbef3ea8e8">
      <Services />
      <TrackedSchemas />
    </ModuleRef>
    <ModuleRef Name="Orchestrations" Version="1.0.0.0" Culture="neutral" PublicKeyToken="1e95f3bbef3ea8e8" FullName="Orchestrations, Version=1.0.0.0, Culture=neutral, PublicKeyToken=1e95f3bbef3ea8e8">
      <Services>
        <Service Name="Orchestrations.OrderProcessing" State="Started" TrackingOption="ServiceStartEnd MessageSendReceive OrchestrationEvents">
          <Ports>
            <Port Name="OrderReceive" Modifier="2" BindingOption="1">
              <SendPortRef xsi:nil="true" />
              <DistributionListRef xsi:nil="true" />
              <ReceivePortRef Name="OrderReceive" />
            </Port>
            <Port Name="ShippingPort" Modifier="1" BindingOption="1">
              <SendPortRef Name="AuditPort" />
              <DistributionListRef xsi:nil="true" />
              <ReceivePortRef xsi:nil="true" />
            </Port>
            <Port Name="BillingPort" Modifier="1" BindingOption="1">
              <SendPortRef Name="BillingPort" />
              <DistributionListRef xsi:nil="true" />
              <ReceivePortRef xsi:nil="true" />
            </Port>
          </Ports>
          <Roles />
          <Host Name="BizTalkServerApplication" NTGroupName="BizTalk Application Users" Type="1" Trusted="false" />
        </Service>
      </Services>
      <TrackedSchemas />
    </ModuleRef>
  </ModuleRefCollection>
  <SendPortCollection>
    <SendPort Name="BillingPort" IsStatic="true" IsTwoWay="false" BindingOption="1">
      <Description xsi:nil="true" />
      <TransmitPipeline Name="Pipelines.FlatFileSendPipeline" FullyQualifiedName="Pipelines.FlatFileSendPipeline, Pipelines, Version=1.0.0.0, Culture=neutral, PublicKeyToken=1e95f3bbef3ea8e8" Type="2" TrackingOption="ServiceStartEnd MessageSendReceive PipelineEvents" Description="" />
      <PrimaryTransport>
        <Address>C:\Ports\BillingDept\%MessageID%.txt</Address>
        <TransportType Name="FILE" Capabilities="11" ConfigurationClsid="5e49e3a6-b4fc-4077-b44c-22f34a242fdb" />
        <TransportTypeData>&lt;CustomProps&gt;&lt;UseTempFileOnWrite vt="11"&gt;0&lt;/UseTempFileOnWrite&gt;&lt;CopyMode vt="19"&gt;1&lt;/CopyMode&gt;&lt;FileName vt="8"&gt;%MessageID%.txt&lt;/FileName&gt;&lt;AllowCacheOnWrite vt="11"&gt;0&lt;/AllowCacheOnWrite&gt;&lt;/CustomProps&gt;</TransportTypeData>
        <RetryCount>3</RetryCount>
        <RetryInterval>5</RetryInterval>
        <ServiceWindowEnabled>false</ServiceWindowEnabled>
        <FromTime>2000-01-01T08:00:00</FromTime>
        <ToTime>2000-01-01T07:59:59</ToTime>
        <Primary>true</Primary>
        <OrderedDelivery>false</OrderedDelivery>
        <DeliveryNotification>1</DeliveryNotification>
        <SendHandler Name="BizTalkServerApplication" HostTrusted="false">
          <TransportType Name="FILE" Capabilities="11" ConfigurationClsid="5e49e3a6-b4fc-4077-b44c-22f34a242fdb" />
        </SendHandler>
      </PrimaryTransport>
      <SecondaryTransport>
        <Address />
        <RetryCount>3</RetryCount>
        <RetryInterval>5</RetryInterval>
        <ServiceWindowEnabled>false</ServiceWindowEnabled>
        <FromTime>2000-01-01T08:00:00</FromTime>
        <ToTime>2000-01-01T07:59:59</ToTime>
        <Primary>false</Primary>
        <OrderedDelivery>false</OrderedDelivery>
        <DeliveryNotification>1</DeliveryNotification>
        <SendHandler xsi:nil="true" />
      </SecondaryTransport>
      <ReceivePipelineData xsi:nil="true" />
      <Tracking>0</Tracking>
      <Filter>&lt;?xml version="1.0" encoding="utf-16"?&gt;
&lt;Filter xmlns:xsi="http://www.w3.org/2001/XMLSchema-instance" xmlns:xsd="http://www.w3.org/2001/XMLSchema"&gt;
  &lt;Group&gt;
    &lt;Statement Property="BTS.MessageType" Operator="0" Value="http://pluralsight.com/ABTS/Flat#BillingRequest" /&gt;
    &lt;Statement Property="BTS.ReceivePortName" Operator="0" Value="MessageAchReceive" /&gt;
  &lt;/Group&gt;
  &lt;Group&gt;
    &lt;Statement Property="Schemas.ShipDestination" Operator="0" Value="NJ" /&gt;
  &lt;/Group&gt;
&lt;/Filter&gt;</Filter>
      <Transforms>
        <Transform FullName="Maps.MapOrderToBilling" AssemblyQualifiedName="Maps.MapOrderToBilling,Maps, Version=1.0.0.0, Culture=neutral, PublicKeyToken=1e95f3bbef3ea8e8" />
      </Transforms>
      <OrderedDelivery>false</OrderedDelivery>
      <Priority>5</Priority>
      <StopSendingOnFailure>false</StopSendingOnFailure>
      <RouteFailedMessage>false</RouteFailedMessage>
      <ApplicationName>OrchBasics</ApplicationName>
    </SendPort>
    <SendPort Name="AuditPort" IsStatic="true" IsTwoWay="false" BindingOption="1">
      <Description xsi:nil="true" />
      <TransmitPipeline Name="Microsoft.BizTalk.DefaultPipelines.PassThruTransmit" FullyQualifiedName="Microsoft.BizTalk.DefaultPipelines.PassThruTransmit, Microsoft.BizTalk.DefaultPipelines, Version=3.0.1.0, Culture=neutral, PublicKeyToken=31bf3856ad364e35" Type="2" TrackingOption="ServiceStartEnd MessageSendReceive PipelineEvents" Description="" />
      <PrimaryTransport>
        <Address>C:\Ports\ShippingUSA\%MessageID%.xml</Address>
        <TransportType Name="FILE" Capabilities="11" ConfigurationClsid="5e49e3a6-b4fc-4077-b44c-22f34a242fdb" />
        <TransportTypeData>&lt;CustomProps&gt;&lt;UseTempFileOnWrite vt="11"&gt;0&lt;/UseTempFileOnWrite&gt;&lt;CopyMode vt="19"&gt;1&lt;/CopyMode&gt;&lt;FileName vt="8"&gt;%MessageID%.xml&lt;/FileName&gt;&lt;AllowCacheOnWrite vt="11"&gt;0&lt;/AllowCacheOnWrite&gt;&lt;/CustomProps&gt;</TransportTypeData>
        <RetryCount>3</RetryCount>
        <RetryInterval>5</RetryInterval>
        <ServiceWindowEnabled>false</ServiceWindowEnabled>
        <FromTime>2000-01-01T08:00:00</FromTime>
        <ToTime>2000-01-01T07:59:59</ToTime>
        <Primary>true</Primary>
        <OrderedDelivery>false</OrderedDelivery>
        <DeliveryNotification>1</DeliveryNotification>
        <SendHandler Name="BizTalkServerApplication" HostTrusted="false">
          <TransportType Name="FILE" Capabilities="11" ConfigurationClsid="5e49e3a6-b4fc-4077-b44c-22f34a242fdb" />
        </SendHandler>
      </PrimaryTransport>
      <SecondaryTransport>
        <Address />
        <RetryCount>3</RetryCount>
        <RetryInterval>5</RetryInterval>
        <ServiceWindowEnabled>false</ServiceWindowEnabled>
        <FromTime>2000-01-01T08:00:00</FromTime>
        <ToTime>2000-01-01T07:59:59</ToTime>
        <Primary>false</Primary>
        <OrderedDelivery>false</OrderedDelivery>
        <DeliveryNotification>1</DeliveryNotification>
        <SendHandler xsi:nil="true" />
      </SecondaryTransport>
      <ReceivePipelineData xsi:nil="true" />
      <Tracking>0</Tracking>
      <Filter>&lt;?xml version="1.0" encoding="utf-16"?&gt;
&lt;Filter xmlns:xsi="http://www.w3.org/2001/XMLSchema-instance" xmlns:xsd="http://www.w3.org/2001/XMLSchema"&gt;
  &lt;Group&gt;
    &lt;Statement Property="Schemas.ShipDestination" Operator="6" /&gt;
  &lt;/Group&gt;
&lt;/Filter&gt;</Filter>
      <Transforms />
      <OrderedDelivery>false</OrderedDelivery>
      <Priority>5</Priority>
      <StopSendingOnFailure>false</StopSendingOnFailure>
      <RouteFailedMessage>false</RouteFailedMessage>
      <ApplicationName>OrchBasics</ApplicationName>
    </SendPort>
  </SendPortCollection>
  <DistributionListCollection />
  <ReceivePortCollection>
    <ReceivePort Name="OrderReceive" IsTwoWay="false" BindingOption="1">
      <Description xsi:nil="true" />
      <ReceiveLocations>
        <ReceiveLocation Name="FileOrderReceive">
          <Description xsi:nil="true" />
          <Address>c:\ports\filedrop\*.xml</Address>
          <PublicAddress />
          <Primary>true</Primary>
          <ReceiveLocationServiceWindowEnabled>false</ReceiveLocationServiceWindowEnabled>
          <ReceiveLocationFromTime>2000-01-01T08:00:00</ReceiveLocationFromTime>
          <ReceiveLocationToTime>2000-01-01T07:59:59</ReceiveLocationToTime>
          <ReceiveLocationStartDateEnabled>false</ReceiveLocationStartDateEnabled>
          <ReceiveLocationStartDate>2008-11-19T00:00:00</ReceiveLocationStartDate>
          <ReceiveLocationEndDateEnabled>false</ReceiveLocationEndDateEnabled>
          <ReceiveLocationEndDate>2008-11-20T23:59:59</ReceiveLocationEndDate>
          <ReceiveLocationTransportType Name="FILE" Capabilities="11" ConfigurationClsid="5e49e3a6-b4fc-4077-b44c-22f34a242fdb" />
          <ReceiveLocationTransportTypeData>&lt;CustomProps&gt;&lt;RemoveReceivedFileRetryCount vt="19"&gt;5&lt;/RemoveReceivedFileRetryCount&gt;&lt;RemoveReceivedFileMaxInterval vt="19"&gt;300000&lt;/RemoveReceivedFileMaxInterval&gt;&lt;FileMask vt="8"&gt;*.xml&lt;/FileMask&gt;&lt;BatchSizeInBytes vt="19"&gt;102400&lt;/BatchSizeInBytes&gt;&lt;PollingInterval vt="19"&gt;5000&lt;/PollingInterval&gt;&lt;BatchSize vt="19"&gt;20&lt;/BatchSize&gt;&lt;FileNetFailRetryInt vt="19"&gt;5&lt;/FileNetFailRetryInt&gt;&lt;RemoveReceivedFileDelay vt="19"&gt;10&lt;/RemoveReceivedFileDelay&gt;&lt;RenameReceivedFiles vt="11"&gt;-1&lt;/RenameReceivedFiles&gt;&lt;FileNetFailRetryCount vt="19"&gt;5&lt;/FileNetFailRetryCount&gt;&lt;/CustomProps&gt;</ReceiveLocationTransportTypeData>
          <ReceivePipeline Name="Microsoft.BizTalk.DefaultPipelines.XMLReceive" FullyQualifiedName="Microsoft.BizTalk.DefaultPipelines.XMLReceive, Microsoft.BizTalk.DefaultPipelines, Version=3.0.1.0, Culture=neutral, PublicKeyToken=31bf3856ad364e35" Type="1" TrackingOption="ServiceStartEnd MessageSendReceive PipelineEvents" Description="" />
          <ReceivePipelineData xsi:nil="true" />
          <SendPipeline xsi:nil="true" />
          <SendPipelineData xsi:nil="true" />
          <Enable>true</Enable>
          <ReceiveHandler Name="BizTalkServerApplication" HostTrusted="false">
            <TransportType Name="FILE" Capabilities="11" ConfigurationClsid="5e49e3a6-b4fc-4077-b44c-22f34a242fdb" />
          </ReceiveHandler>
        </ReceiveLocation>
      </ReceiveLocations>
      <SendPipelineData xsi:nil="true" />
      <Authentication>0</Authentication>
      <Tracking>0</Tracking>
      <Transforms />
      <RouteFailedMessage>false</RouteFailedMessage>
      <ApplicationName>OrchBasics</ApplicationName>
    </ReceivePort>
  </ReceivePortCollection>
  <PartyCollection />
</BindingInfo>