<o:Order OrderID="5" xmlns:o="http://Schemas.ExternalOrder">
<CustomerID>GREAL</CustomerID>
<Addresses>
  <Address
    AddressType="Shipping">
   <Line1>881 West Ave</Line1>
   <Line2>Conference Room A</Line2>
   <City>Woodbridge</City>
   <State>AK</State>
   <Zip>07002-0001</Zip>
  </Address>
  <Address
    AddressType="Billing">
    <Line1>1 Main St</Line1>
    <City>Woodbridge</City>
    <State>AK</State>
    <Zip>07003-0001</Zip>
  </Address>
</Addresses>
<Items>
  <Item>
   <ProductID>5</ProductID>
   <Price>10.50</Price>
   <Qty>5</Qty>
  </Item>
  <Item>
   <ProductID>7</ProductID>
   <Price>8.50</Price>
   <Qty>25</Qty>
  </Item>
  <Item>
   <ProductID>3</ProductID>
   <Price>25.75</Price>
   <Qty>2</Qty>
  </Item>
  <Item>
   <ProductID>2</ProductID>
   <Price>9.99</Price>
   <Qty>1</Qty>
  </Item>
</Items>
</o:Order>
