﻿<ns0:ContactList xmlns:ns0="http://example.org/contacts"><ns0:Contact><ns0:Name>Joe Bob</ns0:Name><ns0:Type>Email</ns0:Type><ns0:Value>joe@hotmail.com</ns0:Value></ns0:Contact><ns0:Contact><ns0:Name>Joe Bob</ns0:Name><ns0:Type>Email</ns0:Type><ns0:Value>joe@work.com</ns0:Value></ns0:Contact><ns0:Contact><ns0:Name>Joe Bob</ns0:Name><ns0:Type>Phone</ns0:Type><ns0:Value>888-777-5555</ns0:Value></ns0:Contact><ns0:Contact><ns0:Name>Joe Bob</ns0:Name><ns0:Type>Phone</ns0:Type><ns0:Value>888-777-5556</ns0:Value></ns0:Contact><ns0:Contact><ns0:Name>Joe Bob</ns0:Name><ns0:Type>Phone</ns0:Type><ns0:Value>888-777-5557</ns0:Value></ns0:Contact><ns0:Contact><ns0:Name>Joe Bob</ns0:Name><ns0:Type>Address</ns0:Type><ns0:Value>123 MainLos AngelesCA90593</ns0:Value></ns0:Contact><ns0:Contact><ns0:Name>Joe Bob</ns0:Name><ns0:Type>Address</ns0:Type><ns0:Value>456 MainLos AngelesCA90593</ns0:Value></ns0:Contact></ns0:ContactList>