﻿<?xml version="1.0" encoding="utf-8"?>
<publishData>
  <publishProfile publishUrl="c:\demos\movierelease" deleteExistingFiles="False" ftpAnonymousLogin="False" ftpPassiveMode="True" msdeploySite="" msdeploySiteID="" msdeployRemoteSitePhysicalPath="" msdeployAllowUntrustedCertificate="False" msdeploySkipExtraFilesOnServer="True" msdeployMarkAsApp="False" profileName="PushReleaseToFileSystem" publishMethod="FileSystem" replaceMatchingFiles="True" userName="" savePWD="False" userPWD="" SelectedForPublish="False">
    <file relUrl="admin/WebForm1.aspx" publishTime="11/22/2010 12:57:29" />
    <file relUrl="Web.config" publishTime="11/22/2010 13:02:06" />
    <file relUrl="Default.aspx" publishTime="11/19/2010 10:00:50" />
    <file relUrl="Movies.aspx" publishTime="11/19/2010 10:02:01" />
    <file relUrl="bin/Movies.dll" publishTime="11/22/2010 12:59:50" />
    <file relUrl="bin/Movies.pdb" publishTime="11/22/2010 12:59:50" />
  </publishProfile>
  <publishProfile publishUrl="localhost" deleteExistingFiles="False" ftpAnonymousLogin="False" ftpPassiveMode="True" msdeploySite="Default Web Site/Movies" msdeploySiteID="" msdeployRemoteSitePhysicalPath="" msdeployAllowUntrustedCertificate="False" msdeploySkipExtraFilesOnServer="True" msdeployMarkAsApp="False" profileName="WebDeploy" publishMethod="MSDeploy" replaceMatchingFiles="True" userName="" savePWD="False" userPWD="" SelectedForPublish="True" />
</publishData>