<?xml version="1.0" encoding="utf-8" ?>

<Questions>
  <Question ID="1" Title="Favorite color?">
    <Choices>
      <Choice>Red</Choice>
      <Choice>Green</Choice>
      <Choice>Blue</Choice>
    </Choices>
  </Question>
  <Question ID="2" Title="Favorite day of the week?">
    <Choices>
      <Choice>Monday</Choice>
      <Choice>Tuesday</Choice>
      <Choice>Wednesday</Choice>
      <Choice>Thursday</Choice>
      <Choice>Friday</Choice>
      <Choice>Saturday</Choice>
      <Choice>Sunday</Choice>
    </Choices>
  </Question>
  <Question ID="3" Title="Favorite activity?">
    <Choices>
      <Choice>Gardening</Choice>
      <Choice>Skiing</Choice>
      <Choice>Walking</Choice>
      <Choice>Reading</Choice>
    </Choices>
  </Question>
</Questions>