<?xml version="1.0" encoding="utf-8"?>
<BindingInfo xmlns:xsi="http://www.w3.org/2001/XMLSchema-instance" xmlns:xsd="http://www.w3.org/2001/XMLSchema" Assembly="Microsoft.BizTalk.Deployment, Version=3.0.1.0, Culture=neutral, PublicKeyToken=31bf3856ad364e35" Version="3.5.1.0" BindingStatus="NoBindings" BoundEndpoints="0" TotalEndpoints="0">
  <Timestamp>2009-12-11T12:58:09.3931872-06:00</Timestamp>
  <ModuleRefCollection>
    <ModuleRef Name="[Application:OrderProcessing]" Version="" Culture="" PublicKeyToken="" FullName="[Application:OrderProcessing], Version=, Culture=, PublicKeyToken=">
      <Services />
      <TrackedSchemas>
        <Schema FullName="Pipelines.OrderingProperties" AssemblyQualifiedName="Pipelines.OrderingProperties,OrderProcessing.Schemas, Version=1.0.0.0, Culture=neutral, PublicKeyToken=2ff8b9965053c98c" AlwaysTrackAllProperties="false">
          <TrackedPropertyNames />
        </Schema>
        <Schema FullName="OrderProcessing.Schemas.OrderShipping" RootName="OrderShipping" AssemblyQualifiedName="OrderProcessing.Schemas.OrderShipping,OrderProcessing.Schemas, Version=1.0.0.0, Culture=neutral, PublicKeyToken=2ff8b9965053c98c" AlwaysTrackAllProperties="false">
          <TrackedPropertyNames />
        </Schema>
        <Schema FullName="OrderProcessing.Schemas.OrderInternal" RootName="Order" AssemblyQualifiedName="OrderProcessing.Schemas.OrderInternal,OrderProcessing.Schemas, Version=1.0.0.0, Culture=neutral, PublicKeyToken=2ff8b9965053c98c" AlwaysTrackAllProperties="false">
          <TrackedPropertyNames />
        </Schema>
        <Schema FullName="OrderProcessing.Schemas.CommonTypes" RootName="Address" AssemblyQualifiedName="OrderProcessing.Schemas.CommonTypes,OrderProcessing.Schemas, Version=1.0.0.0, Culture=neutral, PublicKeyToken=2ff8b9965053c98c" AlwaysTrackAllProperties="false">
          <TrackedPropertyNames />
        </Schema>
        <Schema FullName="OrderProcessing.Schemas.CommonTypes" RootName="BillTo" AssemblyQualifiedName="OrderProcessing.Schemas.CommonTypes,OrderProcessing.Schemas, Version=1.0.0.0, Culture=neutral, PublicKeyToken=2ff8b9965053c98c" AlwaysTrackAllProperties="false">
          <TrackedPropertyNames />
        </Schema>
        <Schema FullName="OrderProcessing.Schemas.CommonTypes" RootName="Item" AssemblyQualifiedName="OrderProcessing.Schemas.CommonTypes,OrderProcessing.Schemas, Version=1.0.0.0, Culture=neutral, PublicKeyToken=2ff8b9965053c98c" AlwaysTrackAllProperties="false">
          <TrackedPropertyNames />
        </Schema>
        <Schema FullName="OrderProcessing.Schemas.CommonTypes" RootName="LineItem" AssemblyQualifiedName="OrderProcessing.Schemas.CommonTypes,OrderProcessing.Schemas, Version=1.0.0.0, Culture=neutral, PublicKeyToken=2ff8b9965053c98c" AlwaysTrackAllProperties="false">
          <TrackedPropertyNames />
        </Schema>
        <Schema FullName="OrderProcessing.Schemas.CommonTypes" RootName="ShipTo" AssemblyQualifiedName="OrderProcessing.Schemas.CommonTypes,OrderProcessing.Schemas, Version=1.0.0.0, Culture=neutral, PublicKeyToken=2ff8b9965053c98c" AlwaysTrackAllProperties="false">
          <TrackedPropertyNames />
        </Schema>
        <Schema FullName="OrderProcessing.Schemas.OrderBilling" RootName="OrderBilling" AssemblyQualifiedName="OrderProcessing.Schemas.OrderBilling,OrderProcessing.Schemas, Version=1.0.0.0, Culture=neutral, PublicKeyToken=2ff8b9965053c98c" AlwaysTrackAllProperties="false">
          <TrackedPropertyNames />
        </Schema>
        <Schema FullName="OrderProcessing.Schemas.OrderExternal" RootName="OrderExternal" AssemblyQualifiedName="OrderProcessing.Schemas.OrderExternal,OrderProcessing.Schemas, Version=1.0.0.0, Culture=neutral, PublicKeyToken=2ff8b9965053c98c" AlwaysTrackAllProperties="false">
          <TrackedPropertyNames />
        </Schema>
      </TrackedSchemas>
    </ModuleRef>
    <ModuleRef Name="OrderProcessing.Schemas" Version="1.0.0.0" Culture="neutral" PublicKeyToken="2ff8b9965053c98c" FullName="OrderProcessing.Schemas, Version=1.0.0.0, Culture=neutral, PublicKeyToken=2ff8b9965053c98c">
      <Services />
      <TrackedSchemas />
    </ModuleRef>
    <ModuleRef Name="Pipelines" Version="1.0.0.0" Culture="neutral" PublicKeyToken="2ff8b9965053c98c" FullName="Pipelines, Version=1.0.0.0, Culture=neutral, PublicKeyToken=2ff8b9965053c98c">
      <Services />
      <TrackedSchemas />
    </ModuleRef>
    <ModuleRef Name="OrderProcessing.Maps" Version="1.0.0.0" Culture="neutral" PublicKeyToken="2ff8b9965053c98c" FullName="OrderProcessing.Maps, Version=1.0.0.0, Culture=neutral, PublicKeyToken=2ff8b9965053c98c">
      <Services />
      <TrackedSchemas />
    </ModuleRef>
  </ModuleRefCollection>
  <SendPortCollection>
    <SendPort Name="BillingAudit" IsStatic="true" IsTwoWay="false" BindingOption="0">
      <Description xsi:nil="true" />
      <TransmitPipeline Name="Microsoft.BizTalk.DefaultPipelines.PassThruTransmit" FullyQualifiedName="Microsoft.BizTalk.DefaultPipelines.PassThruTransmit, Microsoft.BizTalk.DefaultPipelines, Version=3.0.1.0, Culture=neutral, PublicKeyToken=31bf3856ad364e35" Type="2" TrackingOption="ServiceStartEnd MessageSendReceive PipelineEvents" Description="" />
      <PrimaryTransport>
        <Address>c:\ports\billingdept\%MessageID%.xml</Address>
        <TransportType Name="FILE" Capabilities="11" ConfigurationClsid="5e49e3a6-b4fc-4077-b44c-22f34a242fdb" />
        <TransportTypeData>&lt;CustomProps&gt;&lt;UseTempFileOnWrite vt="11"&gt;0&lt;/UseTempFileOnWrite&gt;&lt;CopyMode vt="19"&gt;1&lt;/CopyMode&gt;&lt;FileName vt="8"&gt;%MessageID%.xml&lt;/FileName&gt;&lt;AllowCacheOnWrite vt="11"&gt;0&lt;/AllowCacheOnWrite&gt;&lt;/CustomProps&gt;</TransportTypeData>
        <RetryCount>3</RetryCount>
        <RetryInterval>5</RetryInterval>
        <ServiceWindowEnabled>false</ServiceWindowEnabled>
        <FromTime>2009-12-11T06:00:00</FromTime>
        <ToTime>2009-12-12T05:59:59</ToTime>
        <Primary>true</Primary>
        <OrderedDelivery>false</OrderedDelivery>
        <DeliveryNotification>1</DeliveryNotification>
        <SendHandler Name="BizTalkServerApplication" HostTrusted="false">
          <TransportType Name="FILE" Capabilities="11" ConfigurationClsid="5e49e3a6-b4fc-4077-b44c-22f34a242fdb" />
        </SendHandler>
      </PrimaryTransport>
      <SecondaryTransport>
        <Address />
        <RetryCount>3</RetryCount>
        <RetryInterval>5</RetryInterval>
        <ServiceWindowEnabled>false</ServiceWindowEnabled>
        <FromTime>2009-12-11T06:00:00</FromTime>
        <ToTime>2009-12-12T05:59:59</ToTime>
        <Primary>false</Primary>
        <OrderedDelivery>false</OrderedDelivery>
        <DeliveryNotification>1</DeliveryNotification>
        <SendHandler xsi:nil="true" />
      </SecondaryTransport>
      <ReceivePipelineData xsi:nil="true" />
      <Tracking>0</Tracking>
      <Filter>&lt;?xml version="1.0" encoding="utf-16"?&gt;
&lt;Filter xmlns:xsi="http://www.w3.org/2001/XMLSchema-instance" xmlns:xsd="http://www.w3.org/2001/XMLSchema"&gt;
  &lt;Group&gt;
    &lt;Statement Property="BTS.ReceivePortName" Operator="0" Value="OrdersReceive" /&gt;
  &lt;/Group&gt;
&lt;/Filter&gt;</Filter>
      <Transforms />
      <OrderedDelivery>false</OrderedDelivery>
      <Priority>5</Priority>
      <StopSendingOnFailure>false</StopSendingOnFailure>
      <RouteFailedMessage>false</RouteFailedMessage>
      <ApplicationName>OrderProcessing</ApplicationName>
    </SendPort>
    <SendPort Name="AuditPort" IsStatic="true" IsTwoWay="false" BindingOption="0">
      <Description xsi:nil="true" />
      <TransmitPipeline Name="Microsoft.BizTalk.DefaultPipelines.PassThruTransmit" FullyQualifiedName="Microsoft.BizTalk.DefaultPipelines.PassThruTransmit, Microsoft.BizTalk.DefaultPipelines, Version=3.0.1.0, Culture=neutral, PublicKeyToken=31bf3856ad364e35" Type="2" TrackingOption="ServiceStartEnd MessageSendReceive PipelineEvents" Description="" />
      <PrimaryTransport>
        <Address>c:\ports\audit\%MessageID%.xml</Address>
        <TransportType Name="FILE" Capabilities="11" ConfigurationClsid="5e49e3a6-b4fc-4077-b44c-22f34a242fdb" />
        <TransportTypeData>&lt;CustomProps&gt;&lt;UseTempFileOnWrite vt="11"&gt;0&lt;/UseTempFileOnWrite&gt;&lt;CopyMode vt="19"&gt;1&lt;/CopyMode&gt;&lt;FileName vt="8"&gt;%MessageID%.xml&lt;/FileName&gt;&lt;AllowCacheOnWrite vt="11"&gt;0&lt;/AllowCacheOnWrite&gt;&lt;/CustomProps&gt;</TransportTypeData>
        <RetryCount>3</RetryCount>
        <RetryInterval>5</RetryInterval>
        <ServiceWindowEnabled>false</ServiceWindowEnabled>
        <FromTime>2009-12-11T06:00:00</FromTime>
        <ToTime>2009-12-12T05:59:59</ToTime>
        <Primary>true</Primary>
        <OrderedDelivery>false</OrderedDelivery>
        <DeliveryNotification>1</DeliveryNotification>
        <SendHandler Name="BizTalkServerApplication" HostTrusted="false">
          <TransportType Name="FILE" Capabilities="11" ConfigurationClsid="5e49e3a6-b4fc-4077-b44c-22f34a242fdb" />
        </SendHandler>
      </PrimaryTransport>
      <SecondaryTransport>
        <Address />
        <RetryCount>3</RetryCount>
        <RetryInterval>5</RetryInterval>
        <ServiceWindowEnabled>false</ServiceWindowEnabled>
        <FromTime>2009-12-11T06:00:00</FromTime>
        <ToTime>2009-12-12T05:59:59</ToTime>
        <Primary>false</Primary>
        <OrderedDelivery>false</OrderedDelivery>
        <DeliveryNotification>1</DeliveryNotification>
        <SendHandler xsi:nil="true" />
      </SecondaryTransport>
      <ReceivePipelineData xsi:nil="true" />
      <Tracking>0</Tracking>
      <Filter>&lt;?xml version="1.0" encoding="utf-16"?&gt;
&lt;Filter xmlns:xsi="http://www.w3.org/2001/XMLSchema-instance" xmlns:xsd="http://www.w3.org/2001/XMLSchema"&gt;
  &lt;Group&gt;
    &lt;Statement Property="Pipelines.Country" Operator="0" Value="USA" /&gt;
  &lt;/Group&gt;
&lt;/Filter&gt;</Filter>
      <Transforms />
      <OrderedDelivery>false</OrderedDelivery>
      <Priority>5</Priority>
      <StopSendingOnFailure>false</StopSendingOnFailure>
      <RouteFailedMessage>false</RouteFailedMessage>
      <ApplicationName>OrderProcessing</ApplicationName>
    </SendPort>
  </SendPortCollection>
  <DistributionListCollection />
  <ReceivePortCollection>
    <ReceivePort Name="OrdersReceive" IsTwoWay="false" BindingOption="0">
      <Description xsi:nil="true" />
      <ReceiveLocations>
        <ReceiveLocation Name="OrdersFILE">
          <Description xsi:nil="true" />
          <Address>c:\ports\filedrop\*.xml</Address>
          <PublicAddress />
          <Primary>true</Primary>
          <ReceiveLocationServiceWindowEnabled>false</ReceiveLocationServiceWindowEnabled>
          <ReceiveLocationFromTime>2009-12-11T06:00:00</ReceiveLocationFromTime>
          <ReceiveLocationToTime>2009-12-12T05:59:59</ReceiveLocationToTime>
          <ReceiveLocationStartDateEnabled>false</ReceiveLocationStartDateEnabled>
          <ReceiveLocationStartDate>2009-12-11T00:00:00</ReceiveLocationStartDate>
          <ReceiveLocationEndDateEnabled>false</ReceiveLocationEndDateEnabled>
          <ReceiveLocationEndDate>2009-12-12T00:00:00</ReceiveLocationEndDate>
          <ReceiveLocationTransportType Name="FILE" Capabilities="11" ConfigurationClsid="5e49e3a6-b4fc-4077-b44c-22f34a242fdb" />
          <ReceiveLocationTransportTypeData>&lt;CustomProps&gt;&lt;RemoveReceivedFileRetryCount vt="19"&gt;5&lt;/RemoveReceivedFileRetryCount&gt;&lt;RemoveReceivedFileMaxInterval vt="19"&gt;300000&lt;/RemoveReceivedFileMaxInterval&gt;&lt;FileMask vt="8"&gt;*.xml&lt;/FileMask&gt;&lt;BatchSizeInBytes vt="19"&gt;102400&lt;/BatchSizeInBytes&gt;&lt;PollingInterval vt="19"&gt;5000&lt;/PollingInterval&gt;&lt;BatchSize vt="19"&gt;20&lt;/BatchSize&gt;&lt;FileNetFailRetryInt vt="19"&gt;5&lt;/FileNetFailRetryInt&gt;&lt;RemoveReceivedFileDelay vt="19"&gt;10&lt;/RemoveReceivedFileDelay&gt;&lt;RenameReceivedFiles vt="11"&gt;-1&lt;/RenameReceivedFiles&gt;&lt;FileNetFailRetryCount vt="19"&gt;5&lt;/FileNetFailRetryCount&gt;&lt;/CustomProps&gt;</ReceiveLocationTransportTypeData>
          <ReceivePipeline Name="Pipelines.PropertyPromotionPipeline" FullyQualifiedName="Pipelines.PropertyPromotionPipeline, Pipelines, Version=1.0.0.0, Culture=neutral, PublicKeyToken=2ff8b9965053c98c" Type="1" TrackingOption="ServiceStartEnd MessageSendReceive PipelineEvents" />
          <ReceivePipelineData xsi:nil="true" />
          <SendPipeline xsi:nil="true" />
          <SendPipelineData xsi:nil="true" />
          <Enable>true</Enable>
          <ReceiveHandler Name="BizTalkServerApplication" HostTrusted="false">
            <TransportType Name="FILE" Capabilities="11" ConfigurationClsid="5e49e3a6-b4fc-4077-b44c-22f34a242fdb" />
          </ReceiveHandler>
        </ReceiveLocation>
        <ReceiveLocation Name="BillingFile">
          <Description xsi:nil="true" />
          <Address>c:\ports\filedrop\*.txt</Address>
          <PublicAddress />
          <Primary>false</Primary>
          <ReceiveLocationServiceWindowEnabled>false</ReceiveLocationServiceWindowEnabled>
          <ReceiveLocationFromTime>2009-12-11T06:00:00</ReceiveLocationFromTime>
          <ReceiveLocationToTime>2009-12-12T05:59:59</ReceiveLocationToTime>
          <ReceiveLocationStartDateEnabled>false</ReceiveLocationStartDateEnabled>
          <ReceiveLocationStartDate>2009-12-11T00:00:00</ReceiveLocationStartDate>
          <ReceiveLocationEndDateEnabled>false</ReceiveLocationEndDateEnabled>
          <ReceiveLocationEndDate>2009-12-12T00:00:00</ReceiveLocationEndDate>
          <ReceiveLocationTransportType Name="FILE" Capabilities="11" ConfigurationClsid="5e49e3a6-b4fc-4077-b44c-22f34a242fdb" />
          <ReceiveLocationTransportTypeData>&lt;CustomProps&gt;&lt;RemoveReceivedFileRetryCount vt="19"&gt;5&lt;/RemoveReceivedFileRetryCount&gt;&lt;RemoveReceivedFileMaxInterval vt="19"&gt;300000&lt;/RemoveReceivedFileMaxInterval&gt;&lt;FileMask vt="8"&gt;*.txt&lt;/FileMask&gt;&lt;BatchSizeInBytes vt="19"&gt;102400&lt;/BatchSizeInBytes&gt;&lt;PollingInterval vt="19"&gt;5000&lt;/PollingInterval&gt;&lt;BatchSize vt="19"&gt;20&lt;/BatchSize&gt;&lt;FileNetFailRetryInt vt="19"&gt;5&lt;/FileNetFailRetryInt&gt;&lt;RemoveReceivedFileDelay vt="19"&gt;10&lt;/RemoveReceivedFileDelay&gt;&lt;RenameReceivedFiles vt="11"&gt;-1&lt;/RenameReceivedFiles&gt;&lt;FileNetFailRetryCount vt="19"&gt;5&lt;/FileNetFailRetryCount&gt;&lt;/CustomProps&gt;</ReceiveLocationTransportTypeData>
          <ReceivePipeline Name="Pipelines.FlatFileReceivePipeline" FullyQualifiedName="Pipelines.FlatFileReceivePipeline, Pipelines, Version=1.0.0.0, Culture=neutral, PublicKeyToken=2ff8b9965053c98c" Type="1" TrackingOption="ServiceStartEnd MessageSendReceive PipelineEvents" />
          <ReceivePipelineData>&lt;Root xmlns:xsd="http://www.w3.org/2001/XMLSchema" xmlns:xsi="http://www.w3.org/2001/XMLSchema-instance"&gt;&lt;Stages&gt;&lt;Stage CategoryId="9d0e4105-4cce-4536-83fa-4a5040674ad6"&gt;&lt;Components&gt;&lt;Component Name="Microsoft.BizTalk.Component.XmlDasmComp"&gt;&lt;Properties /&gt;&lt;/Component&gt;&lt;Component Name="Microsoft.BizTalk.Component.FFDasmComp"&gt;&lt;Properties&gt;&lt;DocumentSpecName vt="8"&gt;OrderProcessing.Schemas.OrderBilling, OrderProcessing.Schemas, Version=1.0.0.0,culture=neutral,publickeytoken=2ff8b9965053c98c&lt;/DocumentSpecName&gt;&lt;/Properties&gt;&lt;/Component&gt;&lt;/Components&gt;&lt;/Stage&gt;&lt;Stage CategoryId="9d0e410d-4cce-4536-83fa-4a5040674ad6"&gt;&lt;Components&gt;&lt;Component Name="Microsoft.BizTalk.Component.XmlValidator"&gt;&lt;Properties /&gt;&lt;/Component&gt;&lt;/Components&gt;&lt;/Stage&gt;&lt;/Stages&gt;&lt;/Root&gt;</ReceivePipelineData>
          <SendPipeline xsi:nil="true" />
          <SendPipelineData xsi:nil="true" />
          <Enable>true</Enable>
          <ReceiveHandler Name="BizTalkServerApplication" HostTrusted="false">
            <TransportType Name="FILE" Capabilities="11" ConfigurationClsid="5e49e3a6-b4fc-4077-b44c-22f34a242fdb" />
          </ReceiveHandler>
        </ReceiveLocation>
      </ReceiveLocations>
      <SendPipelineData xsi:nil="true" />
      <Authentication>0</Authentication>
      <Tracking>0</Tracking>
      <Transforms />
      <RouteFailedMessage>false</RouteFailedMessage>
      <ApplicationName>OrderProcessing</ApplicationName>
    </ReceivePort>
  </ReceivePortCollection>
  <PartyCollection />
</BindingInfo>