<?xml version="1.0" encoding="utf-8"?>
<BindingInfo xmlns:xsi="http://www.w3.org/2001/XMLSchema-instance" xmlns:xsd="http://www.w3.org/2001/XMLSchema" Assembly="Microsoft.BizTalk.Deployment, Version=3.0.1.0, Culture=neutral, PublicKeyToken=31bf3856ad364e35" Version="3.5.1.0" BindingStatus="NoBindings" BoundEndpoints="0" TotalEndpoints="0">
  <Timestamp>2009-12-11T15:26:39.7102512-06:00</Timestamp>
  <ModuleRefCollection>
    <ModuleRef Name="[Application:AdapterDemos]" Version="" Culture="" PublicKeyToken="" FullName="[Application:AdapterDemos], Version=, Culture=, PublicKeyToken=">
      <Services />
      <TrackedSchemas>
        <Schema FullName="Adapters.OrderExternal" RootName="OrderExternal" AssemblyQualifiedName="Adapters.OrderExternal,Adapters, Version=1.0.0.0, Culture=neutral, PublicKeyToken=72ac0a7f0b4cf2a8" AlwaysTrackAllProperties="false">
          <TrackedPropertyNames />
        </Schema>
        <Schema FullName="Adapters.NWTypedPolling_NWCustomers" RootName="ArrayOfTypedPollingResultSet0" AssemblyQualifiedName="Adapters.NWTypedPolling_NWCustomers,Adapters, Version=1.0.0.0, Culture=neutral, PublicKeyToken=72ac0a7f0b4cf2a8" AlwaysTrackAllProperties="false">
          <TrackedPropertyNames />
        </Schema>
        <Schema FullName="Adapters.NWTypedPolling_NWCustomers" RootName="TypedPolling" AssemblyQualifiedName="Adapters.NWTypedPolling_NWCustomers,Adapters, Version=1.0.0.0, Culture=neutral, PublicKeyToken=72ac0a7f0b4cf2a8" AlwaysTrackAllProperties="false">
          <TrackedPropertyNames />
        </Schema>
        <Schema FullName="Adapters.NWTypedPolling_NWCustomers" RootName="TypedPollingResultSet0" AssemblyQualifiedName="Adapters.NWTypedPolling_NWCustomers,Adapters, Version=1.0.0.0, Culture=neutral, PublicKeyToken=72ac0a7f0b4cf2a8" AlwaysTrackAllProperties="false">
          <TrackedPropertyNames />
        </Schema>
      </TrackedSchemas>
    </ModuleRef>
    <ModuleRef Name="Adapters" Version="1.0.0.0" Culture="neutral" PublicKeyToken="72ac0a7f0b4cf2a8" FullName="Adapters, Version=1.0.0.0, Culture=neutral, PublicKeyToken=72ac0a7f0b4cf2a8">
      <Services />
      <TrackedSchemas />
    </ModuleRef>
  </ModuleRefCollection>
  <SendPortCollection>
    <SendPort Name="EmailOrder" IsStatic="true" IsTwoWay="false" BindingOption="0">
      <Description xsi:nil="true" />
      <TransmitPipeline Name="Microsoft.BizTalk.DefaultPipelines.PassThruTransmit" FullyQualifiedName="Microsoft.BizTalk.DefaultPipelines.PassThruTransmit, Microsoft.BizTalk.DefaultPipelines, Version=3.0.1.0, Culture=neutral, PublicKeyToken=31bf3856ad364e35" Type="2" TrackingOption="ServiceStartEnd MessageSendReceive PipelineEvents" Description="" />
      <PrimaryTransport>
        <Address>alice@localhost.com</Address>
        <TransportType Name="SMTP" Capabilities="2" ConfigurationClsid="8f36b311-b670-4cf6-aaec-04ebb80ed48d" />
        <TransportTypeData>&lt;CustomProps&gt;&lt;DeliveryReceipt vt="11"&gt;0&lt;/DeliveryReceipt&gt;&lt;From vt="8"&gt;replyIfYouWant@localhost.com&lt;/From&gt;&lt;MessagePartsAttachments vt="19"&gt;1&lt;/MessagePartsAttachments&gt;&lt;EmailBodyText vt="8"&gt;Here is a new order received.&lt;/EmailBodyText&gt;&lt;ReadReceipt vt="11"&gt;0&lt;/ReadReceipt&gt;&lt;To vt="8"&gt;alice@localhost.com&lt;/To&gt;&lt;EmailBodyFileCharset vt="8"&gt;utf-8&lt;/EmailBodyFileCharset&gt;&lt;Subject vt="8"&gt;New order&lt;/Subject&gt;&lt;EmailBodyTextCharset vt="8"&gt;utf-8&lt;/EmailBodyTextCharset&gt;&lt;/CustomProps&gt;</TransportTypeData>
        <RetryCount>3</RetryCount>
        <RetryInterval>5</RetryInterval>
        <ServiceWindowEnabled>false</ServiceWindowEnabled>
        <FromTime>2009-12-11T06:00:00</FromTime>
        <ToTime>2009-12-12T05:59:59</ToTime>
        <Primary>true</Primary>
        <OrderedDelivery>false</OrderedDelivery>
        <DeliveryNotification>1</DeliveryNotification>
        <SendHandler Name="BizTalkServerApplication" HostTrusted="false">
          <TransportType Name="SMTP" Capabilities="2" ConfigurationClsid="8f36b311-b670-4cf6-aaec-04ebb80ed48d" />
        </SendHandler>
      </PrimaryTransport>
      <SecondaryTransport>
        <Address />
        <RetryCount>3</RetryCount>
        <RetryInterval>5</RetryInterval>
        <ServiceWindowEnabled>false</ServiceWindowEnabled>
        <FromTime>2009-12-11T06:00:00</FromTime>
        <ToTime>2009-12-12T05:59:59</ToTime>
        <Primary>false</Primary>
        <OrderedDelivery>false</OrderedDelivery>
        <DeliveryNotification>1</DeliveryNotification>
        <SendHandler xsi:nil="true" />
      </SecondaryTransport>
      <ReceivePipelineData xsi:nil="true" />
      <Tracking>0</Tracking>
      <Filter>&lt;?xml version="1.0" encoding="utf-16"?&gt;
&lt;Filter xmlns:xsi="http://www.w3.org/2001/XMLSchema-instance" xmlns:xsd="http://www.w3.org/2001/XMLSchema" /&gt;</Filter>
      <Transforms />
      <OrderedDelivery>false</OrderedDelivery>
      <Priority>5</Priority>
      <StopSendingOnFailure>false</StopSendingOnFailure>
      <RouteFailedMessage>false</RouteFailedMessage>
      <ApplicationName>AdapterDemos</ApplicationName>
    </SendPort>
    <SendPort Name="Audit" IsStatic="true" IsTwoWay="false" BindingOption="0">
      <Description xsi:nil="true" />
      <TransmitPipeline Name="Microsoft.BizTalk.DefaultPipelines.PassThruTransmit" FullyQualifiedName="Microsoft.BizTalk.DefaultPipelines.PassThruTransmit, Microsoft.BizTalk.DefaultPipelines, Version=3.0.1.0, Culture=neutral, PublicKeyToken=31bf3856ad364e35" Type="2" TrackingOption="ServiceStartEnd MessageSendReceive PipelineEvents" Description="" />
      <PrimaryTransport>
        <Address>c:\ports\audit\%MessageID%.xml</Address>
        <TransportType Name="FILE" Capabilities="11" ConfigurationClsid="5e49e3a6-b4fc-4077-b44c-22f34a242fdb" />
        <TransportTypeData>&lt;CustomProps&gt;&lt;UseTempFileOnWrite vt="11"&gt;0&lt;/UseTempFileOnWrite&gt;&lt;CopyMode vt="19"&gt;1&lt;/CopyMode&gt;&lt;FileName vt="8"&gt;%MessageID%.xml&lt;/FileName&gt;&lt;AllowCacheOnWrite vt="11"&gt;0&lt;/AllowCacheOnWrite&gt;&lt;/CustomProps&gt;</TransportTypeData>
        <RetryCount>3</RetryCount>
        <RetryInterval>5</RetryInterval>
        <ServiceWindowEnabled>false</ServiceWindowEnabled>
        <FromTime>2009-12-11T06:00:00</FromTime>
        <ToTime>2009-12-12T05:59:59</ToTime>
        <Primary>true</Primary>
        <OrderedDelivery>false</OrderedDelivery>
        <DeliveryNotification>1</DeliveryNotification>
        <SendHandler Name="BizTalkServerApplication" HostTrusted="false">
          <TransportType Name="FILE" Capabilities="11" ConfigurationClsid="5e49e3a6-b4fc-4077-b44c-22f34a242fdb" />
        </SendHandler>
      </PrimaryTransport>
      <SecondaryTransport>
        <Address />
        <RetryCount>3</RetryCount>
        <RetryInterval>5</RetryInterval>
        <ServiceWindowEnabled>false</ServiceWindowEnabled>
        <FromTime>2009-12-11T06:00:00</FromTime>
        <ToTime>2009-12-12T05:59:59</ToTime>
        <Primary>false</Primary>
        <OrderedDelivery>false</OrderedDelivery>
        <DeliveryNotification>1</DeliveryNotification>
        <SendHandler xsi:nil="true" />
      </SecondaryTransport>
      <ReceivePipelineData xsi:nil="true" />
      <Tracking>0</Tracking>
      <Filter>&lt;?xml version="1.0" encoding="utf-16"?&gt;
&lt;Filter xmlns:xsi="http://www.w3.org/2001/XMLSchema-instance" xmlns:xsd="http://www.w3.org/2001/XMLSchema" /&gt;</Filter>
      <Transforms />
      <OrderedDelivery>false</OrderedDelivery>
      <Priority>5</Priority>
      <StopSendingOnFailure>false</StopSendingOnFailure>
      <RouteFailedMessage>false</RouteFailedMessage>
      <ApplicationName>AdapterDemos</ApplicationName>
    </SendPort>
  </SendPortCollection>
  <DistributionListCollection>
    <DistributionList Name="SQLSendPorts">
      <SendPorts>
        <SendPortRef Name="Audit" />
        <SendPortRef Name="EmailOrder" />
      </SendPorts>
      <Filter>&lt;?xml version="1.0" encoding="utf-16"?&gt;
&lt;Filter xmlns:xsi="http://www.w3.org/2001/XMLSchema-instance" xmlns:xsd="http://www.w3.org/2001/XMLSchema"&gt;
  &lt;Group&gt;
    &lt;Statement Property="BTS.ReceivePortName" Operator="0" Value="SQL_Receive" /&gt;
  &lt;/Group&gt;
&lt;/Filter&gt;</Filter>
      <ApplicationName>AdapterDemos</ApplicationName>
      <Description xsi:nil="true" />
    </DistributionList>
  </DistributionListCollection>
  <ReceivePortCollection>
    <ReceivePort Name="OrderReceive" IsTwoWay="false" BindingOption="0">
      <Description xsi:nil="true" />
      <ReceiveLocations>
        <ReceiveLocation Name="OrderReceiveFILE">
          <Description xsi:nil="true" />
          <Address>c:\ports\filedrop\*.xml</Address>
          <PublicAddress />
          <Primary>true</Primary>
          <ReceiveLocationServiceWindowEnabled>false</ReceiveLocationServiceWindowEnabled>
          <ReceiveLocationFromTime>2009-12-11T06:00:00</ReceiveLocationFromTime>
          <ReceiveLocationToTime>2009-12-12T05:59:59</ReceiveLocationToTime>
          <ReceiveLocationStartDateEnabled>false</ReceiveLocationStartDateEnabled>
          <ReceiveLocationStartDate>2009-12-11T00:00:00</ReceiveLocationStartDate>
          <ReceiveLocationEndDateEnabled>false</ReceiveLocationEndDateEnabled>
          <ReceiveLocationEndDate>2009-12-12T00:00:00</ReceiveLocationEndDate>
          <ReceiveLocationTransportType Name="FILE" Capabilities="11" ConfigurationClsid="5e49e3a6-b4fc-4077-b44c-22f34a242fdb" />
          <ReceiveLocationTransportTypeData>&lt;CustomProps&gt;&lt;RemoveReceivedFileRetryCount vt="19"&gt;5&lt;/RemoveReceivedFileRetryCount&gt;&lt;RemoveReceivedFileMaxInterval vt="19"&gt;300000&lt;/RemoveReceivedFileMaxInterval&gt;&lt;FileMask vt="8"&gt;*.xml&lt;/FileMask&gt;&lt;BatchSizeInBytes vt="19"&gt;102400&lt;/BatchSizeInBytes&gt;&lt;PollingInterval vt="19"&gt;5000&lt;/PollingInterval&gt;&lt;BatchSize vt="19"&gt;20&lt;/BatchSize&gt;&lt;FileNetFailRetryInt vt="19"&gt;5&lt;/FileNetFailRetryInt&gt;&lt;RemoveReceivedFileDelay vt="19"&gt;10&lt;/RemoveReceivedFileDelay&gt;&lt;RenameReceivedFiles vt="11"&gt;-1&lt;/RenameReceivedFiles&gt;&lt;FileNetFailRetryCount vt="19"&gt;5&lt;/FileNetFailRetryCount&gt;&lt;/CustomProps&gt;</ReceiveLocationTransportTypeData>
          <ReceivePipeline Name="Microsoft.BizTalk.DefaultPipelines.XMLReceive" FullyQualifiedName="Microsoft.BizTalk.DefaultPipelines.XMLReceive, Microsoft.BizTalk.DefaultPipelines, Version=3.0.1.0, Culture=neutral, PublicKeyToken=31bf3856ad364e35" Type="1" TrackingOption="ServiceStartEnd MessageSendReceive PipelineEvents" Description="" />
          <ReceivePipelineData xsi:nil="true" />
          <SendPipeline xsi:nil="true" />
          <SendPipelineData xsi:nil="true" />
          <Enable>true</Enable>
          <ReceiveHandler Name="BizTalkServerApplication" HostTrusted="false">
            <TransportType Name="FILE" Capabilities="11" ConfigurationClsid="5e49e3a6-b4fc-4077-b44c-22f34a242fdb" />
          </ReceiveHandler>
        </ReceiveLocation>
      </ReceiveLocations>
      <SendPipelineData xsi:nil="true" />
      <Authentication>0</Authentication>
      <Tracking>0</Tracking>
      <Transforms />
      <RouteFailedMessage>false</RouteFailedMessage>
      <ApplicationName>AdapterDemos</ApplicationName>
    </ReceivePort>
    <ReceivePort Name="SQL_Receive" IsTwoWay="false" BindingOption="0">
      <Description>ReceivePort for SqlAdapterBinding.</Description>
      <ReceiveLocations>
        <ReceiveLocation Name="WcfReceiveLocation_SqlAdapterBinding_TypedPolling_NWCustomers_Custom">
          <Description xsi:nil="true" />
          <Address>mssql://.//Northwind?InboundId=NWCustomers</Address>
          <PublicAddress />
          <Primary>true</Primary>
          <ReceiveLocationServiceWindowEnabled>false</ReceiveLocationServiceWindowEnabled>
          <ReceiveLocationFromTime>2000-01-01T00:00:00</ReceiveLocationFromTime>
          <ReceiveLocationToTime>2000-01-01T23:59:59</ReceiveLocationToTime>
          <ReceiveLocationStartDateEnabled>false</ReceiveLocationStartDateEnabled>
          <ReceiveLocationStartDate>2000-01-01T00:00:00</ReceiveLocationStartDate>
          <ReceiveLocationEndDateEnabled>false</ReceiveLocationEndDateEnabled>
          <ReceiveLocationEndDate>2000-01-01T23:59:59</ReceiveLocationEndDate>
          <ReceiveLocationTransportType Name="WCF-Custom" Capabilities="907" ConfigurationClsid="af081f69-38ca-4d5b-87df-f0344b12557a" />
          <ReceiveLocationTransportTypeData>&lt;CustomProps&gt;&lt;DisableLocationOnFailure vt="11"&gt;0&lt;/DisableLocationOnFailure&gt;&lt;IncludeExceptionDetailInFaults vt="11"&gt;0&lt;/IncludeExceptionDetailInFaults&gt;&lt;OutboundBodyLocation vt="8"&gt;UseBodyElement&lt;/OutboundBodyLocation&gt;&lt;BindingConfiguration vt="8"&gt;&amp;lt;binding name="SqlAdapterBinding" closeTimeout="00:01:00" openTimeout="00:01:00" receiveTimeout="00:10:00" sendTimeout="00:01:00" maxConnectionPoolSize="100" encrypt="false" workstationId="" useAmbientTransaction="true" batchSize="20" polledDataAvailableStatement="select count(*) from customers" pollingStatement="select top 10 * from customers" pollingIntervalInSeconds="30" pollWhileDataFound="false" notificationStatement="" notifyOnListenerStart="true" enableBizTalkCompatibilityMode="true" chunkSize="4194304" inboundOperationType="TypedPolling" useDatabaseNameInXsdNamespace="false" allowIdentityInsert="false" enablePerformanceCounters="false" xmlStoredProcedureRootNodeName="" xmlStoredProcedureRootNodeNamespace="" /&amp;gt;&lt;/BindingConfiguration&gt;&lt;InboundNodeEncoding vt="8"&gt;Xml&lt;/InboundNodeEncoding&gt;&lt;CredentialType vt="8"&gt;None&lt;/CredentialType&gt;&lt;BindingType vt="8"&gt;sqlBinding&lt;/BindingType&gt;&lt;InboundBodyLocation vt="8"&gt;UseBodyElement&lt;/InboundBodyLocation&gt;&lt;OrderedProcessing vt="11"&gt;0&lt;/OrderedProcessing&gt;&lt;OutboundXmlTemplate vt="8"&gt;&amp;lt;bts-msg-body xmlns="http://www.microsoft.com/schemas/bts2007" encoding="xml"/&amp;gt;&lt;/OutboundXmlTemplate&gt;&lt;Identity vt="8" /&gt;&lt;SuspendMessageOnFailure vt="11"&gt;0&lt;/SuspendMessageOnFailure&gt;&lt;/CustomProps&gt;</ReceiveLocationTransportTypeData>
          <ReceivePipeline Name="Microsoft.BizTalk.DefaultPipelines.XMLReceive" FullyQualifiedName="Microsoft.BizTalk.DefaultPipelines.XMLReceive, Microsoft.BizTalk.DefaultPipelines, Version=3.0.1.0, Culture=neutral, PublicKeyToken=31bf3856ad364e35" Type="1" TrackingOption="ServiceStartEnd MessageSendReceive PipelineEvents" Description="" />
          <ReceivePipelineData xsi:nil="true" />
          <SendPipeline xsi:nil="true" />
          <SendPipelineData xsi:nil="true" />
          <Enable>false</Enable>
          <ReceiveHandler Name="BizTalkServerApplication" HostTrusted="false">
            <TransportType Name="WCF-Custom" Capabilities="907" ConfigurationClsid="af081f69-38ca-4d5b-87df-f0344b12557a" />
          </ReceiveHandler>
        </ReceiveLocation>
      </ReceiveLocations>
      <SendPipelineData xsi:nil="true" />
      <Authentication>0</Authentication>
      <Tracking>0</Tracking>
      <Transforms />
      <RouteFailedMessage>false</RouteFailedMessage>
      <ApplicationName>AdapterDemos</ApplicationName>
    </ReceivePort>
  </ReceivePortCollection>
  <PartyCollection />
</BindingInfo>