<?xml version="1.0" ?> 
<SampleConfigs>

<SampleConfig ParentNodeID = "DataSeries" Priority="50">
  <Title>Attaching a Chart Area to a Series</Title>
  <Thumbnail>thumbnail.jpg</Thumbnail>
  <ShortBlurb>Attaching a Chart Area to a Series</ShortBlurb> 
  <Content>SeriesAndChartAreas.aspx</Content>
  <InfoPages>
	<InfoPage Title="Overview">Overview.htm</InfoPage>
    <InfoPage Title="C# Source">cscode.txt</InfoPage>
    <InfoPage Title="Visual Basic Source">vbcode.txt</InfoPage>
  </InfoPages>
<Keywords>
    <Keyword>Series, Attaching to chart area</Keyword>
	<Keyword>Chart area, Attaching series</Keyword>
  </Keywords>

</SampleConfig>

</SampleConfigs>
