﻿<?xml version="1.0" encoding="utf-8"?>
<routingTable xmlns:xsi="http://www.w3.org/2001/XMLSchema-instance" xmlns:xsd="http://www.w3.org/2001/XMLSchema" xmlns="http://Microsoft.ServiceModel.Samples/Router">
  <routes>
    <route>
      <xPath>/s12:Envelope/s12:Header/wsa10:Action/text()='http://Microsoft.ServiceModel.Samples/IEchoService/Echo'</xPath>
      <uri>http://localhost:8000/echo/service</uri>
    </route>
    <route>
      <xPath>/s12:Envelope/s12:Header/rt:Calculator</xPath>
      <uri>net.tcp://localhost:2104/calculator/service</uri>
    </route>
  </routes>
  <namespaces>
    <namespace>
      <prefix>rt</prefix>
      <namespace>http://Microsoft.ServiceModel.Samples/Router</namespace>
    </namespace>
    <namespace>
      <prefix>wsrm</prefix>
      <namespace>http://schemas.xmlsoap.org/ws/2005/02/rm</namespace>
    </namespace>
  </namespaces>
</routingTable>