<?xml version="1.0" encoding="utf-8"?>
<BindingInfo xmlns:xsi="http://www.w3.org/2001/XMLSchema-instance" xmlns:xsd="http://www.w3.org/2001/XMLSchema" Assembly="Microsoft.BizTalk.Deployment, Version=3.0.1.0, Culture=neutral, PublicKeyToken=31bf3856ad364e35" Version="3.5.1.0" BindingStatus="NoBindings" BoundEndpoints="0" TotalEndpoints="0">
  <Timestamp>2010-03-18T10:31:58.9957872-05:00</Timestamp>
  <ModuleRefCollection>
    <ModuleRef Name="[Application:OrchBasics]" Version="" Culture="" PublicKeyToken="" FullName="[Application:OrchBasics], Version=, Culture=, PublicKeyToken=">
      <Services />
      <TrackedSchemas>
        <Schema FullName="Schemas.OrderProps" AssemblyQualifiedName="Schemas.OrderProps,Schemas, Version=1.0.0.0, Culture=neutral, PublicKeyToken=1e95f3bbef3ea8e8" AlwaysTrackAllProperties="false">
          <TrackedPropertyNames />
        </Schema>
        <Schema FullName="Schemas.ExternalOrder" RootName="Order" AssemblyQualifiedName="Schemas.ExternalOrder,Schemas, Version=1.0.0.0, Culture=neutral, PublicKeyToken=1e95f3bbef3ea8e8" AlwaysTrackAllProperties="false">
          <TrackedPropertyNames />
        </Schema>
        <Schema FullName="Schemas.OrderShipping" RootName="OrderShipping" AssemblyQualifiedName="Schemas.OrderShipping,Schemas, Version=1.0.0.0, Culture=neutral, PublicKeyToken=1e95f3bbef3ea8e8" AlwaysTrackAllProperties="false">
          <TrackedPropertyNames />
        </Schema>
        <Schema FullName="Schemas.BillingRequestFlat" RootName="BillingRequest" AssemblyQualifiedName="Schemas.BillingRequestFlat,Schemas, Version=1.0.0.0, Culture=neutral, PublicKeyToken=1e95f3bbef3ea8e8" AlwaysTrackAllProperties="false">
          <TrackedPropertyNames />
        </Schema>
        <Schema FullName="Schemas.Common" RootName="Address" AssemblyQualifiedName="Schemas.Common,Schemas, Version=1.0.0.0, Culture=neutral, PublicKeyToken=1e95f3bbef3ea8e8" AlwaysTrackAllProperties="false">
          <TrackedPropertyNames />
        </Schema>
        <Schema FullName="Schemas.CommonTypes" RootName="Address" AssemblyQualifiedName="Schemas.CommonTypes,Schemas, Version=1.0.0.0, Culture=neutral, PublicKeyToken=1e95f3bbef3ea8e8" AlwaysTrackAllProperties="false">
          <TrackedPropertyNames />
        </Schema>
        <Schema FullName="Schemas.CommonTypes" RootName="BillTo" AssemblyQualifiedName="Schemas.CommonTypes,Schemas, Version=1.0.0.0, Culture=neutral, PublicKeyToken=1e95f3bbef3ea8e8" AlwaysTrackAllProperties="false">
          <TrackedPropertyNames />
        </Schema>
        <Schema FullName="Schemas.CommonTypes" RootName="Item" AssemblyQualifiedName="Schemas.CommonTypes,Schemas, Version=1.0.0.0, Culture=neutral, PublicKeyToken=1e95f3bbef3ea8e8" AlwaysTrackAllProperties="false">
          <TrackedPropertyNames />
        </Schema>
        <Schema FullName="Schemas.CommonTypes" RootName="LineItem" AssemblyQualifiedName="Schemas.CommonTypes,Schemas, Version=1.0.0.0, Culture=neutral, PublicKeyToken=1e95f3bbef3ea8e8" AlwaysTrackAllProperties="false">
          <TrackedPropertyNames />
        </Schema>
        <Schema FullName="Schemas.CommonTypes" RootName="ShipTo" AssemblyQualifiedName="Schemas.CommonTypes,Schemas, Version=1.0.0.0, Culture=neutral, PublicKeyToken=1e95f3bbef3ea8e8" AlwaysTrackAllProperties="false">
          <TrackedPropertyNames />
        </Schema>
      </TrackedSchemas>
    </ModuleRef>
    <ModuleRef Name="Schemas" Version="1.0.0.0" Culture="neutral" PublicKeyToken="1e95f3bbef3ea8e8" FullName="Schemas, Version=1.0.0.0, Culture=neutral, PublicKeyToken=1e95f3bbef3ea8e8">
      <Services />
      <TrackedSchemas />
    </ModuleRef>
  </ModuleRefCollection>
  <SendPortCollection>
    <SendPort Name="OrderAudit" IsStatic="true" IsTwoWay="false" BindingOption="0">
      <Description xsi:nil="true" />
      <TransmitPipeline Name="Microsoft.BizTalk.DefaultPipelines.PassThruTransmit" FullyQualifiedName="Microsoft.BizTalk.DefaultPipelines.PassThruTransmit, Microsoft.BizTalk.DefaultPipelines, Version=3.0.1.0, Culture=neutral, PublicKeyToken=31bf3856ad364e35" Type="2" TrackingOption="ServiceStartEnd MessageSendReceive PipelineEvents" />
      <PrimaryTransport>
        <Address>c:\ports\audit\%MessageID%.xml</Address>
        <TransportType Name="FILE" Capabilities="11" ConfigurationClsid="5e49e3a6-b4fc-4077-b44c-22f34a242fdb" />
        <TransportTypeData>&lt;CustomProps&gt;&lt;UseTempFileOnWrite vt="11"&gt;0&lt;/UseTempFileOnWrite&gt;&lt;CopyMode vt="19"&gt;1&lt;/CopyMode&gt;&lt;FileName vt="8"&gt;%MessageID%.xml&lt;/FileName&gt;&lt;AllowCacheOnWrite vt="11"&gt;0&lt;/AllowCacheOnWrite&gt;&lt;/CustomProps&gt;</TransportTypeData>
        <RetryCount>3</RetryCount>
        <RetryInterval>5</RetryInterval>
        <ServiceWindowEnabled>false</ServiceWindowEnabled>
        <FromTime>2010-03-17T05:00:00</FromTime>
        <ToTime>2010-03-18T04:59:59</ToTime>
        <Primary>true</Primary>
        <OrderedDelivery>false</OrderedDelivery>
        <DeliveryNotification>1</DeliveryNotification>
        <SendHandler Name="BizTalkServerApplication" HostTrusted="false">
          <TransportType Name="FILE" Capabilities="11" ConfigurationClsid="5e49e3a6-b4fc-4077-b44c-22f34a242fdb" />
        </SendHandler>
      </PrimaryTransport>
      <SecondaryTransport>
        <Address />
        <RetryCount>3</RetryCount>
        <RetryInterval>5</RetryInterval>
        <ServiceWindowEnabled>false</ServiceWindowEnabled>
        <FromTime>2010-03-17T05:00:00</FromTime>
        <ToTime>2010-03-18T04:59:59</ToTime>
        <Primary>false</Primary>
        <OrderedDelivery>false</OrderedDelivery>
        <DeliveryNotification>1</DeliveryNotification>
        <SendHandler xsi:nil="true" />
      </SecondaryTransport>
      <ReceivePipelineData xsi:nil="true" />
      <Tracking>0</Tracking>
      <Filter>&lt;?xml version="1.0" encoding="utf-16"?&gt;
&lt;Filter xmlns:xsi="http://www.w3.org/2001/XMLSchema-instance" xmlns:xsd="http://www.w3.org/2001/XMLSchema"&gt;
  &lt;Group&gt;
    &lt;Statement Property="BTS.ReceivePortName" Operator="0" Value="OrdersPort" /&gt;
  &lt;/Group&gt;
&lt;/Filter&gt;</Filter>
      <Transforms />
      <OrderedDelivery>false</OrderedDelivery>
      <Priority>5</Priority>
      <StopSendingOnFailure>false</StopSendingOnFailure>
      <RouteFailedMessage>false</RouteFailedMessage>
      <ApplicationName>OrchBasics</ApplicationName>
    </SendPort>
  </SendPortCollection>
  <DistributionListCollection />
  <ReceivePortCollection>
    <ReceivePort Name="OrdersPort" IsTwoWay="false" BindingOption="0">
      <Description xsi:nil="true" />
      <ReceiveLocations>
        <ReceiveLocation Name="OrdersTCP">
          <Description xsi:nil="true" />
          <Address>net.tcp://localhost/OrderService</Address>
          <PublicAddress />
          <Primary>true</Primary>
          <ReceiveLocationServiceWindowEnabled>false</ReceiveLocationServiceWindowEnabled>
          <ReceiveLocationFromTime>2010-03-17T05:00:00</ReceiveLocationFromTime>
          <ReceiveLocationToTime>2010-03-18T04:59:59</ReceiveLocationToTime>
          <ReceiveLocationStartDateEnabled>false</ReceiveLocationStartDateEnabled>
          <ReceiveLocationStartDate>2010-03-17T00:00:00</ReceiveLocationStartDate>
          <ReceiveLocationEndDateEnabled>false</ReceiveLocationEndDateEnabled>
          <ReceiveLocationEndDate>2010-03-18T00:00:00</ReceiveLocationEndDate>
          <ReceiveLocationTransportType Name="WCF-NetTcp" Capabilities="907" ConfigurationClsid="7fd2dfcd-6a7b-44f9-8387-29457fd2eaaf" />
          <ReceiveLocationTransportTypeData>&lt;CustomProps&gt;&lt;ServiceCertificate vt="8" /&gt;&lt;InboundBodyLocation vt="8"&gt;UseBodyElement&lt;/InboundBodyLocation&gt;&lt;UseSSO vt="11"&gt;0&lt;/UseSSO&gt;&lt;MessageClientCredentialType vt="8"&gt;Windows&lt;/MessageClientCredentialType&gt;&lt;InboundBodyPathExpression vt="8" /&gt;&lt;SendTimeout vt="8"&gt;00:01:00&lt;/SendTimeout&gt;&lt;OutboundXmlTemplate vt="8"&gt;&amp;lt;bts-msg-body xmlns="http://www.microsoft.com/schemas/bts2007" encoding="xml"/&amp;gt;&lt;/OutboundXmlTemplate&gt;&lt;OpenTimeout vt="8"&gt;00:01:00&lt;/OpenTimeout&gt;&lt;AlgorithmSuite vt="8"&gt;Basic256&lt;/AlgorithmSuite&gt;&lt;LeaseTimeout vt="8"&gt;00:05:00&lt;/LeaseTimeout&gt;&lt;SecurityMode vt="8"&gt;Transport&lt;/SecurityMode&gt;&lt;TransportClientCredentialType vt="8"&gt;Windows&lt;/TransportClientCredentialType&gt;&lt;TransactionProtocol vt="8"&gt;OleTransactions&lt;/TransactionProtocol&gt;&lt;MaxReceivedMessageSize vt="3"&gt;65536&lt;/MaxReceivedMessageSize&gt;&lt;TransportProtectionLevel vt="8"&gt;EncryptAndSign&lt;/TransportProtectionLevel&gt;&lt;CloseTimeout vt="8"&gt;00:01:00&lt;/CloseTimeout&gt;&lt;SuspendMessageOnFailure vt="11"&gt;-1&lt;/SuspendMessageOnFailure&gt;&lt;EnableTransaction vt="11"&gt;0&lt;/EnableTransaction&gt;&lt;InboundNodeEncoding vt="8"&gt;Xml&lt;/InboundNodeEncoding&gt;&lt;IncludeExceptionDetailInFaults vt="11"&gt;-1&lt;/IncludeExceptionDetailInFaults&gt;&lt;MaxConcurrentCalls vt="3"&gt;200&lt;/MaxConcurrentCalls&gt;&lt;OutboundBodyLocation vt="8"&gt;UseBodyElement&lt;/OutboundBodyLocation&gt;&lt;/CustomProps&gt;</ReceiveLocationTransportTypeData>
          <ReceivePipeline Name="Microsoft.BizTalk.DefaultPipelines.XMLReceive" FullyQualifiedName="Microsoft.BizTalk.DefaultPipelines.XMLReceive, Microsoft.BizTalk.DefaultPipelines, Version=3.0.1.0, Culture=neutral, PublicKeyToken=31bf3856ad364e35" Type="1" TrackingOption="ServiceStartEnd MessageSendReceive PipelineEvents" />
          <ReceivePipelineData xsi:nil="true" />
          <SendPipeline xsi:nil="true" />
          <SendPipelineData xsi:nil="true" />
          <Enable>true</Enable>
          <ReceiveHandler Name="BizTalkServerApplication" HostTrusted="false">
            <TransportType Name="WCF-NetTcp" Capabilities="907" ConfigurationClsid="7fd2dfcd-6a7b-44f9-8387-29457fd2eaaf" />
          </ReceiveHandler>
        </ReceiveLocation>
        <ReceiveLocation Name="OrdersHTTP">
          <Description xsi:nil="true" />
          <Address>/BTSOrdersService/BTSOrders.svc</Address>
          <PublicAddress />
          <Primary>false</Primary>
          <ReceiveLocationServiceWindowEnabled>false</ReceiveLocationServiceWindowEnabled>
          <ReceiveLocationFromTime>2010-03-17T05:00:00</ReceiveLocationFromTime>
          <ReceiveLocationToTime>2010-03-18T04:59:59</ReceiveLocationToTime>
          <ReceiveLocationStartDateEnabled>false</ReceiveLocationStartDateEnabled>
          <ReceiveLocationStartDate>2010-03-17T00:00:00</ReceiveLocationStartDate>
          <ReceiveLocationEndDateEnabled>false</ReceiveLocationEndDateEnabled>
          <ReceiveLocationEndDate>2010-03-18T00:00:00</ReceiveLocationEndDate>
          <ReceiveLocationTransportType Name="WCF-WSHttp" Capabilities="899" ConfigurationClsid="2b219014-ba04-4b70-a66b-a8c418b109fd" />
          <ReceiveLocationTransportTypeData>&lt;CustomProps&gt;&lt;InboundBodyPathExpression vt="8" /&gt;&lt;InboundBodyLocation vt="8"&gt;UseBodyElement&lt;/InboundBodyLocation&gt;&lt;UseSSO vt="11"&gt;0&lt;/UseSSO&gt;&lt;MessageClientCredentialType vt="8"&gt;Windows&lt;/MessageClientCredentialType&gt;&lt;SendTimeout vt="8"&gt;00:01:00&lt;/SendTimeout&gt;&lt;OutboundXmlTemplate vt="8"&gt;&amp;lt;bts-msg-body xmlns="http://www.microsoft.com/schemas/bts2007" encoding="xml"/&amp;gt;&lt;/OutboundXmlTemplate&gt;&lt;OpenTimeout vt="8"&gt;00:01:00&lt;/OpenTimeout&gt;&lt;AlgorithmSuite vt="8"&gt;Basic256&lt;/AlgorithmSuite&gt;&lt;SecurityMode vt="8"&gt;Message&lt;/SecurityMode&gt;&lt;TransportClientCredentialType vt="8"&gt;Windows&lt;/TransportClientCredentialType&gt;&lt;NegotiateServiceCredential vt="11"&gt;-1&lt;/NegotiateServiceCredential&gt;&lt;MaxReceivedMessageSize vt="3"&gt;65536&lt;/MaxReceivedMessageSize&gt;&lt;TextEncoding vt="8"&gt;utf-8&lt;/TextEncoding&gt;&lt;CloseTimeout vt="8"&gt;00:01:00&lt;/CloseTimeout&gt;&lt;SuspendMessageOnFailure vt="11"&gt;-1&lt;/SuspendMessageOnFailure&gt;&lt;EnableTransaction vt="11"&gt;0&lt;/EnableTransaction&gt;&lt;InboundNodeEncoding vt="8"&gt;Xml&lt;/InboundNodeEncoding&gt;&lt;EstablishSecurityContext vt="11"&gt;-1&lt;/EstablishSecurityContext&gt;&lt;IncludeExceptionDetailInFaults vt="11"&gt;-1&lt;/IncludeExceptionDetailInFaults&gt;&lt;MaxConcurrentCalls vt="3"&gt;200&lt;/MaxConcurrentCalls&gt;&lt;ServiceCertificate vt="8" /&gt;&lt;MessageEncoding vt="8"&gt;Text&lt;/MessageEncoding&gt;&lt;OutboundBodyLocation vt="8"&gt;UseBodyElement&lt;/OutboundBodyLocation&gt;&lt;/CustomProps&gt;</ReceiveLocationTransportTypeData>
          <ReceivePipeline Name="Microsoft.BizTalk.DefaultPipelines.PassThruReceive" FullyQualifiedName="Microsoft.BizTalk.DefaultPipelines.PassThruReceive, Microsoft.BizTalk.DefaultPipelines, Version=3.0.1.0, Culture=neutral, PublicKeyToken=31bf3856ad364e35" Type="1" TrackingOption="ServiceStartEnd MessageSendReceive PipelineEvents" />
          <ReceivePipelineData xsi:nil="true" />
          <SendPipeline xsi:nil="true" />
          <SendPipelineData xsi:nil="true" />
          <Enable>true</Enable>
          <ReceiveHandler Name="BizTalkServerIsolatedHost" HostTrusted="false">
            <TransportType Name="WCF-WSHttp" Capabilities="899" ConfigurationClsid="2b219014-ba04-4b70-a66b-a8c418b109fd" />
          </ReceiveHandler>
        </ReceiveLocation>
      </ReceiveLocations>
      <SendPipelineData xsi:nil="true" />
      <Authentication>0</Authentication>
      <Tracking>0</Tracking>
      <Transforms />
      <RouteFailedMessage>false</RouteFailedMessage>
      <ApplicationName>OrchBasics</ApplicationName>
    </ReceivePort>
  </ReceivePortCollection>
  <PartyCollection />
</BindingInfo>