<?xml version="1.0" ?> 
<SampleConfigs>

	<SampleConfig ParentNodeID = "Annotations" Priority="500"> 
	<Title>Annotations and Smart Labels</Title>
	<Thumbnail>thumbnail.jpg</Thumbnail>
	<ShortBlurb>Annotations and Smart Labels</ShortBlurb> 
	<Content>AnnotationSmartLabels.aspx</Content> 
	
	<InfoPages>
		<InfoPage Title="C# Source">cscode.txt</InfoPage>
		<InfoPage Title="Visual Basic Source">vbcode.txt</InfoPage>
	</InfoPages>

	<Keywords>
    <Keyword>SmartLabels, Annotations</Keyword>
    <Keyword>Annotations, SmartLabels</Keyword>
  </Keywords>   
</SampleConfig>

<SampleConfig ParentNodeID = "NewAnnotations">
	<Title>Annotations and Smart Labels</Title>
	<Thumbnail>thumbnail.jpg</Thumbnail>
	<ShortBlurb>Annotations and Smart Labels</ShortBlurb> 
	<Content>AnnotationSmartLabels.aspx</Content> 
	
	<InfoPages>
		<InfoPage Title="C# Source">cscode.txt</InfoPage>
		<InfoPage Title="Visual Basic Source">vbcode.txt</InfoPage>
	</InfoPages>

</SampleConfig>
	
</SampleConfigs>