<?xml version="1.0" encoding="utf-8"?>
<BindingInfo xmlns:xsi="http://www.w3.org/2001/XMLSchema-instance" xmlns:xsd="http://www.w3.org/2001/XMLSchema" Assembly="Microsoft.BizTalk.Deployment, Version=3.0.1.0, Culture=neutral, PublicKeyToken=31bf3856ad364e35" Version="3.5.1.0" BindingStatus="NoBindings" BoundEndpoints="0" TotalEndpoints="0">
  <Timestamp>2008-04-21T10:39:22.178898-05:00</Timestamp>
  <ModuleRefCollection>
    <ModuleRef Name="[Application:CustomerApp]" Version="" Culture="" PublicKeyToken="" FullName="[Application:CustomerApp], Version=, Culture=, PublicKeyToken=">
      <Services />
      <TrackedSchemas>
        <Schema FullName="Schemas.ContactProperties" AssemblyQualifiedName="Schemas.ContactProperties,Schemas, Version=1.0.0.0, Culture=neutral, PublicKeyToken=93fd65f147a47c55" AlwaysTrackAllProperties="false">
          <TrackedPropertyNames />
        </Schema>
        <Schema FullName="Schemas.FlatContact" RootName="Contacts" AssemblyQualifiedName="Schemas.FlatContact,Schemas, Version=1.0.0.0, Culture=neutral, PublicKeyToken=93fd65f147a47c55" AlwaysTrackAllProperties="false">
          <TrackedPropertyNames />
        </Schema>
        <Schema FullName="Schemas.SQLService_sqlcustomers" RootName="Customers" AssemblyQualifiedName="Schemas.SQLService_sqlcustomers,Schemas, Version=1.0.0.0, Culture=neutral, PublicKeyToken=93fd65f147a47c55" AlwaysTrackAllProperties="false">
          <TrackedPropertyNames />
        </Schema>
        <Schema FullName="Schemas.Customer" RootName="Customer" AssemblyQualifiedName="Schemas.Customer,Schemas, Version=1.0.0.0, Culture=neutral, PublicKeyToken=93fd65f147a47c55" AlwaysTrackAllProperties="false">
          <TrackedPropertyNames />
        </Schema>
        <Schema FullName="Schemas.Contact" RootName="Contact" AssemblyQualifiedName="Schemas.Contact,Schemas, Version=1.0.0.0, Culture=neutral, PublicKeyToken=93fd65f147a47c55" AlwaysTrackAllProperties="false">
          <TrackedPropertyNames />
        </Schema>
        <Schema FullName="Schemas.Common" RootName="ContactInfo" AssemblyQualifiedName="Schemas.Common,Schemas, Version=1.0.0.0, Culture=neutral, PublicKeyToken=93fd65f147a47c55" AlwaysTrackAllProperties="false">
          <TrackedPropertyNames />
        </Schema>
      </TrackedSchemas>
    </ModuleRef>
    <ModuleRef Name="Schemas" Version="1.0.0.0" Culture="neutral" PublicKeyToken="93fd65f147a47c55" FullName="Schemas, Version=1.0.0.0, Culture=neutral, PublicKeyToken=93fd65f147a47c55">
      <Services />
      <TrackedSchemas />
    </ModuleRef>
    <ModuleRef Name="Maps" Version="1.0.0.0" Culture="neutral" PublicKeyToken="93fd65f147a47c55" FullName="Maps, Version=1.0.0.0, Culture=neutral, PublicKeyToken=93fd65f147a47c55">
      <Services />
      <TrackedSchemas />
    </ModuleRef>
  </ModuleRefCollection>
  <SendPortCollection>
    <SendPort Name="CustomerSendPort" IsStatic="true" IsTwoWay="false" BindingOption="0">
      <Description xsi:nil="true" />
      <TransmitPipeline Name="Microsoft.BizTalk.DefaultPipelines.PassThruTransmit" FullyQualifiedName="Microsoft.BizTalk.DefaultPipelines.PassThruTransmit, Microsoft.BizTalk.DefaultPipelines, Version=3.0.1.0, Culture=neutral, PublicKeyToken=31bf3856ad364e35" Type="2" TrackingOption="ServiceStartEnd MessageSendReceive PipelineEvents" Description="" />
      <PrimaryTransport>
        <Address>matt@localhost.com</Address>
        <TransportType Name="SMTP" Capabilities="2" ConfigurationClsid="8f36b311-b670-4cf6-aaec-04ebb80ed48d" />
        <TransportTypeData>&lt;CustomProps&gt;&lt;DeliveryReceipt vt="11"&gt;0&lt;/DeliveryReceipt&gt;&lt;MessagePartsAttachments vt="19"&gt;1&lt;/MessagePartsAttachments&gt;&lt;EmailBodyFileCharset vt="8"&gt;utf-8&lt;/EmailBodyFileCharset&gt;&lt;ReadReceipt vt="11"&gt;0&lt;/ReadReceipt&gt;&lt;EmailBodyText vt="8"&gt;The attached file is a new contact&lt;/EmailBodyText&gt;&lt;To vt="8"&gt;matt@localhost.com&lt;/To&gt;&lt;Subject vt="8"&gt;new contact&lt;/Subject&gt;&lt;EmailBodyTextCharset vt="8"&gt;utf-8&lt;/EmailBodyTextCharset&gt;&lt;/CustomProps&gt;</TransportTypeData>
        <RetryCount>3</RetryCount>
        <RetryInterval>5</RetryInterval>
        <ServiceWindowEnabled>false</ServiceWindowEnabled>
        <FromTime>2000-01-01T06:00:00</FromTime>
        <ToTime>2000-01-01T05:59:59</ToTime>
        <Primary>true</Primary>
        <OrderedDelivery>false</OrderedDelivery>
        <DeliveryNotification>1</DeliveryNotification>
        <SendHandler Name="BizTalkServerApplication" HostTrusted="false">
          <TransportType Name="SMTP" Capabilities="2" ConfigurationClsid="8f36b311-b670-4cf6-aaec-04ebb80ed48d" />
        </SendHandler>
      </PrimaryTransport>
      <SecondaryTransport>
        <Address />
        <RetryCount>3</RetryCount>
        <RetryInterval>5</RetryInterval>
        <ServiceWindowEnabled>false</ServiceWindowEnabled>
        <FromTime>2000-01-01T06:00:00</FromTime>
        <ToTime>2000-01-01T05:59:59</ToTime>
        <Primary>false</Primary>
        <OrderedDelivery>false</OrderedDelivery>
        <DeliveryNotification>1</DeliveryNotification>
        <SendHandler xsi:nil="true" />
      </SecondaryTransport>
      <ReceivePipelineData xsi:nil="true" />
      <Tracking>0</Tracking>
      <Filter>&lt;?xml version="1.0" encoding="utf-16"?&gt;
&lt;Filter xmlns:xsi="http://www.w3.org/2001/XMLSchema-instance" xmlns:xsd="http://www.w3.org/2001/XMLSchema" /&gt;</Filter>
      <Transforms />
      <OrderedDelivery>false</OrderedDelivery>
      <Priority>5</Priority>
      <StopSendingOnFailure>false</StopSendingOnFailure>
      <RouteFailedMessage>false</RouteFailedMessage>
      <ApplicationName>CustomerApp</ApplicationName>
    </SendPort>
    <SendPort Name="CustomerFlatSendPort" IsStatic="true" IsTwoWay="false" BindingOption="0">
      <Description xsi:nil="true" />
      <TransmitPipeline Name="Maps.SendFlatFile" FullyQualifiedName="Maps.SendFlatFile, Maps, Version=1.0.0.0, Culture=neutral, PublicKeyToken=93fd65f147a47c55" Type="2" TrackingOption="ServiceStartEnd MessageSendReceive PipelineEvents" Description="" />
      <PrimaryTransport>
        <Address>c:\demos\output\contacts\%MessageID%.txt</Address>
        <TransportType Name="FILE" Capabilities="11" ConfigurationClsid="5e49e3a6-b4fc-4077-b44c-22f34a242fdb" />
        <TransportTypeData>&lt;CustomProps&gt;&lt;UseTempFileOnWrite vt="11"&gt;0&lt;/UseTempFileOnWrite&gt;&lt;CopyMode vt="19"&gt;1&lt;/CopyMode&gt;&lt;FileName vt="8"&gt;%MessageID%.txt&lt;/FileName&gt;&lt;AllowCacheOnWrite vt="11"&gt;0&lt;/AllowCacheOnWrite&gt;&lt;/CustomProps&gt;</TransportTypeData>
        <RetryCount>3</RetryCount>
        <RetryInterval>5</RetryInterval>
        <ServiceWindowEnabled>false</ServiceWindowEnabled>
        <FromTime>2000-01-01T06:00:00</FromTime>
        <ToTime>2000-01-01T05:59:59</ToTime>
        <Primary>true</Primary>
        <OrderedDelivery>false</OrderedDelivery>
        <DeliveryNotification>1</DeliveryNotification>
        <SendHandler Name="BizTalkServerApplication" HostTrusted="false">
          <TransportType Name="FILE" Capabilities="11" ConfigurationClsid="5e49e3a6-b4fc-4077-b44c-22f34a242fdb" />
        </SendHandler>
      </PrimaryTransport>
      <SecondaryTransport>
        <Address />
        <RetryCount>3</RetryCount>
        <RetryInterval>5</RetryInterval>
        <ServiceWindowEnabled>false</ServiceWindowEnabled>
        <FromTime>2000-01-01T06:00:00</FromTime>
        <ToTime>2000-01-01T05:59:59</ToTime>
        <Primary>false</Primary>
        <OrderedDelivery>false</OrderedDelivery>
        <DeliveryNotification>1</DeliveryNotification>
        <SendHandler xsi:nil="true" />
      </SecondaryTransport>
      <ReceivePipelineData xsi:nil="true" />
      <Tracking>0</Tracking>
      <Filter>&lt;?xml version="1.0" encoding="utf-16"?&gt;
&lt;Filter xmlns:xsi="http://www.w3.org/2001/XMLSchema-instance" xmlns:xsd="http://www.w3.org/2001/XMLSchema" /&gt;</Filter>
      <Transforms>
        <Transform FullName="Maps.ContactToCustomerFlat" AssemblyQualifiedName="Maps.ContactToCustomerFlat,Maps, Version=1.0.0.0, Culture=neutral, PublicKeyToken=93fd65f147a47c55" />
      </Transforms>
      <OrderedDelivery>false</OrderedDelivery>
      <Priority>5</Priority>
      <StopSendingOnFailure>false</StopSendingOnFailure>
      <RouteFailedMessage>false</RouteFailedMessage>
      <ApplicationName>CustomerApp</ApplicationName>
    </SendPort>
  </SendPortCollection>
  <DistributionListCollection>
    <DistributionList Name="CustomerSendGroup">
      <SendPorts>
        <SendPortRef Name="CustomerFlatSendPort" />
        <SendPortRef Name="CustomerSendPort" />
      </SendPorts>
      <Filter>&lt;?xml version="1.0" encoding="utf-16"?&gt;
&lt;Filter xmlns:xsi="http://www.w3.org/2001/XMLSchema-instance" xmlns:xsd="http://www.w3.org/2001/XMLSchema"&gt;
  &lt;Group&gt;
    &lt;Statement Property="BTS.MessageType" Operator="0" Value="http://Schemas.Contact#Contact" /&gt;
  &lt;/Group&gt;
&lt;/Filter&gt;</Filter>
      <ApplicationName>CustomerApp</ApplicationName>
      <Description xsi:nil="true" />
    </DistributionList>
  </DistributionListCollection>
  <ReceivePortCollection>
    <ReceivePort Name="ContactReceivePort" IsTwoWay="false" BindingOption="0">
      <Description xsi:nil="true" />
      <ReceiveLocations>
        <ReceiveLocation Name="ContactFileReceive">
          <Description xsi:nil="true" />
          <Address>c:\demos\input\contacts\*.xml</Address>
          <PublicAddress>d:\demos\input\contacts\*.xml</PublicAddress>
          <Primary>true</Primary>
          <ReceiveLocationServiceWindowEnabled>false</ReceiveLocationServiceWindowEnabled>
          <ReceiveLocationFromTime>2000-01-01T06:00:00</ReceiveLocationFromTime>
          <ReceiveLocationToTime>2000-01-01T05:59:59</ReceiveLocationToTime>
          <ReceiveLocationStartDateEnabled>false</ReceiveLocationStartDateEnabled>
          <ReceiveLocationStartDate>2007-12-30T00:00:00</ReceiveLocationStartDate>
          <ReceiveLocationEndDateEnabled>false</ReceiveLocationEndDateEnabled>
          <ReceiveLocationEndDate>2007-12-31T23:59:59</ReceiveLocationEndDate>
          <ReceiveLocationTransportType Name="FILE" Capabilities="11" ConfigurationClsid="5e49e3a6-b4fc-4077-b44c-22f34a242fdb" />
          <ReceiveLocationTransportTypeData>&lt;CustomProps&gt;&lt;RemoveReceivedFileRetryCount vt="19"&gt;5&lt;/RemoveReceivedFileRetryCount&gt;&lt;RemoveReceivedFileMaxInterval vt="19"&gt;300000&lt;/RemoveReceivedFileMaxInterval&gt;&lt;FileMask vt="8"&gt;*.xml&lt;/FileMask&gt;&lt;BatchSizeInBytes vt="19"&gt;102400&lt;/BatchSizeInBytes&gt;&lt;PollingInterval vt="19"&gt;5000&lt;/PollingInterval&gt;&lt;BatchSize vt="19"&gt;20&lt;/BatchSize&gt;&lt;FileNetFailRetryInt vt="19"&gt;5&lt;/FileNetFailRetryInt&gt;&lt;RemoveReceivedFileDelay vt="19"&gt;10&lt;/RemoveReceivedFileDelay&gt;&lt;RenameReceivedFiles vt="11"&gt;-1&lt;/RenameReceivedFiles&gt;&lt;FileNetFailRetryCount vt="19"&gt;5&lt;/FileNetFailRetryCount&gt;&lt;/CustomProps&gt;</ReceiveLocationTransportTypeData>
          <ReceivePipeline Name="Microsoft.BizTalk.DefaultPipelines.XMLReceive" FullyQualifiedName="Microsoft.BizTalk.DefaultPipelines.XMLReceive, Microsoft.BizTalk.DefaultPipelines, Version=3.0.1.0, Culture=neutral, PublicKeyToken=31bf3856ad364e35" Type="1" TrackingOption="ServiceStartEnd MessageSendReceive PipelineEvents" Description="" />
          <ReceivePipelineData xsi:nil="true" />
          <SendPipeline xsi:nil="true" />
          <SendPipelineData xsi:nil="true" />
          <Enable>false</Enable>
          <ReceiveHandler Name="BizTalkServerApplication" HostTrusted="false">
            <TransportType Name="FILE" Capabilities="11" ConfigurationClsid="5e49e3a6-b4fc-4077-b44c-22f34a242fdb" />
          </ReceiveHandler>
        </ReceiveLocation>
        <ReceiveLocation Name="SQLContacts">
          <Description xsi:nil="true" />
          <Address>SQL://./Northwind/SelectCustomers</Address>
          <PublicAddress />
          <Primary>false</Primary>
          <ReceiveLocationServiceWindowEnabled>false</ReceiveLocationServiceWindowEnabled>
          <ReceiveLocationFromTime>2008-01-29T06:00:00</ReceiveLocationFromTime>
          <ReceiveLocationToTime>2008-01-30T05:59:59</ReceiveLocationToTime>
          <ReceiveLocationStartDateEnabled>false</ReceiveLocationStartDateEnabled>
          <ReceiveLocationStartDate>2008-01-28T18:00:00</ReceiveLocationStartDate>
          <ReceiveLocationEndDateEnabled>false</ReceiveLocationEndDateEnabled>
          <ReceiveLocationEndDate>2008-01-29T18:00:00</ReceiveLocationEndDate>
          <ReceiveLocationTransportType Name="SQL" Capabilities="81163" ConfigurationClsid="6e688659-1374-4f37-90dc-40cb6dd3c73d" />
          <ReceiveLocationTransportTypeData>&lt;CustomProps&gt;&lt;AdapterConfig vt="8"&gt;&amp;lt;Receive xmlns:xsi="http://www.w3.org/2001/XMLSchema-instance" xmlns:xsd="http://www.w3.org/2001/XMLSchema"&amp;gt;&amp;lt;sqlCommand&amp;gt;select * from customers as [Customer] where customerid = 'GREAL' for xml auto&amp;lt;/sqlCommand&amp;gt;&amp;lt;connectionString&amp;gt;Provider=SQLOLEDB.1;Integrated Security=SSPI;Persist Security Info=False;Initial Catalog=Northwind;Data Source=.&amp;lt;/connectionString&amp;gt;&amp;lt;documentRootElementName&amp;gt;Customers&amp;lt;/documentRootElementName&amp;gt;&amp;lt;documentTargetNamespace&amp;gt;http://pluralsight.com/sqlcustomers&amp;lt;/documentTargetNamespace&amp;gt;&amp;lt;pollingUnitOfMeasure&amp;gt;Seconds&amp;lt;/pollingUnitOfMeasure&amp;gt;&amp;lt;pollingInterval&amp;gt;30&amp;lt;/pollingInterval&amp;gt;&amp;lt;uri&amp;gt;SQL://./Northwind/SelectCustomers&amp;lt;/uri&amp;gt;&amp;lt;pollWhileDataFound&amp;gt;False&amp;lt;/pollWhileDataFound&amp;gt;&amp;lt;/Receive&amp;gt;&lt;/AdapterConfig&gt;&lt;/CustomProps&gt;</ReceiveLocationTransportTypeData>
          <ReceivePipeline Name="Microsoft.BizTalk.DefaultPipelines.XMLReceive" FullyQualifiedName="Microsoft.BizTalk.DefaultPipelines.XMLReceive, Microsoft.BizTalk.DefaultPipelines, Version=3.0.1.0, Culture=neutral, PublicKeyToken=31bf3856ad364e35" Type="1" TrackingOption="ServiceStartEnd MessageSendReceive PipelineEvents" Description="" />
          <ReceivePipelineData xsi:nil="true" />
          <SendPipeline xsi:nil="true" />
          <SendPipelineData xsi:nil="true" />
          <Enable>false</Enable>
          <ReceiveHandler Name="BizTalkServerApplication" HostTrusted="false">
            <TransportType Name="SQL" Capabilities="81163" ConfigurationClsid="6e688659-1374-4f37-90dc-40cb6dd3c73d" />
          </ReceiveHandler>
        </ReceiveLocation>
      </ReceiveLocations>
      <SendPipelineData xsi:nil="true" />
      <Authentication>0</Authentication>
      <Tracking>0</Tracking>
      <Transforms>
        <Transform FullName="Maps.MapSqlContactToContact" AssemblyQualifiedName="Maps.MapSqlContactToContact,Maps, Version=1.0.0.0, Culture=neutral, PublicKeyToken=93fd65f147a47c55" />
      </Transforms>
      <RouteFailedMessage>false</RouteFailedMessage>
      <ApplicationName>CustomerApp</ApplicationName>
    </ReceivePort>
  </ReceivePortCollection>
  <PartyCollection />
</BindingInfo>