﻿<?xml version="1.0" encoding="utf-8"?>
<?xml-stylesheet type="text/xsl" href="file:///C:/Program Files (x86)/Microsoft Visual Studio 10.0/Common7/IDE/Extensions/Microsoft/Visualization and Modeling Feature Pack/2.0/Logging/ReverseEngineeringLog.xslt"?>
<Log xmlns="http://schemas.microsoft.com/VisualStudio/2010/CodeGen.RE.Log">
  <Message Timestamp="2011-05-01T13:38:39" Importance="High" Text="Reverse Engineering Started." />
  <Message Timestamp="2011-05-01T13:38:40" Importance="Diagnostic" Text="Element reverse engineered into the UML model: 'Boolean' -  (PrimitiveType)" />
  <Message Timestamp="2011-05-01T13:38:40" Importance="Diagnostic" Text="Element reverse engineered into the UML model: 'String' -  (PrimitiveType)" />
  <Message Timestamp="2011-05-01T13:38:40" Importance="Diagnostic" Text="Element reverse engineered into the UML model: 'UmlModeling::SampleClassLibrary' -  (Package)" />
  <Message Timestamp="2011-05-01T13:38:40" Importance="Medium" Text="Element reverse engineered into the UML model: 'UmlModeling::SampleClassLibrary::ExternalOrder' -  (Class)" />
  <Message Timestamp="2011-05-01T13:38:40" Importance="Diagnostic" Text="Element reverse engineered into the UML model: 'UmlModeling::SampleClassLibrary::ExternalOrder::ExternalOrder' -  (Operation)" />
  <Message Timestamp="2011-05-01T13:38:40" Importance="Diagnostic" Text="Element reverse engineered into the UML model: 'UmlModeling::SampleClassLibrary::ExternalOrder::ValidateOrder' -  (Operation)" />
  <Message Timestamp="2011-05-01T13:38:40" Importance="Diagnostic" Text="Element reverse engineered into the UML model: 'UmlModeling::SampleClassLibrary::ExternalOrder::ValidateOrder::summary' -  (Parameter)" />
  <Message Timestamp="2011-05-01T13:38:40" Importance="Diagnostic" Text="Element reverse engineered into the UML model: 'UmlModeling::SampleClassLibrary::ExternalOrder::VendorId' -  (Property)" />
  <Message Timestamp="2011-05-01T13:38:40" Importance="Diagnostic" Text="Element reverse engineered into the UML model: 'UmlModeling::SampleClassLibrary::IOrder' -  (Interface)   (partially reverse engineered - definition not updated) " />
  <Message Timestamp="2011-05-01T13:38:40" Importance="Diagnostic" Text="Element reverse engineered into the UML model: 'UmlModeling::SampleClassLibrary::OrderSummary' -  (Class)   (partially reverse engineered - definition not updated) " />
  <Message Timestamp="2011-05-01T13:38:40" Importance="Diagnostic" Text="Relationship reverse engineered into the UML model: UmlModeling::SampleClassLibrary::ExternalOrder to UmlModeling::SampleClassLibrary::IOrder (InterfaceRealization)" />
  <Message Timestamp="2011-05-01T13:38:40" Importance="High" Text="(1) type(s) fully reverse engineered." />
  <Message Timestamp="2011-05-01T13:38:40" Importance="High" Text="(2) type(s) partially reverse engineered.  These types were not included in the original selection so their full definitions are not reverse engineered.  Instead, this shallow operation has simply ensured these types exist in the UML model because they are needed in order to fully describe other elements." />
  <Message Timestamp="2011-05-01T13:38:40" Importance="High" Text="The reverse engineering operation completed with (0) error(s), and (0) warning(s)." />
</Log>