﻿<?xml version="1.0" encoding="utf-8"?>
<?xml-stylesheet type="text/xsl" href="file:///C:/Program Files (x86)/Microsoft Visual Studio 10.0/Common7/IDE/Extensions/Microsoft/Visualization and Modeling Feature Pack/2.0/Logging/XmiLog.xslt"?>
<Log xmlns="http://schemas.microsoft.com/VisualStudio/2010/XmiLog">
  <Property Timestamp="2011-05-01T14:09:50" XmiFileName="C:\Users\rseroter\Documents\Data\Pluralsight Training Prep\UML\EA Models\SampleModel.xml" />
  <Message Timestamp="2011-05-01T14:09:50" Importance="High" Text="Importing the following XMI file: C:\Users\rseroter\Documents\Data\Pluralsight Training Prep\UML\EA Models\SampleModel.xml." />
  <Warning Timestamp="2011-05-01T14:09:50" LineNumber="31" LinePosition="7" Importance="Medium" Text="The following object ID is a duplicate: EAID_AB0A91BA_240D_482e_9DAC_B98114D40D90. Only the first instance of this object will be imported." />
  <Warning Timestamp="2011-05-01T14:09:50" LineNumber="684" LinePosition="6" Importance="Medium" Text="The following object ID is a duplicate: comment01. Only the first instance of this object will be imported." />
  <Warning Timestamp="2011-05-01T14:09:50" LineNumber="687" LinePosition="6" Importance="Medium" Text="The following object ID is a duplicate: mmref01. Only the first instance of this object will be imported." />
  <Warning Timestamp="2011-05-01T14:09:50" LineNumber="675" LinePosition="7" Importance="Medium" Text="Cannot import the following association end because it is not supported: thecustomprofile::enum::base_Attribute." />
  <Message Timestamp="2011-05-01T14:09:50" LineNumber="659" LinePosition="5" Importance="Diagnostic" Text="The following element was not imported: thecustomprofile::org.omg.xmi.nsPrefix. This element has the following type: Tag." />
  <Message Timestamp="2011-05-01T14:09:50" LineNumber="659" LinePosition="5" Importance="Diagnostic" Text="The following element was not imported: thecustomprofile::org.omg.xmi.nsURI. This element has the following type: Tag." />
  <Warning Timestamp="2011-05-01T14:09:51" LineNumber="691" LinePosition="7" Importance="Medium" Text="Cannot import the following association end because it is not supported: EAUML::business_boundary::base_Object." />
  <Warning Timestamp="2011-05-01T14:09:51" LineNumber="718" LinePosition="7" Importance="Medium" Text="Cannot import the following association end because it is not supported: EAUML::business_use-case_realization::base_Collaboration." />
  <Warning Timestamp="2011-05-01T14:09:51" LineNumber="734" LinePosition="7" Importance="Medium" Text="Cannot import the following association end because it is not supported: EAUML::internal_worker::base_Object." />
  <Warning Timestamp="2011-05-01T14:09:51" LineNumber="778" LinePosition="7" Importance="Medium" Text="Cannot import the following association end because it is not supported: EAUML::worker::base_Object." />
  <Warning Timestamp="2011-05-01T14:09:51" LineNumber="810" LinePosition="7" Importance="Medium" Text="Cannot import the following association end because it is not supported: EAUML::business_entity::base_Object." />
  <Warning Timestamp="2011-05-01T14:09:51" LineNumber="834" LinePosition="7" Importance="Medium" Text="Cannot import the following association end because it is not supported: EAUML::column::base_Attribute." />
  <Warning Timestamp="2011-05-01T14:09:51" LineNumber="842" LinePosition="7" Importance="Medium" Text="Cannot import the following association end because it is not supported: EAUML::business_worker::base_Object." />
  <Warning Timestamp="2011-05-01T14:09:51" LineNumber="867" LinePosition="7" Importance="Medium" Text="Cannot import the following association end because it is not supported: EAUML::business_control::base_Object." />
  <Warning Timestamp="2011-05-01T14:09:51" LineNumber="899" LinePosition="7" Importance="Medium" Text="Cannot import the following association end because it is not supported: EAUML::case_worker::base_Object." />
  <Message Timestamp="2011-05-01T14:09:51" LineNumber="699" LinePosition="7" Importance="Diagnostic" Text="The following element was not imported: EAUML::procedure::Generalization. This element has the following type: Generalization." />
  <Message Timestamp="2011-05-01T14:09:51" LineNumber="758" LinePosition="7" Importance="Diagnostic" Text="The following element was not imported: EAUML::view::Generalization. This element has the following type: Generalization." />
  <Message Timestamp="2011-05-01T14:09:51" LineNumber="683" LinePosition="5" Importance="Diagnostic" Text="The following element was not imported: EAUML::org.omg.xmi.nsPrefix. This element has the following type: Tag." />
  <Message Timestamp="2011-05-01T14:09:51" LineNumber="683" LinePosition="5" Importance="Diagnostic" Text="The following element was not imported: EAUML::org.omg.xmi.nsURI. This element has the following type: Tag." />
  <Warning Timestamp="2011-05-01T14:09:51" LineNumber="75" LinePosition="7" Importance="Medium" Text="Cannot create the following element: EA_Model::EA Model::Sequence Diagrams::EA_Collaboration1::Property. The element cannot be nested inside the following type: Package." />
  <Warning Timestamp="2011-05-01T14:09:51" LineNumber="76" LinePosition="7" Importance="Medium" Text="Cannot create the following element: EA_Model::EA Model::Sequence Diagrams::EA_Collaboration1::Property. The element cannot be nested inside the following type: Package." />
  <Warning Timestamp="2011-05-01T14:09:51" LineNumber="77" LinePosition="7" Importance="Medium" Text="Cannot create the following element: EA_Model::EA Model::Sequence Diagrams::EA_Collaboration1::Property. The element cannot be nested inside the following type: Package." />
  <Warning Timestamp="2011-05-01T14:09:51" LineNumber="645" LinePosition="7" Importance="Medium" Text="The following DataType element is not supported and will be imported as a Class: PrimitiveType." />
  <Warning Timestamp="2011-05-01T14:09:51" LineNumber="650" LinePosition="7" Importance="Medium" Text="The following DataType element is not supported and will be imported as a Class: PrimitiveType." />
  <Warning Timestamp="2011-05-01T14:09:51" LineNumber="99" LinePosition="4" Importance="Medium" Text="Cannot import the following stereotype because the element that the stereotype references cannot be found: EA_Model::enumeration." />
  <Warning Timestamp="2011-05-01T14:09:51" LineNumber="100" LinePosition="4" Importance="Medium" Text="Cannot apply the following stereotype: EA_Model::enum. The target element has the following unsupported type: EnumerationLiteral." />
  <Warning Timestamp="2011-05-01T14:09:51" LineNumber="101" LinePosition="4" Importance="Medium" Text="Cannot apply the following stereotype: EA_Model::enum. The target element has the following unsupported type: EnumerationLiteral." />
  <Warning Timestamp="2011-05-01T14:09:51" LineNumber="102" LinePosition="4" Importance="Medium" Text="Cannot apply the following stereotype: EA_Model::enum. The target element has the following unsupported type: EnumerationLiteral." />
  <Warning Timestamp="2011-05-01T14:09:51" LineNumber="103" LinePosition="4" Importance="Medium" Text="Cannot import the following stereotype because the element that the stereotype references cannot be found: EA_Model::interface." />
  <Message Timestamp="2011-05-01T14:09:51" LineNumber="69" LinePosition="9" Importance="Diagnostic" Text="The following element was not imported: EA_Model::EA Model::Sequence Diagrams::EA_Collaboration1::EA_Interaction1::Query Support Topics::search criteria. This element has the following type: LiteralString." />
  <Message Timestamp="2011-05-01T14:09:51" LineNumber="99" LinePosition="4" Importance="Diagnostic" Text="The following element was not imported: EA_Model::enumeration. This element has the following type: enumeration." />
  <Message Timestamp="2011-05-01T14:09:51" LineNumber="100" LinePosition="4" Importance="Diagnostic" Text="The following element was not imported: EA_Model::enum. This element has the following type: enum." />
  <Message Timestamp="2011-05-01T14:09:51" LineNumber="101" LinePosition="4" Importance="Diagnostic" Text="The following element was not imported: EA_Model::enum. This element has the following type: enum." />
  <Message Timestamp="2011-05-01T14:09:51" LineNumber="102" LinePosition="4" Importance="Diagnostic" Text="The following element was not imported: EA_Model::enum. This element has the following type: enum." />
  <Message Timestamp="2011-05-01T14:09:51" LineNumber="103" LinePosition="4" Importance="Diagnostic" Text="The following element was not imported: EA_Model::interface. This element has the following type: interface." />
  <Message Timestamp="2011-05-01T14:09:51" LineNumber="659" LinePosition="5" Importance="Diagnostic" Text="The following element was not imported: thecustomprofile::org.omg.xmi.nsPrefix. This element has the following type: Tag." />
  <Message Timestamp="2011-05-01T14:09:51" LineNumber="659" LinePosition="5" Importance="Diagnostic" Text="The following element was not imported: thecustomprofile::org.omg.xmi.nsURI. This element has the following type: Tag." />
  <Message Timestamp="2011-05-01T14:09:51" LineNumber="683" LinePosition="5" Importance="Diagnostic" Text="The following element was not imported: EAUML::org.omg.xmi.nsPrefix. This element has the following type: Tag." />
  <Message Timestamp="2011-05-01T14:09:51" LineNumber="683" LinePosition="5" Importance="Diagnostic" Text="The following element was not imported: EAUML::org.omg.xmi.nsURI. This element has the following type: Tag." />
  <Message Timestamp="2011-05-01T14:09:51" Importance="High" Text="Number of imported elements: 70." />
  <Message Timestamp="2011-05-01T14:09:51" Importance="High" Text="Number of imported relationships: 4." />
  <Message Timestamp="2011-05-01T14:09:51" Importance="High" Text="Finished importing the XMI file." />
  <Message Timestamp="2011-05-01T14:09:51" Importance="High" Text="Warnings were logged during XMI import." />
</Log>