﻿<?xml version="1.0" encoding="utf-8" ?>
<InterceptorConfiguration xmlns="http://schemas.microsoft.com/BizTalkServer/2004/10/BAM/InterceptorConfiguration"
                          xmlns:wf="http://schemas.microsoft.com/BizTalkServer/2004/10/BAM/WorkflowInterceptorConfiguration"
                          xmlns:wcf="http://schemas.microsoft.com/BizTalkServer/2004/10/BAM/WcfInterceptorConfiguration">
  <EventSource Name="MyWorkflow" Technology="WF" Manifest="WFandWCFInterceptors.Workflow1,WFandWCFInterceptors,Version=1.0.0.0, Culture=neutral, PublicKeyToken=null" />
 <EventSource Name="MyWCFService" Technology="WCF" Manifest="WFandWCFInterceptors.Workflow1,WFandWCFInterceptors,Version=1.0.0.0, Culture=neutral, PublicKeyToken=null" />
  <BamActivity Name="BamDemo">
    <!--WF activity-->
    <OnEvent IsBegin="true" Name="MyWorkflowEvent" Source="MyWorkflow">
      <Filter>
        <Expression>
          <wf:Operation Name="GetActivityEvent" />
          <Operation Name="Constant">
            <Argument>Closed</Argument>
          </Operation>
          <Operation Name="Equals" />
          <wf:Operation Name="GetActivityName" />
          <Operation Name="Constant">
            <Argument>trackedActivity</Argument>
          </Operation>
          <Operation Name="Equals" />
          <Operation Name="And" />
        </Expression>
      </Filter>
      
      <CorrelationID>
        <Expression>
          <wf:Operation Name="GetContextProperty">
            <wf:Argument>InstanceId</wf:Argument>
          </wf:Operation>
        </Expression>
      </CorrelationID>
      <Update DataItemName="StartTime" Type="DATETIME">
        <Expression>
          <wf:Operation Name="GetContextProperty">
            <wf:Argument>EventTime</wf:Argument>
          </wf:Operation>
        </Expression>
      </Update>
      <ContinuationToken>
        <Expression>
          <Operation Name="Constant">
            <Argument>WCF_</Argument>
          </Operation>
          <wf:Operation Name="GetWorkflowProperty">
            <wf:Argument>CustomerNumber</wf:Argument>
          </wf:Operation>
          <Operation Name="Concatenate"/>
        </Expression>
      </ContinuationToken>
    </OnEvent>
    
    <!-- WCF definition -->
    <OnEvent IsBegin="false" IsEnd="false" Name="WCFSend" Source="MyWCFService">
      <Filter>
        <Expression>
          <wcf:Operation Name="GetServiceContractCallPoint" />
          <Operation Name="Constant">
            <Argument>ClientRequest</Argument>
          </Operation>
          <Operation Name="Equals" />
          
        </Expression>
        
      </Filter>
      <CorrelationID>
        <Expression>
          <Operation Name="Constant">
            <Argument>WCF_</Argument>
          </Operation>
          <wcf:Operation Name="XPath">
            <wcf:Argument>//Order/CustomerNumber</wcf:Argument>
          </wcf:Operation>
          <Operation Name="Concatenate" />
        </Expression>
      </CorrelationID>
      <Update DataItemName="CheckPoint1" Type="INT">
        <Expression>
          <wcf:Operation Name="XPath">
            <wcf:Argument>//Order/@OrderID</wcf:Argument>
          </wcf:Operation>
        </Expression>
      </Update>
      <ContinuationToken>
        <Expression>
          <Operation Name="Constant">
            <Argument>Orch_</Argument>
          </Operation>
          <wcf:Operation Name="XPath">
            <wcf:Argument>//Order/CustomerNumber</wcf:Argument>
          </wcf:Operation>
          <Operation Name="Concatenate" />
        </Expression>
      </ContinuationToken>
    </OnEvent>
  </BamActivity>
</InterceptorConfiguration>
