<?xml version="1.0" encoding="utf-8"?>
<BindingInfo xmlns:xsi="http://www.w3.org/2001/XMLSchema-instance" xmlns:xsd="http://www.w3.org/2001/XMLSchema" Assembly="Microsoft.BizTalk.Deployment, Version=3.0.1.0, Culture=neutral, PublicKeyToken=31bf3856ad364e35" Version="3.5.1.0" BindingStatus="FullyBound" BoundEndpoints="3" TotalEndpoints="3">
  <Timestamp>2008-01-25T15:10:37.7091572-06:00</Timestamp>
  <ModuleRefCollection>
    <ModuleRef Name="[Application:OrderProcessing]" Version="" Culture="" PublicKeyToken="" FullName="[Application:OrderProcessing], Version=, Culture=, PublicKeyToken=">
      <Services />
      <TrackedSchemas>
        <Schema FullName="OrderProcessing.Schemas.OrderInternal" RootName="Order" AssemblyQualifiedName="OrderProcessing.Schemas.OrderInternal,OrderProcessing.Schemas, Version=1.0.0.0, Culture=neutral, PublicKeyToken=f974185b5db756e2" AlwaysTrackAllProperties="false">
          <TrackedPropertyNames />
        </Schema>
        <Schema FullName="OrderProcessing.Schemas.OrderShipping" RootName="OrderShipping" AssemblyQualifiedName="OrderProcessing.Schemas.OrderShipping,OrderProcessing.Schemas, Version=1.0.0.0, Culture=neutral, PublicKeyToken=f974185b5db756e2" AlwaysTrackAllProperties="false">
          <TrackedPropertyNames />
        </Schema>
        <Schema FullName="OrderProcessing.Schemas.OrderExternal" RootName="OrderExternal" AssemblyQualifiedName="OrderProcessing.Schemas.OrderExternal,OrderProcessing.Schemas, Version=1.0.0.0, Culture=neutral, PublicKeyToken=f974185b5db756e2" AlwaysTrackAllProperties="false">
          <TrackedPropertyNames />
        </Schema>
        <Schema FullName="OrderProcessing.Schemas.CommonTypes" RootName="Address" AssemblyQualifiedName="OrderProcessing.Schemas.CommonTypes,OrderProcessing.Schemas, Version=1.0.0.0, Culture=neutral, PublicKeyToken=f974185b5db756e2" AlwaysTrackAllProperties="false">
          <TrackedPropertyNames />
        </Schema>
        <Schema FullName="OrderProcessing.Schemas.CommonTypes" RootName="BillTo" AssemblyQualifiedName="OrderProcessing.Schemas.CommonTypes,OrderProcessing.Schemas, Version=1.0.0.0, Culture=neutral, PublicKeyToken=f974185b5db756e2" AlwaysTrackAllProperties="false">
          <TrackedPropertyNames />
        </Schema>
        <Schema FullName="OrderProcessing.Schemas.CommonTypes" RootName="Item" AssemblyQualifiedName="OrderProcessing.Schemas.CommonTypes,OrderProcessing.Schemas, Version=1.0.0.0, Culture=neutral, PublicKeyToken=f974185b5db756e2" AlwaysTrackAllProperties="false">
          <TrackedPropertyNames />
        </Schema>
        <Schema FullName="OrderProcessing.Schemas.CommonTypes" RootName="LineItem" AssemblyQualifiedName="OrderProcessing.Schemas.CommonTypes,OrderProcessing.Schemas, Version=1.0.0.0, Culture=neutral, PublicKeyToken=f974185b5db756e2" AlwaysTrackAllProperties="false">
          <TrackedPropertyNames />
        </Schema>
        <Schema FullName="OrderProcessing.Schemas.CommonTypes" RootName="ShipTo" AssemblyQualifiedName="OrderProcessing.Schemas.CommonTypes,OrderProcessing.Schemas, Version=1.0.0.0, Culture=neutral, PublicKeyToken=f974185b5db756e2" AlwaysTrackAllProperties="false">
          <TrackedPropertyNames />
        </Schema>
        <Schema FullName="OrderProcessing.Schemas.OrderBilling" RootName="OrderBilling" AssemblyQualifiedName="OrderProcessing.Schemas.OrderBilling,OrderProcessing.Schemas, Version=1.0.0.0, Culture=neutral, PublicKeyToken=f974185b5db756e2" AlwaysTrackAllProperties="false">
          <TrackedPropertyNames />
        </Schema>
      </TrackedSchemas>
    </ModuleRef>
    <ModuleRef Name="OrderProcessing.Schemas" Version="1.0.0.0" Culture="neutral" PublicKeyToken="f974185b5db756e2" FullName="OrderProcessing.Schemas, Version=1.0.0.0, Culture=neutral, PublicKeyToken=f974185b5db756e2">
      <Services />
      <TrackedSchemas />
    </ModuleRef>
    <ModuleRef Name="OrderProcessing.Maps" Version="1.0.0.0" Culture="neutral" PublicKeyToken="f974185b5db756e2" FullName="OrderProcessing.Maps, Version=1.0.0.0, Culture=neutral, PublicKeyToken=f974185b5db756e2">
      <Services />
      <TrackedSchemas />
    </ModuleRef>
    <ModuleRef Name="Orchestrations" Version="1.0.0.0" Culture="neutral" PublicKeyToken="f974185b5db756e2" FullName="Orchestrations, Version=1.0.0.0, Culture=neutral, PublicKeyToken=f974185b5db756e2">
      <Services>
        <Service Name="Orchestrations.InternalOrderProcessing" State="Unenlisted" TrackingOption="ServiceStartEnd MessageSendReceive OrchestrationEvents">
          <Ports>
            <Port Name="OrderReceivePort" Modifier="2" BindingOption="1">
              <SendPortRef xsi:nil="true" />
              <DistributionListRef xsi:nil="true" />
              <ReceivePortRef Name="OrderProcessing" />
            </Port>
            <Port Name="ShippingPort" Modifier="1" BindingOption="1">
              <SendPortRef Name="Shipping_FILE" />
              <DistributionListRef xsi:nil="true" />
              <ReceivePortRef xsi:nil="true" />
            </Port>
            <Port Name="BillingPort" Modifier="1" BindingOption="1">
              <SendPortRef Name="Billing_FILE" />
              <DistributionListRef xsi:nil="true" />
              <ReceivePortRef xsi:nil="true" />
            </Port>
          </Ports>
          <Roles />
          <Host Name="BizTalkServerApplication" NTGroupName="BizTalk Application Users" Type="1" Trusted="false" />
        </Service>
      </Services>
      <TrackedSchemas />
    </ModuleRef>
  </ModuleRefCollection>
  <SendPortCollection>
    <SendPort Name="Shipping_FILE" IsStatic="true" IsTwoWay="false" BindingOption="1">
      <Description xsi:nil="true" />
      <TransmitPipeline Name="Microsoft.BizTalk.DefaultPipelines.XMLTransmit" FullyQualifiedName="Microsoft.BizTalk.DefaultPipelines.XMLTransmit, Microsoft.BizTalk.DefaultPipelines, Version=3.0.1.0, Culture=neutral, PublicKeyToken=31bf3856ad364e35" Type="2" TrackingOption="ServiceStartEnd MessageSendReceive PipelineEvents" Description="" />
      <PrimaryTransport>
        <Address>C:\demos\output\OrderProcessing\Shipping\%MessageID%.xml</Address>
        <TransportType Name="FILE" Capabilities="11" ConfigurationClsid="5e49e3a6-b4fc-4077-b44c-22f34a242fdb" />
        <TransportTypeData>&lt;CustomProps&gt;&lt;UseTempFileOnWrite vt="11"&gt;0&lt;/UseTempFileOnWrite&gt;&lt;CopyMode vt="19"&gt;1&lt;/CopyMode&gt;&lt;FileName vt="8"&gt;%MessageID%.xml&lt;/FileName&gt;&lt;AllowCacheOnWrite vt="11"&gt;0&lt;/AllowCacheOnWrite&gt;&lt;/CustomProps&gt;</TransportTypeData>
        <RetryCount>3</RetryCount>
        <RetryInterval>5</RetryInterval>
        <ServiceWindowEnabled>false</ServiceWindowEnabled>
        <FromTime>2000-01-01T07:00:00</FromTime>
        <ToTime>2000-01-01T06:59:59</ToTime>
        <Primary>true</Primary>
        <OrderedDelivery>false</OrderedDelivery>
        <DeliveryNotification>1</DeliveryNotification>
        <SendHandler Name="BizTalkServerApplication" HostTrusted="false">
          <TransportType Name="FILE" Capabilities="11" ConfigurationClsid="5e49e3a6-b4fc-4077-b44c-22f34a242fdb" />
        </SendHandler>
      </PrimaryTransport>
      <SecondaryTransport>
        <Address />
        <RetryCount>3</RetryCount>
        <RetryInterval>5</RetryInterval>
        <ServiceWindowEnabled>false</ServiceWindowEnabled>
        <FromTime>2000-01-01T07:00:00</FromTime>
        <ToTime>2000-01-01T06:59:59</ToTime>
        <Primary>false</Primary>
        <OrderedDelivery>false</OrderedDelivery>
        <DeliveryNotification>1</DeliveryNotification>
        <SendHandler xsi:nil="true" />
      </SecondaryTransport>
      <ReceivePipelineData xsi:nil="true" />
      <Tracking>0</Tracking>
      <Filter />
      <Transforms />
      <OrderedDelivery>false</OrderedDelivery>
      <Priority>5</Priority>
      <StopSendingOnFailure>false</StopSendingOnFailure>
      <RouteFailedMessage>false</RouteFailedMessage>
      <ApplicationName>OrderProcessing</ApplicationName>
    </SendPort>
    <SendPort Name="Billing_FILE" IsStatic="true" IsTwoWay="false" BindingOption="1">
      <Description xsi:nil="true" />
      <TransmitPipeline Name="Microsoft.BizTalk.DefaultPipelines.XMLTransmit" FullyQualifiedName="Microsoft.BizTalk.DefaultPipelines.XMLTransmit, Microsoft.BizTalk.DefaultPipelines, Version=3.0.1.0, Culture=neutral, PublicKeyToken=31bf3856ad364e35" Type="2" TrackingOption="ServiceStartEnd MessageSendReceive PipelineEvents" Description="" />
      <PrimaryTransport>
        <Address>C:\demos\output\OrderProcessing\Billing\%MessageID%.xml</Address>
        <TransportType Name="FILE" Capabilities="11" ConfigurationClsid="5e49e3a6-b4fc-4077-b44c-22f34a242fdb" />
        <TransportTypeData>&lt;CustomProps&gt;&lt;UseTempFileOnWrite vt="11"&gt;0&lt;/UseTempFileOnWrite&gt;&lt;CopyMode vt="19"&gt;1&lt;/CopyMode&gt;&lt;FileName vt="8"&gt;%MessageID%.xml&lt;/FileName&gt;&lt;AllowCacheOnWrite vt="11"&gt;0&lt;/AllowCacheOnWrite&gt;&lt;/CustomProps&gt;</TransportTypeData>
        <RetryCount>3</RetryCount>
        <RetryInterval>5</RetryInterval>
        <ServiceWindowEnabled>false</ServiceWindowEnabled>
        <FromTime>2000-01-01T07:00:00</FromTime>
        <ToTime>2000-01-01T06:59:59</ToTime>
        <Primary>true</Primary>
        <OrderedDelivery>false</OrderedDelivery>
        <DeliveryNotification>1</DeliveryNotification>
        <SendHandler Name="BizTalkServerApplication" HostTrusted="false">
          <TransportType Name="FILE" Capabilities="11" ConfigurationClsid="5e49e3a6-b4fc-4077-b44c-22f34a242fdb" />
        </SendHandler>
      </PrimaryTransport>
      <SecondaryTransport>
        <Address />
        <RetryCount>3</RetryCount>
        <RetryInterval>5</RetryInterval>
        <ServiceWindowEnabled>false</ServiceWindowEnabled>
        <FromTime>2000-01-01T07:00:00</FromTime>
        <ToTime>2000-01-01T06:59:59</ToTime>
        <Primary>false</Primary>
        <OrderedDelivery>false</OrderedDelivery>
        <DeliveryNotification>1</DeliveryNotification>
        <SendHandler xsi:nil="true" />
      </SecondaryTransport>
      <ReceivePipelineData xsi:nil="true" />
      <Tracking>0</Tracking>
      <Filter />
      <Transforms>
        <Transform FullName="OrderProcessing.Maps.OrderToBilling" AssemblyQualifiedName="OrderProcessing.Maps.OrderToBilling,OrderProcessing.Maps, Version=1.0.0.0, Culture=neutral, PublicKeyToken=f974185b5db756e2" />
      </Transforms>
      <OrderedDelivery>false</OrderedDelivery>
      <Priority>5</Priority>
      <StopSendingOnFailure>false</StopSendingOnFailure>
      <RouteFailedMessage>false</RouteFailedMessage>
      <ApplicationName>OrderProcessing</ApplicationName>
    </SendPort>
  </SendPortCollection>
  <DistributionListCollection />
  <ReceivePortCollection>
    <ReceivePort Name="OrderProcessing" IsTwoWay="false" BindingOption="1">
      <Description xsi:nil="true" />
      <ReceiveLocations>
        <ReceiveLocation Name="OrderProcessing_FILE">
          <Description xsi:nil="true" />
          <Address>c:\demos\input\orderprocessing\*.xml</Address>
          <PublicAddress>c:\demos\input\orderprocessing\*.xml</PublicAddress>
          <Primary>true</Primary>
          <ReceiveLocationServiceWindowEnabled>false</ReceiveLocationServiceWindowEnabled>
          <ReceiveLocationFromTime>2000-01-01T07:00:00</ReceiveLocationFromTime>
          <ReceiveLocationToTime>2000-01-01T06:59:59</ReceiveLocationToTime>
          <ReceiveLocationStartDateEnabled>false</ReceiveLocationStartDateEnabled>
          <ReceiveLocationStartDate>2006-05-23T00:00:00</ReceiveLocationStartDate>
          <ReceiveLocationEndDateEnabled>false</ReceiveLocationEndDateEnabled>
          <ReceiveLocationEndDate>2006-05-24T23:59:59</ReceiveLocationEndDate>
          <ReceiveLocationTransportType Name="FILE" Capabilities="11" ConfigurationClsid="5e49e3a6-b4fc-4077-b44c-22f34a242fdb" />
          <ReceiveLocationTransportTypeData>&lt;CustomProps&gt;&lt;RemoveReceivedFileRetryCount vt="19"&gt;5&lt;/RemoveReceivedFileRetryCount&gt;&lt;RemoveReceivedFileMaxInterval vt="19"&gt;300000&lt;/RemoveReceivedFileMaxInterval&gt;&lt;FileMask vt="8"&gt;*.xml&lt;/FileMask&gt;&lt;BatchSizeInBytes vt="19"&gt;102400&lt;/BatchSizeInBytes&gt;&lt;PollingInterval vt="19"&gt;10000&lt;/PollingInterval&gt;&lt;BatchSize vt="19"&gt;20&lt;/BatchSize&gt;&lt;FileNetFailRetryInt vt="19"&gt;5&lt;/FileNetFailRetryInt&gt;&lt;RemoveReceivedFileDelay vt="19"&gt;10&lt;/RemoveReceivedFileDelay&gt;&lt;RenameReceivedFiles vt="11"&gt;0&lt;/RenameReceivedFiles&gt;&lt;FileNetFailRetryCount vt="19"&gt;5&lt;/FileNetFailRetryCount&gt;&lt;/CustomProps&gt;</ReceiveLocationTransportTypeData>
          <ReceivePipeline Name="Microsoft.BizTalk.DefaultPipelines.XMLReceive" FullyQualifiedName="Microsoft.BizTalk.DefaultPipelines.XMLReceive, Microsoft.BizTalk.DefaultPipelines, Version=3.0.1.0, Culture=neutral, PublicKeyToken=31bf3856ad364e35" Type="1" TrackingOption="ServiceStartEnd MessageSendReceive PipelineEvents" Description="" />
          <ReceivePipelineData xsi:nil="true" />
          <SendPipeline xsi:nil="true" />
          <SendPipelineData xsi:nil="true" />
          <Enable>false</Enable>
          <ReceiveHandler Name="BizTalkServerApplication" HostTrusted="false">
            <TransportType Name="FILE" Capabilities="11" ConfigurationClsid="5e49e3a6-b4fc-4077-b44c-22f34a242fdb" />
          </ReceiveHandler>
        </ReceiveLocation>
      </ReceiveLocations>
      <SendPipelineData xsi:nil="true" />
      <Authentication>0</Authentication>
      <Tracking>0</Tracking>
      <Transforms>
        <Transform FullName="OrderProcessing.Maps.ExternalToInternal" AssemblyQualifiedName="OrderProcessing.Maps.ExternalToInternal,OrderProcessing.Maps, Version=1.0.0.0, Culture=neutral, PublicKeyToken=f974185b5db756e2" />
      </Transforms>
      <RouteFailedMessage>false</RouteFailedMessage>
      <ApplicationName>OrderProcessing</ApplicationName>
    </ReceivePort>
  </ReceivePortCollection>
  <PartyCollection />
</BindingInfo>