﻿<ns0:OrderShipping xmlns:ns0="http://pluralsight.com/abts/ordershipment">
  <CustomerID>GREAL</CustomerID>
  <OrderID>127</OrderID>
  <PointOfContact>
    <NameAndTitle>Maria Anders</NameAndTitle>
    <Phone>030-0074321</Phone>
  </PointOfContact>
  <OrderDate>2009-12-16T17:01:28</OrderDate>
  <RequiredShipDate>2009-12-18</RequiredShipDate>
  <ShipAddress>
    <Street>12 Oak RoadApt 3</Street>
    <City>Wokingham</City>
    <Region>Berksrhire</Region>
    <PostalCode>12345-1234</PostalCode>
  </ShipAddress>
  <PackingSlip>
    <Item>
      <Sku>2</Sku>
      <Qty>3</Qty>
    </Item>
    <Item>
      <Sku>12</Sku>
      <Qty>2</Qty>
    </Item>
  </PackingSlip>
  <OrderTotal>84</OrderTotal>
</ns0:OrderShipping>