<inv:Invoice xmlns:inv="urn:www-company-com:invoices" >
   <inv:InvoiceID>1000</inv:InvoiceID>
   <inv:CustomerName>Jane Smith</inv:CustomerName>
   <inv:LineItems>
      <inv:LineItem>
         <inv:Sku>134</inv:Sku>
         <inv:Description>Cola</inv:Description>
         <inv:Price>0.95</inv:Price>
      </inv:LineItem>
      <inv:LineItem>
         <inv:Sku>285</inv:Sku>
         <inv:Description>Drinking Straw</inv:Description>
         <inv:Price>0.05</inv:Price>
      </inv:LineItem>
   </inv:LineItems>
</inv:Invoice>