﻿<?xml version="1.0" encoding="utf-8"?>
<?xml-stylesheet type="text/xsl" href="file:///C:/Program Files (x86)/Microsoft Visual Studio 10.0/Common7/IDE/Extensions/Microsoft/Visualization and Modeling Feature Pack/2.0/Logging/CodeGenLog.xslt"?>
<Log xmlns="http://schemas.microsoft.com/VisualStudio/2010/CodeGen.RE.Log">
  <Message Timestamp="2011-05-01T13:23:13" Importance="High" Text="Code generation or text transformation started." />
  <Message Timestamp="2011-05-01T13:23:13" Importance="Diagnostic" Text="Name = ClassTemplate" />
  <Message Timestamp="2011-05-01T13:23:13" Importance="Diagnostic" Text="Overwrite = True" />
  <Message Timestamp="2011-05-01T13:23:13" Importance="Diagnostic" Text="ProjectPath = ..\UmlModelingLib\UmlModelingLib.csproj" />
  <Message Timestamp="2011-05-01T13:23:13" Importance="Diagnostic" Text="TargetDirectory = GeneratedCode\{PackageStructure}" />
  <Message Timestamp="2011-05-01T13:23:13" Importance="Diagnostic" Text="TargetName = {Name}" />
  <Message Timestamp="2011-05-01T13:23:13" Importance="Diagnostic" Text="TemplateFilePath = C:\Program Files (x86)\Microsoft Visual Studio 10.0\Common7\IDE\Extensions\Microsoft\Visualization and Modeling Feature Pack\2.0\Templates\Text\ClassTemplate.t4" />
  <Message Timestamp="2011-05-01T13:23:13" Importance="Diagnostic" Text="ResolvedTemplateFilePath = C:\Program Files (x86)\Microsoft Visual Studio 10.0\Common7\IDE\Extensions\Microsoft\Visualization and Modeling Feature Pack\2.0\Templates\Text\ClassTemplate.t4" />
  <Message Timestamp="2011-05-01T13:23:13" Importance="Medium" Text="UmlModeling's Text Template Binding: 'ClassTemplate' will apply ClassTemplate.t4 to: 'UmlModeling::CoreComponents::Pet' -  (Class) " />
  <Message Timestamp="2011-05-01T13:23:14" Importance="Medium" Text="'UmlModeling::CoreComponents::Pet' -  (Class) : success (file replaced) - C:\Users\rseroter\documents\visual studio 2010\Projects\Pluralsight.UmlModeling\UmlModelingLib\GeneratedCode\CoreComponents\Pet.cs" />
  <Message Timestamp="2011-05-01T13:23:14" Importance="Diagnostic" Text="Name = StructTemplate" />
  <Message Timestamp="2011-05-01T13:23:14" Importance="Diagnostic" Text="Overwrite = True" />
  <Message Timestamp="2011-05-01T13:23:14" Importance="Diagnostic" Text="ProjectPath = ..\UmlModelingLib\UmlModelingLib.csproj" />
  <Message Timestamp="2011-05-01T13:23:14" Importance="Diagnostic" Text="TargetDirectory = GeneratedCode\{PackageStructure}" />
  <Message Timestamp="2011-05-01T13:23:14" Importance="Diagnostic" Text="TargetName = {Name}" />
  <Message Timestamp="2011-05-01T13:23:14" Importance="Diagnostic" Text="TemplateFilePath = C:\Program Files (x86)\Microsoft Visual Studio 10.0\Common7\IDE\Extensions\Microsoft\Visualization and Modeling Feature Pack\2.0\Templates\Text\StructTemplate.t4" />
  <Message Timestamp="2011-05-01T13:23:14" Importance="Diagnostic" Text="ResolvedTemplateFilePath = C:\Program Files (x86)\Microsoft Visual Studio 10.0\Common7\IDE\Extensions\Microsoft\Visualization and Modeling Feature Pack\2.0\Templates\Text\StructTemplate.t4" />
  <Message Timestamp="2011-05-01T13:23:14" Importance="Medium" Text="UmlModeling's Text Template Binding: 'StructTemplate' will apply StructTemplate.t4 to: 'UmlModeling::CoreComponents::Pet' -  (Class) " />
  <Message Timestamp="2011-05-01T13:23:14" Importance="Diagnostic" Text="'UmlModeling::CoreComponents::Pet' -  (Class): no file generated because the 'AppliesToElement' method of the template 'StructTemplate.t4' evaluated to false." />
  <Message Timestamp="2011-05-01T13:23:14" Importance="High" Text="Code generation complete. Errors: 0. Warnings: 0." />
</Log>